ISO-10303-21;
HEADER;
/* Generated by software containing ST-Developer
 * from STEP Tools, Inc. (www.steptools.com) 
 */
/* OPTION: using custom renumber hook */

FILE_DESCRIPTION(
/* description */ ('STEP AP242',
'CAx-IF Rec.Pracs.---Representation and Presentation of Product Manufa
cturing Information (PMI)---4.0---2014-10-13',
'CAx-IF Rec.Pracs.---3D Tessellated Geometry---0.4---2014-09-14','2;1'),

/* implementation_level */ '2;1');

FILE_NAME(
/* name */ 'Gear 3 ports - Spur gear (25 teeth)',
/* time_stamp */ '2025-05-08T22:06:58Z',
/* author */ (''),
/* organization */ (''),
/* preprocessor_version */ 'ST-DEVELOPER v20',
/* originating_system */ 'ONSHAPE BY PTC INC, 1.197',
/* authorisation */ '  ');

FILE_SCHEMA (('AP242_MANAGED_MODEL_BASED_3D_ENGINEERING_MIM_LF { 1 0 10303 442 1 1 4 }'));
ENDSEC;

DATA;
#10=SHAPE_REPRESENTATION_RELATIONSHIP('','',#2967,#11);
#11=ADVANCED_BREP_SHAPE_REPRESENTATION('',(#2965),#9049);
#12=DEGENERATE_TOROIDAL_SURFACE('',#3282,0.0035,0.004,.T.);
#13=B_SPLINE_SURFACE_WITH_KNOTS('',3,1,((#7859,#7860),(#7861,#7862),(#7863,
#7864),(#7865,#7866),(#7867,#7868),(#7869,#7870),(#7871,#7872),(#7873,#7874),
(#7875,#7876),(#7877,#7878)),.SURF_OF_LINEAR_EXTRUSION.,.F.,.F.,.F.,(4,
1,1,1,1,1,1,4),(2,2),(0.0536911673158187,0.110849052039952,0.168006936764085,
0.282322706212351,0.396638475660617,0.510954245108884,0.739585784005416,
0.968217322901949),(0.,1.),.UNSPECIFIED.);
#14=B_SPLINE_SURFACE_WITH_KNOTS('',3,1,((#7880,#7881),(#7882,#7883),(#7884,
#7885),(#7886,#7887),(#7888,#7889),(#7890,#7891),(#7892,#7893),(#7894,#7895),
(#7896,#7897),(#7898,#7899)),.SURF_OF_LINEAR_EXTRUSION.,.F.,.F.,.F.,(4,
1,1,1,1,1,1,4),(2,2),(0.0536911673158211,0.110849052039954,0.168006936764087,
0.282322706212353,0.396638475660619,0.510954245108885,0.739585784005417,
0.968217322901949),(0.,1.),.UNSPECIFIED.);
#15=B_SPLINE_SURFACE_WITH_KNOTS('',3,1,((#7906,#7907),(#7908,#7909),(#7910,
#7911),(#7912,#7913),(#7914,#7915),(#7916,#7917),(#7918,#7919),(#7920,#7921),
(#7922,#7923),(#7924,#7925)),.SURF_OF_LINEAR_EXTRUSION.,.F.,.F.,.F.,(4,
1,1,1,1,1,1,4),(2,2),(0.0536911673158202,0.110849052039953,0.168006936764086,
0.282322706212352,0.396638475660618,0.510954245108885,0.739585784005417,
0.968217322901949),(0.,1.),.UNSPECIFIED.);
#16=B_SPLINE_SURFACE_WITH_KNOTS('',3,1,((#7927,#7928),(#7929,#7930),(#7931,
#7932),(#7933,#7934),(#7935,#7936),(#7937,#7938),(#7939,#7940),(#7941,#7942),
(#7943,#7944),(#7945,#7946)),.SURF_OF_LINEAR_EXTRUSION.,.F.,.F.,.F.,(4,
1,1,1,1,1,1,4),(2,2),(0.0536911673158198,0.110849052039953,0.168006936764086,
0.282322706212352,0.396638475660618,0.510954245108884,0.739585784005417,
0.968217322901949),(0.,1.),.UNSPECIFIED.);
#17=B_SPLINE_SURFACE_WITH_KNOTS('',3,1,((#7953,#7954),(#7955,#7956),(#7957,
#7958),(#7959,#7960),(#7961,#7962),(#7963,#7964),(#7965,#7966),(#7967,#7968),
(#7969,#7970),(#7971,#7972)),.SURF_OF_LINEAR_EXTRUSION.,.F.,.F.,.F.,(4,
1,1,1,1,1,1,4),(2,2),(0.0536911673158186,0.110849052039952,0.168006936764085,
0.282322706212351,0.396638475660617,0.510954245108884,0.739585784005416,
0.968217322901949),(0.,1.),.UNSPECIFIED.);
#18=B_SPLINE_SURFACE_WITH_KNOTS('',3,1,((#7974,#7975),(#7976,#7977),(#7978,
#7979),(#7980,#7981),(#7982,#7983),(#7984,#7985),(#7986,#7987),(#7988,#7989),
(#7990,#7991),(#7992,#7993)),.SURF_OF_LINEAR_EXTRUSION.,.F.,.F.,.F.,(4,
1,1,1,1,1,1,4),(2,2),(0.0536911673158203,0.110849052039953,0.168006936764086,
0.282322706212353,0.396638475660619,0.510954245108885,0.739585784005417,
0.968217322901949),(0.,1.),.UNSPECIFIED.);
#19=B_SPLINE_SURFACE_WITH_KNOTS('',3,1,((#8000,#8001),(#8002,#8003),(#8004,
#8005),(#8006,#8007),(#8008,#8009),(#8010,#8011),(#8012,#8013),(#8014,#8015),
(#8016,#8017),(#8018,#8019)),.SURF_OF_LINEAR_EXTRUSION.,.F.,.F.,.F.,(4,
1,1,1,1,1,1,4),(2,2),(0.053691167315819,0.110849052039952,0.168006936764085,
0.282322706212352,0.396638475660618,0.510954245108884,0.739585784005417,
0.968217322901949),(0.,1.),.UNSPECIFIED.);
#20=B_SPLINE_SURFACE_WITH_KNOTS('',3,1,((#8021,#8022),(#8023,#8024),(#8025,
#8026),(#8027,#8028),(#8029,#8030),(#8031,#8032),(#8033,#8034),(#8035,#8036),
(#8037,#8038),(#8039,#8040)),.SURF_OF_LINEAR_EXTRUSION.,.F.,.F.,.F.,(4,
1,1,1,1,1,1,4),(2,2),(0.0536911673158205,0.110849052039954,0.168006936764087,
0.282322706212353,0.396638475660619,0.510954245108885,0.739585784005417,
0.968217322901949),(0.,1.),.UNSPECIFIED.);
#21=B_SPLINE_SURFACE_WITH_KNOTS('',3,1,((#8047,#8048),(#8049,#8050),(#8051,
#8052),(#8053,#8054),(#8055,#8056),(#8057,#8058),(#8059,#8060),(#8061,#8062),
(#8063,#8064),(#8065,#8066)),.SURF_OF_LINEAR_EXTRUSION.,.F.,.F.,.F.,(4,
1,1,1,1,1,1,4),(2,2),(0.0536911673158203,0.110849052039953,0.168006936764086,
0.282322706212353,0.396638475660619,0.510954245108885,0.739585784005417,
0.968217322901949),(0.,1.),.UNSPECIFIED.);
#22=B_SPLINE_SURFACE_WITH_KNOTS('',3,1,((#8068,#8069),(#8070,#8071),(#8072,
#8073),(#8074,#8075),(#8076,#8077),(#8078,#8079),(#8080,#8081),(#8082,#8083),
(#8084,#8085),(#8086,#8087)),.SURF_OF_LINEAR_EXTRUSION.,.F.,.F.,.F.,(4,
1,1,1,1,1,1,4),(2,2),(0.053691167315821,0.110849052039954,0.168006936764087,
0.282322706212353,0.396638475660619,0.510954245108885,0.739585784005417,
0.968217322901949),(0.,1.),.UNSPECIFIED.);
#23=B_SPLINE_SURFACE_WITH_KNOTS('',3,1,((#8094,#8095),(#8096,#8097),(#8098,
#8099),(#8100,#8101),(#8102,#8103),(#8104,#8105),(#8106,#8107),(#8108,#8109),
(#8110,#8111),(#8112,#8113)),.SURF_OF_LINEAR_EXTRUSION.,.F.,.F.,.F.,(4,
1,1,1,1,1,1,4),(2,2),(0.053691167315819,0.110849052039952,0.168006936764085,
0.282322706212351,0.396638475660618,0.510954245108884,0.739585784005417,
0.968217322901949),(0.,1.),.UNSPECIFIED.);
#24=B_SPLINE_SURFACE_WITH_KNOTS('',3,1,((#8115,#8116),(#8117,#8118),(#8119,
#8120),(#8121,#8122),(#8123,#8124),(#8125,#8126),(#8127,#8128),(#8129,#8130),
(#8131,#8132),(#8133,#8134)),.SURF_OF_LINEAR_EXTRUSION.,.F.,.F.,.F.,(4,
1,1,1,1,1,1,4),(2,2),(0.0536911673158211,0.110849052039954,0.168006936764087,
0.282322706212353,0.396638475660619,0.510954245108885,0.739585784005417,
0.968217322901949),(0.,1.),.UNSPECIFIED.);
#25=B_SPLINE_SURFACE_WITH_KNOTS('',3,1,((#8141,#8142),(#8143,#8144),(#8145,
#8146),(#8147,#8148),(#8149,#8150),(#8151,#8152),(#8153,#8154),(#8155,#8156),
(#8157,#8158),(#8159,#8160)),.SURF_OF_LINEAR_EXTRUSION.,.F.,.F.,.F.,(4,
1,1,1,1,1,1,4),(2,2),(0.0536911673158201,0.110849052039953,0.168006936764086,
0.282322706212352,0.396638475660618,0.510954245108885,0.739585784005417,
0.968217322901949),(0.,1.),.UNSPECIFIED.);
#26=B_SPLINE_SURFACE_WITH_KNOTS('',3,1,((#8162,#8163),(#8164,#8165),(#8166,
#8167),(#8168,#8169),(#8170,#8171),(#8172,#8173),(#8174,#8175),(#8176,#8177),
(#8178,#8179),(#8180,#8181)),.SURF_OF_LINEAR_EXTRUSION.,.F.,.F.,.F.,(4,
1,1,1,1,1,1,4),(2,2),(0.0536911673158214,0.110849052039954,0.168006936764087,
0.282322706212353,0.396638475660619,0.510954245108885,0.739585784005417,
0.968217322901949),(0.,1.),.UNSPECIFIED.);
#27=B_SPLINE_SURFACE_WITH_KNOTS('',3,1,((#8188,#8189),(#8190,#8191),(#8192,
#8193),(#8194,#8195),(#8196,#8197),(#8198,#8199),(#8200,#8201),(#8202,#8203),
(#8204,#8205),(#8206,#8207)),.SURF_OF_LINEAR_EXTRUSION.,.F.,.F.,.F.,(4,
1,1,1,1,1,1,4),(2,2),(0.0536911673158195,0.110849052039953,0.168006936764086,
0.282322706212352,0.396638475660618,0.510954245108884,0.739585784005417,
0.968217322901949),(0.,1.),.UNSPECIFIED.);
#28=B_SPLINE_SURFACE_WITH_KNOTS('',3,1,((#8209,#8210),(#8211,#8212),(#8213,
#8214),(#8215,#8216),(#8217,#8218),(#8219,#8220),(#8221,#8222),(#8223,#8224),
(#8225,#8226),(#8227,#8228)),.SURF_OF_LINEAR_EXTRUSION.,.F.,.F.,.F.,(4,
1,1,1,1,1,1,4),(2,2),(0.0536911673158204,0.110849052039953,0.168006936764086,
0.282322706212353,0.396638475660619,0.510954245108885,0.739585784005417,
0.968217322901949),(0.,1.),.UNSPECIFIED.);
#29=B_SPLINE_SURFACE_WITH_KNOTS('',3,1,((#8235,#8236),(#8237,#8238),(#8239,
#8240),(#8241,#8242),(#8243,#8244),(#8245,#8246),(#8247,#8248),(#8249,#8250),
(#8251,#8252),(#8253,#8254)),.SURF_OF_LINEAR_EXTRUSION.,.F.,.F.,.F.,(4,
1,1,1,1,1,1,4),(2,2),(0.0536911673158206,0.110849052039954,0.168006936764087,
0.282322706212353,0.396638475660619,0.510954245108885,0.739585784005417,
0.968217322901949),(0.,1.),.UNSPECIFIED.);
#30=B_SPLINE_SURFACE_WITH_KNOTS('',3,1,((#8256,#8257),(#8258,#8259),(#8260,
#8261),(#8262,#8263),(#8264,#8265),(#8266,#8267),(#8268,#8269),(#8270,#8271),
(#8272,#8273),(#8274,#8275)),.SURF_OF_LINEAR_EXTRUSION.,.F.,.F.,.F.,(4,
1,1,1,1,1,1,4),(2,2),(0.0536911673158196,0.110849052039953,0.168006936764086,
0.282322706212352,0.396638475660618,0.510954245108884,0.739585784005417,
0.968217322901949),(0.,1.),.UNSPECIFIED.);
#31=B_SPLINE_SURFACE_WITH_KNOTS('',3,1,((#8282,#8283),(#8284,#8285),(#8286,
#8287),(#8288,#8289),(#8290,#8291),(#8292,#8293),(#8294,#8295),(#8296,#8297),
(#8298,#8299),(#8300,#8301)),.SURF_OF_LINEAR_EXTRUSION.,.F.,.F.,.F.,(4,
1,1,1,1,1,1,4),(2,2),(0.0536911673158204,0.110849052039953,0.168006936764087,
0.282322706212353,0.396638475660619,0.510954245108885,0.739585784005417,
0.968217322901949),(0.,1.),.UNSPECIFIED.);
#32=B_SPLINE_SURFACE_WITH_KNOTS('',3,1,((#8303,#8304),(#8305,#8306),(#8307,
#8308),(#8309,#8310),(#8311,#8312),(#8313,#8314),(#8315,#8316),(#8317,#8318),
(#8319,#8320),(#8321,#8322)),.SURF_OF_LINEAR_EXTRUSION.,.F.,.F.,.F.,(4,
1,1,1,1,1,1,4),(2,2),(0.0536911673158207,0.110849052039954,0.168006936764087,
0.282322706212353,0.396638475660619,0.510954245108885,0.739585784005417,
0.968217322901949),(0.,1.),.UNSPECIFIED.);
#33=B_SPLINE_SURFACE_WITH_KNOTS('',3,1,((#8329,#8330),(#8331,#8332),(#8333,
#8334),(#8335,#8336),(#8337,#8338),(#8339,#8340),(#8341,#8342),(#8343,#8344),
(#8345,#8346),(#8347,#8348)),.SURF_OF_LINEAR_EXTRUSION.,.F.,.F.,.F.,(4,
1,1,1,1,1,1,4),(2,2),(0.0536911673158209,0.110849052039954,0.168006936764087,
0.282322706212353,0.396638475660619,0.510954245108885,0.739585784005417,
0.968217322901949),(0.,1.),.UNSPECIFIED.);
#34=B_SPLINE_SURFACE_WITH_KNOTS('',3,1,((#8350,#8351),(#8352,#8353),(#8354,
#8355),(#8356,#8357),(#8358,#8359),(#8360,#8361),(#8362,#8363),(#8364,#8365),
(#8366,#8367),(#8368,#8369)),.SURF_OF_LINEAR_EXTRUSION.,.F.,.F.,.F.,(4,
1,1,1,1,1,1,4),(2,2),(0.0536911673158209,0.110849052039954,0.168006936764087,
0.282322706212353,0.396638475660619,0.510954245108885,0.739585784005417,
0.968217322901949),(0.,1.),.UNSPECIFIED.);
#35=B_SPLINE_SURFACE_WITH_KNOTS('',3,1,((#8376,#8377),(#8378,#8379),(#8380,
#8381),(#8382,#8383),(#8384,#8385),(#8386,#8387),(#8388,#8389),(#8390,#8391),
(#8392,#8393),(#8394,#8395)),.SURF_OF_LINEAR_EXTRUSION.,.F.,.F.,.F.,(4,
1,1,1,1,1,1,4),(2,2),(0.0536911673158205,0.110849052039954,0.168006936764087,
0.282322706212353,0.396638475660619,0.510954245108885,0.739585784005417,
0.968217322901949),(0.,1.),.UNSPECIFIED.);
#36=B_SPLINE_SURFACE_WITH_KNOTS('',3,1,((#8397,#8398),(#8399,#8400),(#8401,
#8402),(#8403,#8404),(#8405,#8406),(#8407,#8408),(#8409,#8410),(#8411,#8412),
(#8413,#8414),(#8415,#8416)),.SURF_OF_LINEAR_EXTRUSION.,.F.,.F.,.F.,(4,
1,1,1,1,1,1,4),(2,2),(0.0536911673158211,0.110849052039954,0.168006936764087,
0.282322706212353,0.396638475660619,0.510954245108885,0.739585784005417,
0.968217322901949),(0.,1.),.UNSPECIFIED.);
#37=B_SPLINE_SURFACE_WITH_KNOTS('',3,1,((#8423,#8424),(#8425,#8426),(#8427,
#8428),(#8429,#8430),(#8431,#8432),(#8433,#8434),(#8435,#8436),(#8437,#8438),
(#8439,#8440),(#8441,#8442)),.SURF_OF_LINEAR_EXTRUSION.,.F.,.F.,.F.,(4,
1,1,1,1,1,1,4),(2,2),(0.0536911673158216,0.110849052039955,0.168006936764088,
0.282322706212354,0.396638475660619,0.510954245108885,0.739585784005417,
0.968217322901949),(0.,1.),.UNSPECIFIED.);
#38=B_SPLINE_SURFACE_WITH_KNOTS('',3,1,((#8444,#8445),(#8446,#8447),(#8448,
#8449),(#8450,#8451),(#8452,#8453),(#8454,#8455),(#8456,#8457),(#8458,#8459),
(#8460,#8461),(#8462,#8463)),.SURF_OF_LINEAR_EXTRUSION.,.F.,.F.,.F.,(4,
1,1,1,1,1,1,4),(2,2),(0.0536911673158201,0.110849052039953,0.168006936764086,
0.282322706212352,0.396638475660618,0.510954245108885,0.739585784005417,
0.968217322901949),(0.,1.),.UNSPECIFIED.);
#39=B_SPLINE_SURFACE_WITH_KNOTS('',3,1,((#8470,#8471),(#8472,#8473),(#8474,
#8475),(#8476,#8477),(#8478,#8479),(#8480,#8481),(#8482,#8483),(#8484,#8485),
(#8486,#8487),(#8488,#8489)),.SURF_OF_LINEAR_EXTRUSION.,.F.,.F.,.F.,(4,
1,1,1,1,1,1,4),(2,2),(0.053691167315821,0.110849052039954,0.168006936764087,
0.282322706212353,0.396638475660619,0.510954245108885,0.739585784005417,
0.968217322901949),(0.,1.),.UNSPECIFIED.);
#40=B_SPLINE_SURFACE_WITH_KNOTS('',3,1,((#8491,#8492),(#8493,#8494),(#8495,
#8496),(#8497,#8498),(#8499,#8500),(#8501,#8502),(#8503,#8504),(#8505,#8506),
(#8507,#8508),(#8509,#8510)),.SURF_OF_LINEAR_EXTRUSION.,.F.,.F.,.F.,(4,
1,1,1,1,1,1,4),(2,2),(0.0536911673158212,0.110849052039954,0.168006936764087,
0.282322706212353,0.396638475660619,0.510954245108885,0.739585784005417,
0.968217322901949),(0.,1.),.UNSPECIFIED.);
#41=B_SPLINE_SURFACE_WITH_KNOTS('',3,1,((#8517,#8518),(#8519,#8520),(#8521,
#8522),(#8523,#8524),(#8525,#8526),(#8527,#8528),(#8529,#8530),(#8531,#8532),
(#8533,#8534),(#8535,#8536)),.SURF_OF_LINEAR_EXTRUSION.,.F.,.F.,.F.,(4,
1,1,1,1,1,1,4),(2,2),(0.0536911673158214,0.110849052039954,0.168006936764087,
0.282322706212353,0.396638475660619,0.510954245108885,0.739585784005417,
0.968217322901949),(0.,1.),.UNSPECIFIED.);
#42=B_SPLINE_SURFACE_WITH_KNOTS('',3,1,((#8538,#8539),(#8540,#8541),(#8542,
#8543),(#8544,#8545),(#8546,#8547),(#8548,#8549),(#8550,#8551),(#8552,#8553),
(#8554,#8555),(#8556,#8557)),.SURF_OF_LINEAR_EXTRUSION.,.F.,.F.,.F.,(4,
1,1,1,1,1,1,4),(2,2),(0.0536911673158201,0.110849052039953,0.168006936764086,
0.282322706212352,0.396638475660618,0.510954245108885,0.739585784005417,
0.968217322901949),(0.,1.),.UNSPECIFIED.);
#43=B_SPLINE_SURFACE_WITH_KNOTS('',3,1,((#8564,#8565),(#8566,#8567),(#8568,
#8569),(#8570,#8571),(#8572,#8573),(#8574,#8575),(#8576,#8577),(#8578,#8579),
(#8580,#8581),(#8582,#8583)),.SURF_OF_LINEAR_EXTRUSION.,.F.,.F.,.F.,(4,
1,1,1,1,1,1,4),(2,2),(0.0536911673158203,0.110849052039953,0.168006936764086,
0.282322706212353,0.396638475660619,0.510954245108885,0.739585784005417,
0.968217322901949),(0.,1.),.UNSPECIFIED.);
#44=B_SPLINE_SURFACE_WITH_KNOTS('',3,1,((#8585,#8586),(#8587,#8588),(#8589,
#8590),(#8591,#8592),(#8593,#8594),(#8595,#8596),(#8597,#8598),(#8599,#8600),
(#8601,#8602),(#8603,#8604)),.SURF_OF_LINEAR_EXTRUSION.,.F.,.F.,.F.,(4,
1,1,1,1,1,1,4),(2,2),(0.0536911673158198,0.110849052039953,0.168006936764086,
0.282322706212352,0.396638475660618,0.510954245108884,0.739585784005417,
0.968217322901949),(0.,1.),.UNSPECIFIED.);
#45=B_SPLINE_SURFACE_WITH_KNOTS('',3,1,((#8611,#8612),(#8613,#8614),(#8615,
#8616),(#8617,#8618),(#8619,#8620),(#8621,#8622),(#8623,#8624),(#8625,#8626),
(#8627,#8628),(#8629,#8630)),.SURF_OF_LINEAR_EXTRUSION.,.F.,.F.,.F.,(4,
1,1,1,1,1,1,4),(2,2),(0.0536911673158206,0.110849052039954,0.168006936764087,
0.282322706212353,0.396638475660619,0.510954245108885,0.739585784005417,
0.968217322901949),(0.,1.),.UNSPECIFIED.);
#46=B_SPLINE_SURFACE_WITH_KNOTS('',3,1,((#8632,#8633),(#8634,#8635),(#8636,
#8637),(#8638,#8639),(#8640,#8641),(#8642,#8643),(#8644,#8645),(#8646,#8647),
(#8648,#8649),(#8650,#8651)),.SURF_OF_LINEAR_EXTRUSION.,.F.,.F.,.F.,(4,
1,1,1,1,1,1,4),(2,2),(0.0536911673158198,0.110849052039953,0.168006936764086,
0.282322706212352,0.396638475660618,0.510954245108884,0.739585784005417,
0.968217322901949),(0.,1.),.UNSPECIFIED.);
#47=B_SPLINE_SURFACE_WITH_KNOTS('',3,1,((#8658,#8659),(#8660,#8661),(#8662,
#8663),(#8664,#8665),(#8666,#8667),(#8668,#8669),(#8670,#8671),(#8672,#8673),
(#8674,#8675),(#8676,#8677)),.SURF_OF_LINEAR_EXTRUSION.,.F.,.F.,.F.,(4,
1,1,1,1,1,1,4),(2,2),(0.0536911673158195,0.110849052039953,0.168006936764086,
0.282322706212352,0.396638475660618,0.510954245108884,0.739585784005417,
0.968217322901949),(0.,1.),.UNSPECIFIED.);
#48=B_SPLINE_SURFACE_WITH_KNOTS('',3,1,((#8679,#8680),(#8681,#8682),(#8683,
#8684),(#8685,#8686),(#8687,#8688),(#8689,#8690),(#8691,#8692),(#8693,#8694),
(#8695,#8696),(#8697,#8698)),.SURF_OF_LINEAR_EXTRUSION.,.F.,.F.,.F.,(4,
1,1,1,1,1,1,4),(2,2),(0.0536911673158207,0.110849052039954,0.168006936764087,
0.282322706212353,0.396638475660619,0.510954245108885,0.739585784005417,
0.968217322901949),(0.,1.),.UNSPECIFIED.);
#49=B_SPLINE_SURFACE_WITH_KNOTS('',3,1,((#8705,#8706),(#8707,#8708),(#8709,
#8710),(#8711,#8712),(#8713,#8714),(#8715,#8716),(#8717,#8718),(#8719,#8720),
(#8721,#8722),(#8723,#8724)),.SURF_OF_LINEAR_EXTRUSION.,.F.,.F.,.F.,(4,
1,1,1,1,1,1,4),(2,2),(0.0536911673158201,0.110849052039953,0.168006936764086,
0.282322706212352,0.396638475660618,0.510954245108885,0.739585784005417,
0.968217322901949),(0.,1.),.UNSPECIFIED.);
#50=B_SPLINE_SURFACE_WITH_KNOTS('',3,1,((#8726,#8727),(#8728,#8729),(#8730,
#8731),(#8732,#8733),(#8734,#8735),(#8736,#8737),(#8738,#8739),(#8740,#8741),
(#8742,#8743),(#8744,#8745)),.SURF_OF_LINEAR_EXTRUSION.,.F.,.F.,.F.,(4,
1,1,1,1,1,1,4),(2,2),(0.0536911673158208,0.110849052039954,0.168006936764087,
0.282322706212353,0.396638475660619,0.510954245108885,0.739585784005417,
0.968217322901949),(0.,1.),.UNSPECIFIED.);
#51=B_SPLINE_SURFACE_WITH_KNOTS('',3,1,((#8752,#8753),(#8754,#8755),(#8756,
#8757),(#8758,#8759),(#8760,#8761),(#8762,#8763),(#8764,#8765),(#8766,#8767),
(#8768,#8769),(#8770,#8771)),.SURF_OF_LINEAR_EXTRUSION.,.F.,.F.,.F.,(4,
1,1,1,1,1,1,4),(2,2),(0.0536911673158199,0.110849052039953,0.168006936764086,
0.282322706212352,0.396638475660618,0.510954245108884,0.739585784005417,
0.968217322901949),(0.,1.),.UNSPECIFIED.);
#52=B_SPLINE_SURFACE_WITH_KNOTS('',3,1,((#8773,#8774),(#8775,#8776),(#8777,
#8778),(#8779,#8780),(#8781,#8782),(#8783,#8784),(#8785,#8786),(#8787,#8788),
(#8789,#8790),(#8791,#8792)),.SURF_OF_LINEAR_EXTRUSION.,.F.,.F.,.F.,(4,
1,1,1,1,1,1,4),(2,2),(0.0536911673158213,0.110849052039954,0.168006936764087,
0.282322706212353,0.396638475660619,0.510954245108885,0.739585784005417,
0.968217322901949),(0.,1.),.UNSPECIFIED.);
#53=B_SPLINE_SURFACE_WITH_KNOTS('',3,1,((#8799,#8800),(#8801,#8802),(#8803,
#8804),(#8805,#8806),(#8807,#8808),(#8809,#8810),(#8811,#8812),(#8813,#8814),
(#8815,#8816),(#8817,#8818)),.SURF_OF_LINEAR_EXTRUSION.,.F.,.F.,.F.,(4,
1,1,1,1,1,1,4),(2,2),(0.0536911673158198,0.110849052039953,0.168006936764086,
0.282322706212352,0.396638475660618,0.510954245108884,0.739585784005417,
0.968217322901949),(0.,1.),.UNSPECIFIED.);
#54=B_SPLINE_SURFACE_WITH_KNOTS('',3,1,((#8820,#8821),(#8822,#8823),(#8824,
#8825),(#8826,#8827),(#8828,#8829),(#8830,#8831),(#8832,#8833),(#8834,#8835),
(#8836,#8837),(#8838,#8839)),.SURF_OF_LINEAR_EXTRUSION.,.F.,.F.,.F.,(4,
1,1,1,1,1,1,4),(2,2),(0.053691167315821,0.110849052039954,0.168006936764087,
0.282322706212353,0.396638475660619,0.510954245108885,0.739585784005417,
0.968217322901949),(0.,1.),.UNSPECIFIED.);
#55=B_SPLINE_SURFACE_WITH_KNOTS('',3,1,((#8846,#8847),(#8848,#8849),(#8850,
#8851),(#8852,#8853),(#8854,#8855),(#8856,#8857),(#8858,#8859),(#8860,#8861),
(#8862,#8863),(#8864,#8865)),.SURF_OF_LINEAR_EXTRUSION.,.F.,.F.,.F.,(4,
1,1,1,1,1,1,4),(2,2),(0.053691167315821,0.110849052039954,0.168006936764087,
0.282322706212353,0.396638475660619,0.510954245108885,0.739585784005417,
0.968217322901949),(0.,1.),.UNSPECIFIED.);
#56=B_SPLINE_SURFACE_WITH_KNOTS('',3,1,((#8867,#8868),(#8869,#8870),(#8871,
#8872),(#8873,#8874),(#8875,#8876),(#8877,#8878),(#8879,#8880),(#8881,#8882),
(#8883,#8884),(#8885,#8886)),.SURF_OF_LINEAR_EXTRUSION.,.F.,.F.,.F.,(4,
1,1,1,1,1,1,4),(2,2),(0.0536911673158222,0.110849052039955,0.168006936764088,
0.282322706212354,0.39663847566062,0.510954245108886,0.739585784005417,
0.968217322901949),(0.,1.),.UNSPECIFIED.);
#57=B_SPLINE_SURFACE_WITH_KNOTS('',3,1,((#8893,#8894),(#8895,#8896),(#8897,
#8898),(#8899,#8900),(#8901,#8902),(#8903,#8904),(#8905,#8906),(#8907,#8908),
(#8909,#8910),(#8911,#8912)),.SURF_OF_LINEAR_EXTRUSION.,.F.,.F.,.F.,(4,
1,1,1,1,1,1,4),(2,2),(0.053691167315819,0.110849052039952,0.168006936764085,
0.282322706212352,0.396638475660618,0.510954245108884,0.739585784005417,
0.968217322901949),(0.,1.),.UNSPECIFIED.);
#58=B_SPLINE_SURFACE_WITH_KNOTS('',3,1,((#8914,#8915),(#8916,#8917),(#8918,
#8919),(#8920,#8921),(#8922,#8923),(#8924,#8925),(#8926,#8927),(#8928,#8929),
(#8930,#8931),(#8932,#8933)),.SURF_OF_LINEAR_EXTRUSION.,.F.,.F.,.F.,(4,
1,1,1,1,1,1,4),(2,2),(0.0536911673158202,0.110849052039953,0.168006936764086,
0.282322706212352,0.396638475660618,0.510954245108885,0.739585784005417,
0.968217322901949),(0.,1.),.UNSPECIFIED.);
#59=B_SPLINE_SURFACE_WITH_KNOTS('',3,1,((#8940,#8941),(#8942,#8943),(#8944,
#8945),(#8946,#8947),(#8948,#8949),(#8950,#8951),(#8952,#8953),(#8954,#8955),
(#8956,#8957),(#8958,#8959)),.SURF_OF_LINEAR_EXTRUSION.,.F.,.F.,.F.,(4,
1,1,1,1,1,1,4),(2,2),(0.0536911673158208,0.110849052039954,0.168006936764087,
0.282322706212353,0.396638475660619,0.510954245108885,0.739585784005417,
0.968217322901949),(0.,1.),.UNSPECIFIED.);
#60=B_SPLINE_SURFACE_WITH_KNOTS('',3,1,((#8961,#8962),(#8963,#8964),(#8965,
#8966),(#8967,#8968),(#8969,#8970),(#8971,#8972),(#8973,#8974),(#8975,#8976),
(#8977,#8978),(#8979,#8980)),.SURF_OF_LINEAR_EXTRUSION.,.F.,.F.,.F.,(4,
1,1,1,1,1,1,4),(2,2),(0.0536911673158203,0.110849052039953,0.168006936764086,
0.282322706212353,0.396638475660619,0.510954245108885,0.739585784005417,
0.968217322901949),(0.,1.),.UNSPECIFIED.);
#61=B_SPLINE_SURFACE_WITH_KNOTS('',3,1,((#8987,#8988),(#8989,#8990),(#8991,
#8992),(#8993,#8994),(#8995,#8996),(#8997,#8998),(#8999,#9000),(#9001,#9002),
(#9003,#9004),(#9005,#9006)),.SURF_OF_LINEAR_EXTRUSION.,.F.,.F.,.F.,(4,
1,1,1,1,1,1,4),(2,2),(0.0536911673158213,0.110849052039954,0.168006936764087,
0.282322706212353,0.396638475660619,0.510954245108885,0.739585784005417,
0.968217322901949),(0.,1.),.UNSPECIFIED.);
#62=B_SPLINE_SURFACE_WITH_KNOTS('',3,1,((#9008,#9009),(#9010,#9011),(#9012,
#9013),(#9014,#9015),(#9016,#9017),(#9018,#9019),(#9020,#9021),(#9022,#9023),
(#9024,#9025),(#9026,#9027)),.SURF_OF_LINEAR_EXTRUSION.,.F.,.F.,.F.,(4,
1,1,1,1,1,1,4),(2,2),(0.0536911673158212,0.110849052039954,0.168006936764087,
0.282322706212353,0.396638475660619,0.510954245108885,0.739585784005417,
0.968217322901949),(0.,1.),.UNSPECIFIED.);
#63=B_SPLINE_CURVE_WITH_KNOTS('',3,(#4300,#4301,#4302,#4303,#4304,#4305,
#4306,#4307,#4308,#4309,#4310,#4311,#4312,#4313,#4314,#4315,#4316,#4317,
#4318,#4319,#4320,#4321,#4322,#4323,#4324,#4325,#4326,#4327,#4328,#4329,
#4330,#4331),.UNSPECIFIED.,.F.,.F.,(4,1,1,1,1,1,1,1,1,1,1,1,1,1,1,1,1,1,
1,1,1,1,1,1,1,1,1,1,1,4),(0.,0.0905435754010972,0.10130927283528,0.11520772571417,
0.131652596037831,0.150299325856981,0.17091406108236,0.193324640843059,
0.217397464998304,0.243024943237999,0.270118012820405,0.29860136230956,
0.328410219668282,0.359488101772539,0.391785184229788,0.425257087589203,
0.45986395242589,0.4955697204922,0.532341566415862,0.570149441681502,0.608965703886983,
0.648764811805834,0.689523071958752,0.731218426019739,0.773830270967691,
0.817339305770613,0.861727399772386,0.90697747898504,0.953073427271242,
0.968217322901949),.UNSPECIFIED.);
#64=B_SPLINE_CURVE_WITH_KNOTS('',3,(#4332,#4333,#4334,#4335,#4336,#4337,
#4338,#4339,#4340,#4341,#4342,#4343,#4344,#4345,#4346,#4347,#4348,#4349,
#4350,#4351,#4352,#4353,#4354,#4355,#4356,#4357,#4358,#4359,#4360,#4361,
#4362,#4363),.UNSPECIFIED.,.F.,.F.,(4,1,1,1,1,1,1,1,1,1,1,1,1,1,1,1,1,1,
1,1,1,1,1,1,1,1,1,1,1,4),(0.,0.0905435754010972,0.10130927283528,0.11520772571417,
0.131652596037831,0.150299325856981,0.17091406108236,0.193324640843059,
0.217397464998304,0.243024943237999,0.270118012820405,0.29860136230956,
0.328410219668282,0.359488101772539,0.391785184229788,0.425257087589203,
0.45986395242589,0.4955697204922,0.532341566415862,0.570149441681502,0.608965703886983,
0.648764811805834,0.689523071958752,0.731218426019739,0.773830270967691,
0.817339305770613,0.861727399772386,0.90697747898504,0.953073427271242,
0.968217322901949),.UNSPECIFIED.);
#65=B_SPLINE_CURVE_WITH_KNOTS('',3,(#4371,#4372,#4373,#4374,#4375,#4376,
#4377,#4378,#4379,#4380,#4381,#4382,#4383,#4384,#4385,#4386,#4387,#4388,
#4389,#4390,#4391,#4392,#4393,#4394,#4395,#4396,#4397,#4398,#4399,#4400,
#4401,#4402),.UNSPECIFIED.,.F.,.F.,(4,1,1,1,1,1,1,1,1,1,1,1,1,1,1,1,1,1,
1,1,1,1,1,1,1,1,1,1,1,4),(0.,0.0905435754010972,0.10130927283528,0.11520772571417,
0.131652596037831,0.150299325856981,0.17091406108236,0.193324640843059,
0.217397464998304,0.243024943237999,0.270118012820405,0.29860136230956,
0.328410219668282,0.359488101772539,0.391785184229788,0.425257087589203,
0.45986395242589,0.4955697204922,0.532341566415862,0.570149441681502,0.608965703886983,
0.648764811805834,0.689523071958752,0.731218426019739,0.773830270967691,
0.817339305770613,0.861727399772386,0.90697747898504,0.953073427271242,
0.968217322901949),.UNSPECIFIED.);
#66=B_SPLINE_CURVE_WITH_KNOTS('',3,(#4403,#4404,#4405,#4406,#4407,#4408,
#4409,#4410,#4411,#4412,#4413,#4414,#4415,#4416,#4417,#4418,#4419,#4420,
#4421,#4422,#4423,#4424,#4425,#4426,#4427,#4428,#4429,#4430,#4431,#4432,
#4433,#4434),.UNSPECIFIED.,.F.,.F.,(4,1,1,1,1,1,1,1,1,1,1,1,1,1,1,1,1,1,
1,1,1,1,1,1,1,1,1,1,1,4),(0.,0.0905435754010972,0.10130927283528,0.11520772571417,
0.131652596037831,0.150299325856981,0.17091406108236,0.193324640843059,
0.217397464998304,0.243024943237999,0.270118012820405,0.29860136230956,
0.328410219668282,0.359488101772539,0.391785184229788,0.425257087589203,
0.45986395242589,0.4955697204922,0.532341566415862,0.570149441681502,0.608965703886983,
0.648764811805834,0.689523071958752,0.731218426019739,0.773830270967691,
0.817339305770613,0.861727399772386,0.90697747898504,0.953073427271242,
0.968217322901949),.UNSPECIFIED.);
#67=B_SPLINE_CURVE_WITH_KNOTS('',3,(#4442,#4443,#4444,#4445,#4446,#4447,
#4448,#4449,#4450,#4451,#4452,#4453,#4454,#4455,#4456,#4457,#4458,#4459,
#4460,#4461,#4462,#4463,#4464,#4465,#4466,#4467,#4468,#4469,#4470,#4471,
#4472,#4473),.UNSPECIFIED.,.F.,.F.,(4,1,1,1,1,1,1,1,1,1,1,1,1,1,1,1,1,1,
1,1,1,1,1,1,1,1,1,1,1,4),(0.,0.0905435754010972,0.10130927283528,0.11520772571417,
0.131652596037831,0.150299325856981,0.17091406108236,0.193324640843059,
0.217397464998304,0.243024943237999,0.270118012820405,0.29860136230956,
0.328410219668282,0.359488101772539,0.391785184229788,0.425257087589203,
0.45986395242589,0.4955697204922,0.532341566415862,0.570149441681502,0.608965703886983,
0.648764811805834,0.689523071958752,0.731218426019739,0.773830270967691,
0.817339305770613,0.861727399772386,0.90697747898504,0.953073427271242,
0.968217322901949),.UNSPECIFIED.);
#68=B_SPLINE_CURVE_WITH_KNOTS('',3,(#4474,#4475,#4476,#4477,#4478,#4479,
#4480,#4481,#4482,#4483,#4484,#4485,#4486,#4487,#4488,#4489,#4490,#4491,
#4492,#4493,#4494,#4495,#4496,#4497,#4498,#4499,#4500,#4501,#4502,#4503,
#4504,#4505),.UNSPECIFIED.,.F.,.F.,(4,1,1,1,1,1,1,1,1,1,1,1,1,1,1,1,1,1,
1,1,1,1,1,1,1,1,1,1,1,4),(0.,0.0905435754010972,0.10130927283528,0.11520772571417,
0.131652596037831,0.150299325856981,0.17091406108236,0.193324640843059,
0.217397464998304,0.243024943237999,0.270118012820405,0.29860136230956,
0.328410219668282,0.359488101772539,0.391785184229788,0.425257087589203,
0.45986395242589,0.4955697204922,0.532341566415862,0.570149441681502,0.608965703886983,
0.648764811805834,0.689523071958752,0.731218426019739,0.773830270967691,
0.817339305770613,0.861727399772386,0.90697747898504,0.953073427271242,
0.968217322901949),.UNSPECIFIED.);
#69=B_SPLINE_CURVE_WITH_KNOTS('',3,(#4513,#4514,#4515,#4516,#4517,#4518,
#4519,#4520,#4521,#4522,#4523,#4524,#4525,#4526,#4527,#4528,#4529,#4530,
#4531,#4532,#4533,#4534,#4535,#4536,#4537,#4538,#4539,#4540,#4541,#4542,
#4543,#4544),.UNSPECIFIED.,.F.,.F.,(4,1,1,1,1,1,1,1,1,1,1,1,1,1,1,1,1,1,
1,1,1,1,1,1,1,1,1,1,1,4),(0.,0.0905435754010972,0.10130927283528,0.11520772571417,
0.131652596037831,0.150299325856981,0.17091406108236,0.193324640843059,
0.217397464998304,0.243024943237999,0.270118012820405,0.29860136230956,
0.328410219668282,0.359488101772539,0.391785184229788,0.425257087589203,
0.45986395242589,0.4955697204922,0.532341566415862,0.570149441681502,0.608965703886983,
0.648764811805834,0.689523071958752,0.731218426019739,0.773830270967691,
0.817339305770613,0.861727399772386,0.90697747898504,0.953073427271242,
0.968217322901949),.UNSPECIFIED.);
#70=B_SPLINE_CURVE_WITH_KNOTS('',3,(#4545,#4546,#4547,#4548,#4549,#4550,
#4551,#4552,#4553,#4554,#4555,#4556,#4557,#4558,#4559,#4560,#4561,#4562,
#4563,#4564,#4565,#4566,#4567,#4568,#4569,#4570,#4571,#4572,#4573,#4574,
#4575,#4576),.UNSPECIFIED.,.F.,.F.,(4,1,1,1,1,1,1,1,1,1,1,1,1,1,1,1,1,1,
1,1,1,1,1,1,1,1,1,1,1,4),(0.,0.0905435754010972,0.10130927283528,0.11520772571417,
0.131652596037831,0.150299325856981,0.17091406108236,0.193324640843059,
0.217397464998304,0.243024943237999,0.270118012820405,0.29860136230956,
0.328410219668282,0.359488101772539,0.391785184229788,0.425257087589203,
0.45986395242589,0.4955697204922,0.532341566415862,0.570149441681502,0.608965703886983,
0.648764811805834,0.689523071958752,0.731218426019739,0.773830270967691,
0.817339305770613,0.861727399772386,0.90697747898504,0.953073427271242,
0.968217322901949),.UNSPECIFIED.);
#71=B_SPLINE_CURVE_WITH_KNOTS('',3,(#4584,#4585,#4586,#4587,#4588,#4589,
#4590,#4591,#4592,#4593,#4594,#4595,#4596,#4597,#4598,#4599,#4600,#4601,
#4602,#4603,#4604,#4605,#4606,#4607,#4608,#4609,#4610,#4611,#4612,#4613,
#4614,#4615),.UNSPECIFIED.,.F.,.F.,(4,1,1,1,1,1,1,1,1,1,1,1,1,1,1,1,1,1,
1,1,1,1,1,1,1,1,1,1,1,4),(0.,0.0905435754010972,0.10130927283528,0.11520772571417,
0.131652596037831,0.150299325856981,0.17091406108236,0.193324640843059,
0.217397464998304,0.243024943237999,0.270118012820405,0.29860136230956,
0.328410219668282,0.359488101772539,0.391785184229788,0.425257087589203,
0.45986395242589,0.4955697204922,0.532341566415862,0.570149441681502,0.608965703886983,
0.648764811805834,0.689523071958752,0.731218426019739,0.773830270967691,
0.817339305770613,0.861727399772386,0.90697747898504,0.953073427271242,
0.968217322901949),.UNSPECIFIED.);
#72=B_SPLINE_CURVE_WITH_KNOTS('',3,(#4616,#4617,#4618,#4619,#4620,#4621,
#4622,#4623,#4624,#4625,#4626,#4627,#4628,#4629,#4630,#4631,#4632,#4633,
#4634,#4635,#4636,#4637,#4638,#4639,#4640,#4641,#4642,#4643,#4644,#4645,
#4646,#4647),.UNSPECIFIED.,.F.,.F.,(4,1,1,1,1,1,1,1,1,1,1,1,1,1,1,1,1,1,
1,1,1,1,1,1,1,1,1,1,1,4),(0.,0.0905435754010972,0.10130927283528,0.11520772571417,
0.131652596037831,0.150299325856981,0.17091406108236,0.193324640843059,
0.217397464998304,0.243024943237999,0.270118012820405,0.29860136230956,
0.328410219668282,0.359488101772539,0.391785184229788,0.425257087589203,
0.45986395242589,0.4955697204922,0.532341566415862,0.570149441681502,0.608965703886983,
0.648764811805834,0.689523071958752,0.731218426019739,0.773830270967691,
0.817339305770613,0.861727399772386,0.90697747898504,0.953073427271242,
0.968217322901949),.UNSPECIFIED.);
#73=B_SPLINE_CURVE_WITH_KNOTS('',3,(#4655,#4656,#4657,#4658,#4659,#4660,
#4661,#4662,#4663,#4664,#4665,#4666,#4667,#4668,#4669,#4670,#4671,#4672,
#4673,#4674,#4675,#4676,#4677,#4678,#4679,#4680,#4681,#4682,#4683,#4684,
#4685,#4686),.UNSPECIFIED.,.F.,.F.,(4,1,1,1,1,1,1,1,1,1,1,1,1,1,1,1,1,1,
1,1,1,1,1,1,1,1,1,1,1,4),(0.,0.0905435754010972,0.10130927283528,0.11520772571417,
0.131652596037831,0.150299325856981,0.17091406108236,0.193324640843059,
0.217397464998304,0.243024943237999,0.270118012820405,0.29860136230956,
0.328410219668282,0.359488101772539,0.391785184229788,0.425257087589203,
0.45986395242589,0.4955697204922,0.532341566415862,0.570149441681502,0.608965703886983,
0.648764811805834,0.689523071958752,0.731218426019739,0.773830270967691,
0.817339305770613,0.861727399772386,0.90697747898504,0.953073427271242,
0.968217322901949),.UNSPECIFIED.);
#74=B_SPLINE_CURVE_WITH_KNOTS('',3,(#4687,#4688,#4689,#4690,#4691,#4692,
#4693,#4694,#4695,#4696,#4697,#4698,#4699,#4700,#4701,#4702,#4703,#4704,
#4705,#4706,#4707,#4708,#4709,#4710,#4711,#4712,#4713,#4714,#4715,#4716,
#4717,#4718),.UNSPECIFIED.,.F.,.F.,(4,1,1,1,1,1,1,1,1,1,1,1,1,1,1,1,1,1,
1,1,1,1,1,1,1,1,1,1,1,4),(0.,0.0905435754010972,0.10130927283528,0.11520772571417,
0.131652596037831,0.150299325856981,0.17091406108236,0.193324640843059,
0.217397464998304,0.243024943237999,0.270118012820405,0.29860136230956,
0.328410219668282,0.359488101772539,0.391785184229788,0.425257087589203,
0.45986395242589,0.4955697204922,0.532341566415862,0.570149441681502,0.608965703886983,
0.648764811805834,0.689523071958752,0.731218426019739,0.773830270967691,
0.817339305770613,0.861727399772386,0.90697747898504,0.953073427271242,
0.968217322901949),.UNSPECIFIED.);
#75=B_SPLINE_CURVE_WITH_KNOTS('',3,(#4726,#4727,#4728,#4729,#4730,#4731,
#4732,#4733,#4734,#4735,#4736,#4737,#4738,#4739,#4740,#4741,#4742,#4743,
#4744,#4745,#4746,#4747,#4748,#4749,#4750,#4751,#4752,#4753,#4754,#4755,
#4756,#4757),.UNSPECIFIED.,.F.,.F.,(4,1,1,1,1,1,1,1,1,1,1,1,1,1,1,1,1,1,
1,1,1,1,1,1,1,1,1,1,1,4),(0.,0.0905435754010972,0.10130927283528,0.11520772571417,
0.131652596037831,0.150299325856981,0.17091406108236,0.193324640843059,
0.217397464998304,0.243024943237999,0.270118012820405,0.29860136230956,
0.328410219668282,0.359488101772539,0.391785184229788,0.425257087589203,
0.45986395242589,0.4955697204922,0.532341566415862,0.570149441681502,0.608965703886983,
0.648764811805834,0.689523071958752,0.731218426019739,0.773830270967691,
0.817339305770613,0.861727399772386,0.90697747898504,0.953073427271242,
0.968217322901949),.UNSPECIFIED.);
#76=B_SPLINE_CURVE_WITH_KNOTS('',3,(#4758,#4759,#4760,#4761,#4762,#4763,
#4764,#4765,#4766,#4767,#4768,#4769,#4770,#4771,#4772,#4773,#4774,#4775,
#4776,#4777,#4778,#4779,#4780,#4781,#4782,#4783,#4784,#4785,#4786,#4787,
#4788,#4789),.UNSPECIFIED.,.F.,.F.,(4,1,1,1,1,1,1,1,1,1,1,1,1,1,1,1,1,1,
1,1,1,1,1,1,1,1,1,1,1,4),(0.,0.0905435754010972,0.10130927283528,0.11520772571417,
0.131652596037831,0.150299325856981,0.17091406108236,0.193324640843059,
0.217397464998304,0.243024943237999,0.270118012820405,0.29860136230956,
0.328410219668282,0.359488101772539,0.391785184229788,0.425257087589203,
0.45986395242589,0.4955697204922,0.532341566415862,0.570149441681502,0.608965703886983,
0.648764811805834,0.689523071958752,0.731218426019739,0.773830270967691,
0.817339305770613,0.861727399772386,0.90697747898504,0.953073427271242,
0.968217322901949),.UNSPECIFIED.);
#77=B_SPLINE_CURVE_WITH_KNOTS('',3,(#4797,#4798,#4799,#4800,#4801,#4802,
#4803,#4804,#4805,#4806,#4807,#4808,#4809,#4810,#4811,#4812,#4813,#4814,
#4815,#4816,#4817,#4818,#4819,#4820,#4821,#4822,#4823,#4824,#4825,#4826,
#4827,#4828),.UNSPECIFIED.,.F.,.F.,(4,1,1,1,1,1,1,1,1,1,1,1,1,1,1,1,1,1,
1,1,1,1,1,1,1,1,1,1,1,4),(0.,0.0905435754010972,0.10130927283528,0.11520772571417,
0.131652596037831,0.150299325856981,0.17091406108236,0.193324640843059,
0.217397464998304,0.243024943237999,0.270118012820405,0.29860136230956,
0.328410219668282,0.359488101772539,0.391785184229788,0.425257087589203,
0.45986395242589,0.4955697204922,0.532341566415862,0.570149441681502,0.608965703886983,
0.648764811805834,0.689523071958752,0.731218426019739,0.773830270967691,
0.817339305770613,0.861727399772386,0.90697747898504,0.953073427271242,
0.968217322901949),.UNSPECIFIED.);
#78=B_SPLINE_CURVE_WITH_KNOTS('',3,(#4829,#4830,#4831,#4832,#4833,#4834,
#4835,#4836,#4837,#4838,#4839,#4840,#4841,#4842,#4843,#4844,#4845,#4846,
#4847,#4848,#4849,#4850,#4851,#4852,#4853,#4854,#4855,#4856,#4857,#4858,
#4859,#4860),.UNSPECIFIED.,.F.,.F.,(4,1,1,1,1,1,1,1,1,1,1,1,1,1,1,1,1,1,
1,1,1,1,1,1,1,1,1,1,1,4),(0.,0.0905435754010972,0.10130927283528,0.11520772571417,
0.131652596037831,0.150299325856981,0.17091406108236,0.193324640843059,
0.217397464998304,0.243024943237999,0.270118012820405,0.29860136230956,
0.328410219668282,0.359488101772539,0.391785184229788,0.425257087589203,
0.45986395242589,0.4955697204922,0.532341566415862,0.570149441681502,0.608965703886983,
0.648764811805834,0.689523071958752,0.731218426019739,0.773830270967691,
0.817339305770613,0.861727399772386,0.90697747898504,0.953073427271242,
0.968217322901949),.UNSPECIFIED.);
#79=B_SPLINE_CURVE_WITH_KNOTS('',3,(#4868,#4869,#4870,#4871,#4872,#4873,
#4874,#4875,#4876,#4877,#4878,#4879,#4880,#4881,#4882,#4883,#4884,#4885,
#4886,#4887,#4888,#4889,#4890,#4891,#4892,#4893,#4894,#4895,#4896,#4897,
#4898,#4899),.UNSPECIFIED.,.F.,.F.,(4,1,1,1,1,1,1,1,1,1,1,1,1,1,1,1,1,1,
1,1,1,1,1,1,1,1,1,1,1,4),(0.,0.0905435754010972,0.10130927283528,0.11520772571417,
0.131652596037831,0.150299325856981,0.17091406108236,0.193324640843059,
0.217397464998304,0.243024943237999,0.270118012820405,0.29860136230956,
0.328410219668282,0.359488101772539,0.391785184229788,0.425257087589203,
0.45986395242589,0.4955697204922,0.532341566415862,0.570149441681502,0.608965703886983,
0.648764811805834,0.689523071958752,0.731218426019739,0.773830270967691,
0.817339305770613,0.861727399772386,0.90697747898504,0.953073427271242,
0.968217322901949),.UNSPECIFIED.);
#80=B_SPLINE_CURVE_WITH_KNOTS('',3,(#4900,#4901,#4902,#4903,#4904,#4905,
#4906,#4907,#4908,#4909,#4910,#4911,#4912,#4913,#4914,#4915,#4916,#4917,
#4918,#4919,#4920,#4921,#4922,#4923,#4924,#4925,#4926,#4927,#4928,#4929,
#4930,#4931),.UNSPECIFIED.,.F.,.F.,(4,1,1,1,1,1,1,1,1,1,1,1,1,1,1,1,1,1,
1,1,1,1,1,1,1,1,1,1,1,4),(0.,0.0905435754010972,0.10130927283528,0.11520772571417,
0.131652596037831,0.150299325856981,0.17091406108236,0.193324640843059,
0.217397464998304,0.243024943237999,0.270118012820405,0.29860136230956,
0.328410219668282,0.359488101772539,0.391785184229788,0.425257087589203,
0.45986395242589,0.4955697204922,0.532341566415862,0.570149441681502,0.608965703886983,
0.648764811805834,0.689523071958752,0.731218426019739,0.773830270967691,
0.817339305770613,0.861727399772386,0.90697747898504,0.953073427271242,
0.968217322901949),.UNSPECIFIED.);
#81=B_SPLINE_CURVE_WITH_KNOTS('',3,(#4939,#4940,#4941,#4942,#4943,#4944,
#4945,#4946,#4947,#4948,#4949,#4950,#4951,#4952,#4953,#4954,#4955,#4956,
#4957,#4958,#4959,#4960,#4961,#4962,#4963,#4964,#4965,#4966,#4967,#4968,
#4969,#4970),.UNSPECIFIED.,.F.,.F.,(4,1,1,1,1,1,1,1,1,1,1,1,1,1,1,1,1,1,
1,1,1,1,1,1,1,1,1,1,1,4),(0.,0.0905435754010972,0.10130927283528,0.11520772571417,
0.131652596037831,0.150299325856981,0.17091406108236,0.193324640843059,
0.217397464998304,0.243024943237999,0.270118012820405,0.29860136230956,
0.328410219668282,0.359488101772539,0.391785184229788,0.425257087589203,
0.45986395242589,0.4955697204922,0.532341566415862,0.570149441681502,0.608965703886983,
0.648764811805834,0.689523071958752,0.731218426019739,0.773830270967691,
0.817339305770613,0.861727399772386,0.90697747898504,0.953073427271242,
0.968217322901949),.UNSPECIFIED.);
#82=B_SPLINE_CURVE_WITH_KNOTS('',3,(#4974,#4975,#4976,#4977,#4978,#4979,
#4980,#4981,#4982,#4983,#4984,#4985,#4986,#4987,#4988,#4989,#4990,#4991,
#4992,#4993,#4994,#4995,#4996,#4997,#4998,#4999,#5000,#5001,#5002,#5003,
#5004,#5005),.UNSPECIFIED.,.F.,.F.,(4,1,1,1,1,1,1,1,1,1,1,1,1,1,1,1,1,1,
1,1,1,1,1,1,1,1,1,1,1,4),(0.,0.0905435754010972,0.10130927283528,0.11520772571417,
0.131652596037831,0.150299325856981,0.17091406108236,0.193324640843059,
0.217397464998304,0.243024943237999,0.270118012820405,0.29860136230956,
0.328410219668282,0.359488101772539,0.391785184229788,0.425257087589203,
0.45986395242589,0.4955697204922,0.532341566415862,0.570149441681502,0.608965703886983,
0.648764811805834,0.689523071958752,0.731218426019739,0.773830270967691,
0.817339305770613,0.861727399772386,0.90697747898504,0.953073427271242,
0.968217322901949),.UNSPECIFIED.);
#83=B_SPLINE_CURVE_WITH_KNOTS('',3,(#5013,#5014,#5015,#5016,#5017,#5018,
#5019,#5020,#5021,#5022,#5023,#5024,#5025,#5026,#5027,#5028,#5029,#5030,
#5031,#5032,#5033,#5034,#5035,#5036,#5037,#5038,#5039,#5040,#5041,#5042,
#5043,#5044),.UNSPECIFIED.,.F.,.F.,(4,1,1,1,1,1,1,1,1,1,1,1,1,1,1,1,1,1,
1,1,1,1,1,1,1,1,1,1,1,4),(0.,0.0905435754010972,0.10130927283528,0.11520772571417,
0.131652596037831,0.150299325856981,0.17091406108236,0.193324640843059,
0.217397464998304,0.243024943237999,0.270118012820405,0.29860136230956,
0.328410219668282,0.359488101772539,0.391785184229788,0.425257087589203,
0.45986395242589,0.4955697204922,0.532341566415862,0.570149441681502,0.608965703886983,
0.648764811805834,0.689523071958752,0.731218426019739,0.773830270967691,
0.817339305770613,0.861727399772386,0.90697747898504,0.953073427271242,
0.968217322901949),.UNSPECIFIED.);
#84=B_SPLINE_CURVE_WITH_KNOTS('',3,(#5045,#5046,#5047,#5048,#5049,#5050,
#5051,#5052,#5053,#5054,#5055,#5056,#5057,#5058,#5059,#5060,#5061,#5062,
#5063,#5064,#5065,#5066,#5067,#5068,#5069,#5070,#5071,#5072,#5073,#5074,
#5075,#5076),.UNSPECIFIED.,.F.,.F.,(4,1,1,1,1,1,1,1,1,1,1,1,1,1,1,1,1,1,
1,1,1,1,1,1,1,1,1,1,1,4),(0.,0.0905435754010972,0.10130927283528,0.11520772571417,
0.131652596037831,0.150299325856981,0.17091406108236,0.193324640843059,
0.217397464998304,0.243024943237999,0.270118012820405,0.29860136230956,
0.328410219668282,0.359488101772539,0.391785184229788,0.425257087589203,
0.45986395242589,0.4955697204922,0.532341566415862,0.570149441681502,0.608965703886983,
0.648764811805834,0.689523071958752,0.731218426019739,0.773830270967691,
0.817339305770613,0.861727399772386,0.90697747898504,0.953073427271242,
0.968217322901949),.UNSPECIFIED.);
#85=B_SPLINE_CURVE_WITH_KNOTS('',3,(#5084,#5085,#5086,#5087,#5088,#5089,
#5090,#5091,#5092,#5093,#5094,#5095,#5096,#5097,#5098,#5099,#5100,#5101,
#5102,#5103,#5104,#5105,#5106,#5107,#5108,#5109,#5110,#5111,#5112,#5113,
#5114,#5115),.UNSPECIFIED.,.F.,.F.,(4,1,1,1,1,1,1,1,1,1,1,1,1,1,1,1,1,1,
1,1,1,1,1,1,1,1,1,1,1,4),(0.,0.0905435754010972,0.10130927283528,0.11520772571417,
0.131652596037831,0.150299325856981,0.17091406108236,0.193324640843059,
0.217397464998304,0.243024943237999,0.270118012820405,0.29860136230956,
0.328410219668282,0.359488101772539,0.391785184229788,0.425257087589203,
0.45986395242589,0.4955697204922,0.532341566415862,0.570149441681502,0.608965703886983,
0.648764811805834,0.689523071958752,0.731218426019739,0.773830270967691,
0.817339305770613,0.861727399772386,0.90697747898504,0.953073427271242,
0.968217322901949),.UNSPECIFIED.);
#86=B_SPLINE_CURVE_WITH_KNOTS('',3,(#5116,#5117,#5118,#5119,#5120,#5121,
#5122,#5123,#5124,#5125,#5126,#5127,#5128,#5129,#5130,#5131,#5132,#5133,
#5134,#5135,#5136,#5137,#5138,#5139,#5140,#5141,#5142,#5143,#5144,#5145,
#5146,#5147),.UNSPECIFIED.,.F.,.F.,(4,1,1,1,1,1,1,1,1,1,1,1,1,1,1,1,1,1,
1,1,1,1,1,1,1,1,1,1,1,4),(0.,0.0905435754010972,0.10130927283528,0.11520772571417,
0.131652596037831,0.150299325856981,0.17091406108236,0.193324640843059,
0.217397464998304,0.243024943237999,0.270118012820405,0.29860136230956,
0.328410219668282,0.359488101772539,0.391785184229788,0.425257087589203,
0.45986395242589,0.4955697204922,0.532341566415862,0.570149441681502,0.608965703886983,
0.648764811805834,0.689523071958752,0.731218426019739,0.773830270967691,
0.817339305770613,0.861727399772386,0.90697747898504,0.953073427271242,
0.968217322901949),.UNSPECIFIED.);
#87=B_SPLINE_CURVE_WITH_KNOTS('',3,(#5155,#5156,#5157,#5158,#5159,#5160,
#5161,#5162,#5163,#5164,#5165,#5166,#5167,#5168,#5169,#5170,#5171,#5172,
#5173,#5174,#5175,#5176,#5177,#5178,#5179,#5180,#5181,#5182,#5183,#5184,
#5185,#5186),.UNSPECIFIED.,.F.,.F.,(4,1,1,1,1,1,1,1,1,1,1,1,1,1,1,1,1,1,
1,1,1,1,1,1,1,1,1,1,1,4),(0.,0.0905435754010972,0.10130927283528,0.11520772571417,
0.131652596037831,0.150299325856981,0.17091406108236,0.193324640843059,
0.217397464998304,0.243024943237999,0.270118012820405,0.29860136230956,
0.328410219668282,0.359488101772539,0.391785184229788,0.425257087589203,
0.45986395242589,0.4955697204922,0.532341566415862,0.570149441681502,0.608965703886983,
0.648764811805834,0.689523071958752,0.731218426019739,0.773830270967691,
0.817339305770613,0.861727399772386,0.90697747898504,0.953073427271242,
0.968217322901949),.UNSPECIFIED.);
#88=B_SPLINE_CURVE_WITH_KNOTS('',3,(#5187,#5188,#5189,#5190,#5191,#5192,
#5193,#5194,#5195,#5196,#5197,#5198,#5199,#5200,#5201,#5202,#5203,#5204,
#5205,#5206,#5207,#5208,#5209,#5210,#5211,#5212,#5213,#5214,#5215,#5216,
#5217,#5218),.UNSPECIFIED.,.F.,.F.,(4,1,1,1,1,1,1,1,1,1,1,1,1,1,1,1,1,1,
1,1,1,1,1,1,1,1,1,1,1,4),(0.,0.0905435754010972,0.10130927283528,0.11520772571417,
0.131652596037831,0.150299325856981,0.17091406108236,0.193324640843059,
0.217397464998304,0.243024943237999,0.270118012820405,0.29860136230956,
0.328410219668282,0.359488101772539,0.391785184229788,0.425257087589203,
0.45986395242589,0.4955697204922,0.532341566415862,0.570149441681502,0.608965703886983,
0.648764811805834,0.689523071958752,0.731218426019739,0.773830270967691,
0.817339305770613,0.861727399772386,0.90697747898504,0.953073427271242,
0.968217322901949),.UNSPECIFIED.);
#89=B_SPLINE_CURVE_WITH_KNOTS('',3,(#5226,#5227,#5228,#5229,#5230,#5231,
#5232,#5233,#5234,#5235,#5236,#5237,#5238,#5239,#5240,#5241,#5242,#5243,
#5244,#5245,#5246,#5247,#5248,#5249,#5250,#5251,#5252,#5253,#5254,#5255,
#5256,#5257),.UNSPECIFIED.,.F.,.F.,(4,1,1,1,1,1,1,1,1,1,1,1,1,1,1,1,1,1,
1,1,1,1,1,1,1,1,1,1,1,4),(0.,0.0905435754010972,0.10130927283528,0.11520772571417,
0.131652596037831,0.150299325856981,0.17091406108236,0.193324640843059,
0.217397464998304,0.243024943237999,0.270118012820405,0.29860136230956,
0.328410219668282,0.359488101772539,0.391785184229788,0.425257087589203,
0.45986395242589,0.4955697204922,0.532341566415862,0.570149441681502,0.608965703886983,
0.648764811805834,0.689523071958752,0.731218426019739,0.773830270967691,
0.817339305770613,0.861727399772386,0.90697747898504,0.953073427271242,
0.968217322901949),.UNSPECIFIED.);
#90=B_SPLINE_CURVE_WITH_KNOTS('',3,(#5258,#5259,#5260,#5261,#5262,#5263,
#5264,#5265,#5266,#5267,#5268,#5269,#5270,#5271,#5272,#5273,#5274,#5275,
#5276,#5277,#5278,#5279,#5280,#5281,#5282,#5283,#5284,#5285,#5286,#5287,
#5288,#5289),.UNSPECIFIED.,.F.,.F.,(4,1,1,1,1,1,1,1,1,1,1,1,1,1,1,1,1,1,
1,1,1,1,1,1,1,1,1,1,1,4),(0.,0.0905435754010972,0.10130927283528,0.11520772571417,
0.131652596037831,0.150299325856981,0.17091406108236,0.193324640843059,
0.217397464998304,0.243024943237999,0.270118012820405,0.29860136230956,
0.328410219668282,0.359488101772539,0.391785184229788,0.425257087589203,
0.45986395242589,0.4955697204922,0.532341566415862,0.570149441681502,0.608965703886983,
0.648764811805834,0.689523071958752,0.731218426019739,0.773830270967691,
0.817339305770613,0.861727399772386,0.90697747898504,0.953073427271242,
0.968217322901949),.UNSPECIFIED.);
#91=B_SPLINE_CURVE_WITH_KNOTS('',3,(#5297,#5298,#5299,#5300,#5301,#5302,
#5303,#5304,#5305,#5306,#5307,#5308,#5309,#5310,#5311,#5312,#5313,#5314,
#5315,#5316,#5317,#5318,#5319,#5320,#5321,#5322,#5323,#5324,#5325,#5326,
#5327,#5328),.UNSPECIFIED.,.F.,.F.,(4,1,1,1,1,1,1,1,1,1,1,1,1,1,1,1,1,1,
1,1,1,1,1,1,1,1,1,1,1,4),(0.,0.0905435754010972,0.10130927283528,0.11520772571417,
0.131652596037831,0.150299325856981,0.17091406108236,0.193324640843059,
0.217397464998304,0.243024943237999,0.270118012820405,0.29860136230956,
0.328410219668282,0.359488101772539,0.391785184229788,0.425257087589203,
0.45986395242589,0.4955697204922,0.532341566415862,0.570149441681502,0.608965703886983,
0.648764811805834,0.689523071958752,0.731218426019739,0.773830270967691,
0.817339305770613,0.861727399772386,0.90697747898504,0.953073427271242,
0.968217322901949),.UNSPECIFIED.);
#92=B_SPLINE_CURVE_WITH_KNOTS('',3,(#5329,#5330,#5331,#5332,#5333,#5334,
#5335,#5336,#5337,#5338,#5339,#5340,#5341,#5342,#5343,#5344,#5345,#5346,
#5347,#5348,#5349,#5350,#5351,#5352,#5353,#5354,#5355,#5356,#5357,#5358,
#5359,#5360),.UNSPECIFIED.,.F.,.F.,(4,1,1,1,1,1,1,1,1,1,1,1,1,1,1,1,1,1,
1,1,1,1,1,1,1,1,1,1,1,4),(0.,0.0905435754010972,0.10130927283528,0.11520772571417,
0.131652596037831,0.150299325856981,0.17091406108236,0.193324640843059,
0.217397464998304,0.243024943237999,0.270118012820405,0.29860136230956,
0.328410219668282,0.359488101772539,0.391785184229788,0.425257087589203,
0.45986395242589,0.4955697204922,0.532341566415862,0.570149441681502,0.608965703886983,
0.648764811805834,0.689523071958752,0.731218426019739,0.773830270967691,
0.817339305770613,0.861727399772386,0.90697747898504,0.953073427271242,
0.968217322901949),.UNSPECIFIED.);
#93=B_SPLINE_CURVE_WITH_KNOTS('',3,(#5368,#5369,#5370,#5371,#5372,#5373,
#5374,#5375,#5376,#5377,#5378,#5379,#5380,#5381,#5382,#5383,#5384,#5385,
#5386,#5387,#5388,#5389,#5390,#5391,#5392,#5393,#5394,#5395,#5396,#5397,
#5398,#5399),.UNSPECIFIED.,.F.,.F.,(4,1,1,1,1,1,1,1,1,1,1,1,1,1,1,1,1,1,
1,1,1,1,1,1,1,1,1,1,1,4),(0.,0.0905435754010972,0.10130927283528,0.11520772571417,
0.131652596037831,0.150299325856981,0.17091406108236,0.193324640843059,
0.217397464998304,0.243024943237999,0.270118012820405,0.29860136230956,
0.328410219668282,0.359488101772539,0.391785184229788,0.425257087589203,
0.45986395242589,0.4955697204922,0.532341566415862,0.570149441681502,0.608965703886983,
0.648764811805834,0.689523071958752,0.731218426019739,0.773830270967691,
0.817339305770613,0.861727399772386,0.90697747898504,0.953073427271242,
0.968217322901949),.UNSPECIFIED.);
#94=B_SPLINE_CURVE_WITH_KNOTS('',3,(#5400,#5401,#5402,#5403,#5404,#5405,
#5406,#5407,#5408,#5409,#5410,#5411,#5412,#5413,#5414,#5415,#5416,#5417,
#5418,#5419,#5420,#5421,#5422,#5423,#5424,#5425,#5426,#5427,#5428,#5429,
#5430,#5431),.UNSPECIFIED.,.F.,.F.,(4,1,1,1,1,1,1,1,1,1,1,1,1,1,1,1,1,1,
1,1,1,1,1,1,1,1,1,1,1,4),(0.,0.0905435754010972,0.10130927283528,0.11520772571417,
0.131652596037831,0.150299325856981,0.17091406108236,0.193324640843059,
0.217397464998304,0.243024943237999,0.270118012820405,0.29860136230956,
0.328410219668282,0.359488101772539,0.391785184229788,0.425257087589203,
0.45986395242589,0.4955697204922,0.532341566415862,0.570149441681502,0.608965703886983,
0.648764811805834,0.689523071958752,0.731218426019739,0.773830270967691,
0.817339305770613,0.861727399772386,0.90697747898504,0.953073427271242,
0.968217322901949),.UNSPECIFIED.);
#95=B_SPLINE_CURVE_WITH_KNOTS('',3,(#5439,#5440,#5441,#5442,#5443,#5444,
#5445,#5446,#5447,#5448,#5449,#5450,#5451,#5452,#5453,#5454,#5455,#5456,
#5457,#5458,#5459,#5460,#5461,#5462,#5463,#5464,#5465,#5466,#5467,#5468,
#5469,#5470),.UNSPECIFIED.,.F.,.F.,(4,1,1,1,1,1,1,1,1,1,1,1,1,1,1,1,1,1,
1,1,1,1,1,1,1,1,1,1,1,4),(0.,0.0905435754010972,0.10130927283528,0.11520772571417,
0.131652596037831,0.150299325856981,0.17091406108236,0.193324640843059,
0.217397464998304,0.243024943237999,0.270118012820405,0.29860136230956,
0.328410219668282,0.359488101772539,0.391785184229788,0.425257087589203,
0.45986395242589,0.4955697204922,0.532341566415862,0.570149441681502,0.608965703886983,
0.648764811805834,0.689523071958752,0.731218426019739,0.773830270967691,
0.817339305770613,0.861727399772386,0.90697747898504,0.953073427271242,
0.968217322901949),.UNSPECIFIED.);
#96=B_SPLINE_CURVE_WITH_KNOTS('',3,(#5471,#5472,#5473,#5474,#5475,#5476,
#5477,#5478,#5479,#5480,#5481,#5482,#5483,#5484,#5485,#5486,#5487,#5488,
#5489,#5490,#5491,#5492,#5493,#5494,#5495,#5496,#5497,#5498,#5499,#5500,
#5501,#5502),.UNSPECIFIED.,.F.,.F.,(4,1,1,1,1,1,1,1,1,1,1,1,1,1,1,1,1,1,
1,1,1,1,1,1,1,1,1,1,1,4),(0.,0.0905435754010972,0.10130927283528,0.11520772571417,
0.131652596037831,0.150299325856981,0.17091406108236,0.193324640843059,
0.217397464998304,0.243024943237999,0.270118012820405,0.29860136230956,
0.328410219668282,0.359488101772539,0.391785184229788,0.425257087589203,
0.45986395242589,0.4955697204922,0.532341566415862,0.570149441681502,0.608965703886983,
0.648764811805834,0.689523071958752,0.731218426019739,0.773830270967691,
0.817339305770613,0.861727399772386,0.90697747898504,0.953073427271242,
0.968217322901949),.UNSPECIFIED.);
#97=B_SPLINE_CURVE_WITH_KNOTS('',3,(#5510,#5511,#5512,#5513,#5514,#5515,
#5516,#5517,#5518,#5519,#5520,#5521,#5522,#5523,#5524,#5525,#5526,#5527,
#5528,#5529,#5530,#5531,#5532,#5533,#5534,#5535,#5536,#5537,#5538,#5539,
#5540,#5541),.UNSPECIFIED.,.F.,.F.,(4,1,1,1,1,1,1,1,1,1,1,1,1,1,1,1,1,1,
1,1,1,1,1,1,1,1,1,1,1,4),(0.,0.0905435754010972,0.10130927283528,0.11520772571417,
0.131652596037831,0.150299325856981,0.17091406108236,0.193324640843059,
0.217397464998304,0.243024943237999,0.270118012820405,0.29860136230956,
0.328410219668282,0.359488101772539,0.391785184229788,0.425257087589203,
0.45986395242589,0.4955697204922,0.532341566415862,0.570149441681502,0.608965703886983,
0.648764811805834,0.689523071958752,0.731218426019739,0.773830270967691,
0.817339305770613,0.861727399772386,0.90697747898504,0.953073427271242,
0.968217322901949),.UNSPECIFIED.);
#98=B_SPLINE_CURVE_WITH_KNOTS('',3,(#5542,#5543,#5544,#5545,#5546,#5547,
#5548,#5549,#5550,#5551,#5552,#5553,#5554,#5555,#5556,#5557,#5558,#5559,
#5560,#5561,#5562,#5563,#5564,#5565,#5566,#5567,#5568,#5569,#5570,#5571,
#5572,#5573),.UNSPECIFIED.,.F.,.F.,(4,1,1,1,1,1,1,1,1,1,1,1,1,1,1,1,1,1,
1,1,1,1,1,1,1,1,1,1,1,4),(0.,0.0905435754010972,0.10130927283528,0.11520772571417,
0.131652596037831,0.150299325856981,0.17091406108236,0.193324640843059,
0.217397464998304,0.243024943237999,0.270118012820405,0.29860136230956,
0.328410219668282,0.359488101772539,0.391785184229788,0.425257087589203,
0.45986395242589,0.4955697204922,0.532341566415862,0.570149441681502,0.608965703886983,
0.648764811805834,0.689523071958752,0.731218426019739,0.773830270967691,
0.817339305770613,0.861727399772386,0.90697747898504,0.953073427271242,
0.968217322901949),.UNSPECIFIED.);
#99=B_SPLINE_CURVE_WITH_KNOTS('',3,(#5581,#5582,#5583,#5584,#5585,#5586,
#5587,#5588,#5589,#5590,#5591,#5592,#5593,#5594,#5595,#5596,#5597,#5598,
#5599,#5600,#5601,#5602,#5603,#5604,#5605,#5606,#5607,#5608,#5609,#5610,
#5611,#5612),.UNSPECIFIED.,.F.,.F.,(4,1,1,1,1,1,1,1,1,1,1,1,1,1,1,1,1,1,
1,1,1,1,1,1,1,1,1,1,1,4),(0.,0.0905435754010972,0.10130927283528,0.11520772571417,
0.131652596037831,0.150299325856981,0.17091406108236,0.193324640843059,
0.217397464998304,0.243024943237999,0.270118012820405,0.29860136230956,
0.328410219668282,0.359488101772539,0.391785184229788,0.425257087589203,
0.45986395242589,0.4955697204922,0.532341566415862,0.570149441681502,0.608965703886983,
0.648764811805834,0.689523071958752,0.731218426019739,0.773830270967691,
0.817339305770613,0.861727399772386,0.90697747898504,0.953073427271242,
0.968217322901949),.UNSPECIFIED.);
#100=B_SPLINE_CURVE_WITH_KNOTS('',3,(#5613,#5614,#5615,#5616,#5617,#5618,
#5619,#5620,#5621,#5622,#5623,#5624,#5625,#5626,#5627,#5628,#5629,#5630,
#5631,#5632,#5633,#5634,#5635,#5636,#5637,#5638,#5639,#5640,#5641,#5642,
#5643,#5644),.UNSPECIFIED.,.F.,.F.,(4,1,1,1,1,1,1,1,1,1,1,1,1,1,1,1,1,1,
1,1,1,1,1,1,1,1,1,1,1,4),(0.,0.0905435754010972,0.10130927283528,0.11520772571417,
0.131652596037831,0.150299325856981,0.17091406108236,0.193324640843059,
0.217397464998304,0.243024943237999,0.270118012820405,0.29860136230956,
0.328410219668282,0.359488101772539,0.391785184229788,0.425257087589203,
0.45986395242589,0.4955697204922,0.532341566415862,0.570149441681502,0.608965703886983,
0.648764811805834,0.689523071958752,0.731218426019739,0.773830270967691,
0.817339305770613,0.861727399772386,0.90697747898504,0.953073427271242,
0.968217322901949),.UNSPECIFIED.);
#101=B_SPLINE_CURVE_WITH_KNOTS('',3,(#5652,#5653,#5654,#5655,#5656,#5657,
#5658,#5659,#5660,#5661,#5662,#5663,#5664,#5665,#5666,#5667,#5668,#5669,
#5670,#5671,#5672,#5673,#5674,#5675,#5676,#5677,#5678,#5679,#5680,#5681,
#5682,#5683),.UNSPECIFIED.,.F.,.F.,(4,1,1,1,1,1,1,1,1,1,1,1,1,1,1,1,1,1,
1,1,1,1,1,1,1,1,1,1,1,4),(0.,0.0905435754010972,0.10130927283528,0.11520772571417,
0.131652596037831,0.150299325856981,0.17091406108236,0.193324640843059,
0.217397464998304,0.243024943237999,0.270118012820405,0.29860136230956,
0.328410219668282,0.359488101772539,0.391785184229788,0.425257087589203,
0.45986395242589,0.4955697204922,0.532341566415862,0.570149441681502,0.608965703886983,
0.648764811805834,0.689523071958752,0.731218426019739,0.773830270967691,
0.817339305770613,0.861727399772386,0.90697747898504,0.953073427271242,
0.968217322901949),.UNSPECIFIED.);
#102=B_SPLINE_CURVE_WITH_KNOTS('',3,(#5684,#5685,#5686,#5687,#5688,#5689,
#5690,#5691,#5692,#5693,#5694,#5695,#5696,#5697,#5698,#5699,#5700,#5701,
#5702,#5703,#5704,#5705,#5706,#5707,#5708,#5709,#5710,#5711,#5712,#5713,
#5714,#5715),.UNSPECIFIED.,.F.,.F.,(4,1,1,1,1,1,1,1,1,1,1,1,1,1,1,1,1,1,
1,1,1,1,1,1,1,1,1,1,1,4),(0.,0.0905435754010972,0.10130927283528,0.11520772571417,
0.131652596037831,0.150299325856981,0.17091406108236,0.193324640843059,
0.217397464998304,0.243024943237999,0.270118012820405,0.29860136230956,
0.328410219668282,0.359488101772539,0.391785184229788,0.425257087589203,
0.45986395242589,0.4955697204922,0.532341566415862,0.570149441681502,0.608965703886983,
0.648764811805834,0.689523071958752,0.731218426019739,0.773830270967691,
0.817339305770613,0.861727399772386,0.90697747898504,0.953073427271242,
0.968217322901949),.UNSPECIFIED.);
#103=B_SPLINE_CURVE_WITH_KNOTS('',3,(#5723,#5724,#5725,#5726,#5727,#5728,
#5729,#5730,#5731,#5732,#5733,#5734,#5735,#5736,#5737,#5738,#5739,#5740,
#5741,#5742,#5743,#5744,#5745,#5746,#5747,#5748,#5749,#5750,#5751,#5752,
#5753,#5754),.UNSPECIFIED.,.F.,.F.,(4,1,1,1,1,1,1,1,1,1,1,1,1,1,1,1,1,1,
1,1,1,1,1,1,1,1,1,1,1,4),(0.,0.0905435754010972,0.10130927283528,0.11520772571417,
0.131652596037831,0.150299325856981,0.17091406108236,0.193324640843059,
0.217397464998304,0.243024943237999,0.270118012820405,0.29860136230956,
0.328410219668282,0.359488101772539,0.391785184229788,0.425257087589203,
0.45986395242589,0.4955697204922,0.532341566415862,0.570149441681502,0.608965703886983,
0.648764811805834,0.689523071958752,0.731218426019739,0.773830270967691,
0.817339305770613,0.861727399772386,0.90697747898504,0.953073427271242,
0.968217322901949),.UNSPECIFIED.);
#104=B_SPLINE_CURVE_WITH_KNOTS('',3,(#5755,#5756,#5757,#5758,#5759,#5760,
#5761,#5762,#5763,#5764,#5765,#5766,#5767,#5768,#5769,#5770,#5771,#5772,
#5773,#5774,#5775,#5776,#5777,#5778,#5779,#5780,#5781,#5782,#5783,#5784,
#5785,#5786),.UNSPECIFIED.,.F.,.F.,(4,1,1,1,1,1,1,1,1,1,1,1,1,1,1,1,1,1,
1,1,1,1,1,1,1,1,1,1,1,4),(0.,0.0905435754010972,0.10130927283528,0.11520772571417,
0.131652596037831,0.150299325856981,0.17091406108236,0.193324640843059,
0.217397464998304,0.243024943237999,0.270118012820405,0.29860136230956,
0.328410219668282,0.359488101772539,0.391785184229788,0.425257087589203,
0.45986395242589,0.4955697204922,0.532341566415862,0.570149441681502,0.608965703886983,
0.648764811805834,0.689523071958752,0.731218426019739,0.773830270967691,
0.817339305770613,0.861727399772386,0.90697747898504,0.953073427271242,
0.968217322901949),.UNSPECIFIED.);
#105=B_SPLINE_CURVE_WITH_KNOTS('',3,(#5794,#5795,#5796,#5797,#5798,#5799,
#5800,#5801,#5802,#5803,#5804,#5805,#5806,#5807,#5808,#5809,#5810,#5811,
#5812,#5813,#5814,#5815,#5816,#5817,#5818,#5819,#5820,#5821,#5822,#5823,
#5824,#5825),.UNSPECIFIED.,.F.,.F.,(4,1,1,1,1,1,1,1,1,1,1,1,1,1,1,1,1,1,
1,1,1,1,1,1,1,1,1,1,1,4),(0.,0.0905435754010972,0.10130927283528,0.11520772571417,
0.131652596037831,0.150299325856981,0.17091406108236,0.193324640843059,
0.217397464998304,0.243024943237999,0.270118012820405,0.29860136230956,
0.328410219668282,0.359488101772539,0.391785184229788,0.425257087589203,
0.45986395242589,0.4955697204922,0.532341566415862,0.570149441681502,0.608965703886983,
0.648764811805834,0.689523071958752,0.731218426019739,0.773830270967691,
0.817339305770613,0.861727399772386,0.90697747898504,0.953073427271242,
0.968217322901949),.UNSPECIFIED.);
#106=B_SPLINE_CURVE_WITH_KNOTS('',3,(#5826,#5827,#5828,#5829,#5830,#5831,
#5832,#5833,#5834,#5835,#5836,#5837,#5838,#5839,#5840,#5841,#5842,#5843,
#5844,#5845,#5846,#5847,#5848,#5849,#5850,#5851,#5852,#5853,#5854,#5855,
#5856,#5857),.UNSPECIFIED.,.F.,.F.,(4,1,1,1,1,1,1,1,1,1,1,1,1,1,1,1,1,1,
1,1,1,1,1,1,1,1,1,1,1,4),(0.,0.0905435754010972,0.10130927283528,0.11520772571417,
0.131652596037831,0.150299325856981,0.17091406108236,0.193324640843059,
0.217397464998304,0.243024943237999,0.270118012820405,0.29860136230956,
0.328410219668282,0.359488101772539,0.391785184229788,0.425257087589203,
0.45986395242589,0.4955697204922,0.532341566415862,0.570149441681502,0.608965703886983,
0.648764811805834,0.689523071958752,0.731218426019739,0.773830270967691,
0.817339305770613,0.861727399772386,0.90697747898504,0.953073427271242,
0.968217322901949),.UNSPECIFIED.);
#107=B_SPLINE_CURVE_WITH_KNOTS('',3,(#5865,#5866,#5867,#5868,#5869,#5870,
#5871,#5872,#5873,#5874,#5875,#5876,#5877,#5878,#5879,#5880,#5881,#5882,
#5883,#5884,#5885,#5886,#5887,#5888,#5889,#5890,#5891,#5892,#5893,#5894,
#5895,#5896),.UNSPECIFIED.,.F.,.F.,(4,1,1,1,1,1,1,1,1,1,1,1,1,1,1,1,1,1,
1,1,1,1,1,1,1,1,1,1,1,4),(0.,0.0905435754010972,0.10130927283528,0.11520772571417,
0.131652596037831,0.150299325856981,0.17091406108236,0.193324640843059,
0.217397464998304,0.243024943237999,0.270118012820405,0.29860136230956,
0.328410219668282,0.359488101772539,0.391785184229788,0.425257087589203,
0.45986395242589,0.4955697204922,0.532341566415862,0.570149441681502,0.608965703886983,
0.648764811805834,0.689523071958752,0.731218426019739,0.773830270967691,
0.817339305770613,0.861727399772386,0.90697747898504,0.953073427271242,
0.968217322901949),.UNSPECIFIED.);
#108=B_SPLINE_CURVE_WITH_KNOTS('',3,(#5897,#5898,#5899,#5900,#5901,#5902,
#5903,#5904,#5905,#5906,#5907,#5908,#5909,#5910,#5911,#5912,#5913,#5914,
#5915,#5916,#5917,#5918,#5919,#5920,#5921,#5922,#5923,#5924,#5925,#5926,
#5927,#5928),.UNSPECIFIED.,.F.,.F.,(4,1,1,1,1,1,1,1,1,1,1,1,1,1,1,1,1,1,
1,1,1,1,1,1,1,1,1,1,1,4),(0.,0.0905435754010972,0.10130927283528,0.11520772571417,
0.131652596037831,0.150299325856981,0.17091406108236,0.193324640843059,
0.217397464998304,0.243024943237999,0.270118012820405,0.29860136230956,
0.328410219668282,0.359488101772539,0.391785184229788,0.425257087589203,
0.45986395242589,0.4955697204922,0.532341566415862,0.570149441681502,0.608965703886983,
0.648764811805834,0.689523071958752,0.731218426019739,0.773830270967691,
0.817339305770613,0.861727399772386,0.90697747898504,0.953073427271242,
0.968217322901949),.UNSPECIFIED.);
#109=B_SPLINE_CURVE_WITH_KNOTS('',3,(#5936,#5937,#5938,#5939,#5940,#5941,
#5942,#5943,#5944,#5945,#5946,#5947,#5948,#5949,#5950,#5951,#5952,#5953,
#5954,#5955,#5956,#5957,#5958,#5959,#5960,#5961,#5962,#5963,#5964,#5965,
#5966,#5967),.UNSPECIFIED.,.F.,.F.,(4,1,1,1,1,1,1,1,1,1,1,1,1,1,1,1,1,1,
1,1,1,1,1,1,1,1,1,1,1,4),(0.,0.0905435754010972,0.10130927283528,0.11520772571417,
0.131652596037831,0.150299325856981,0.17091406108236,0.193324640843059,
0.217397464998304,0.243024943237999,0.270118012820405,0.29860136230956,
0.328410219668282,0.359488101772539,0.391785184229788,0.425257087589203,
0.45986395242589,0.4955697204922,0.532341566415862,0.570149441681502,0.608965703886983,
0.648764811805834,0.689523071958752,0.731218426019739,0.773830270967691,
0.817339305770613,0.861727399772386,0.90697747898504,0.953073427271242,
0.968217322901949),.UNSPECIFIED.);
#110=B_SPLINE_CURVE_WITH_KNOTS('',3,(#5968,#5969,#5970,#5971,#5972,#5973,
#5974,#5975,#5976,#5977,#5978,#5979,#5980,#5981,#5982,#5983,#5984,#5985,
#5986,#5987,#5988,#5989,#5990,#5991,#5992,#5993,#5994,#5995,#5996,#5997,
#5998,#5999),.UNSPECIFIED.,.F.,.F.,(4,1,1,1,1,1,1,1,1,1,1,1,1,1,1,1,1,1,
1,1,1,1,1,1,1,1,1,1,1,4),(0.,0.0905435754010972,0.10130927283528,0.11520772571417,
0.131652596037831,0.150299325856981,0.17091406108236,0.193324640843059,
0.217397464998304,0.243024943237999,0.270118012820405,0.29860136230956,
0.328410219668282,0.359488101772539,0.391785184229788,0.425257087589203,
0.45986395242589,0.4955697204922,0.532341566415862,0.570149441681502,0.608965703886983,
0.648764811805834,0.689523071958752,0.731218426019739,0.773830270967691,
0.817339305770613,0.861727399772386,0.90697747898504,0.953073427271242,
0.968217322901949),.UNSPECIFIED.);
#111=B_SPLINE_CURVE_WITH_KNOTS('',3,(#6007,#6008,#6009,#6010,#6011,#6012,
#6013,#6014,#6015,#6016,#6017,#6018,#6019,#6020,#6021,#6022,#6023,#6024,
#6025,#6026,#6027,#6028,#6029,#6030,#6031,#6032,#6033,#6034,#6035,#6036,
#6037,#6038),.UNSPECIFIED.,.F.,.F.,(4,1,1,1,1,1,1,1,1,1,1,1,1,1,1,1,1,1,
1,1,1,1,1,1,1,1,1,1,1,4),(0.,0.0905435754010972,0.10130927283528,0.11520772571417,
0.131652596037831,0.150299325856981,0.17091406108236,0.193324640843059,
0.217397464998304,0.243024943237999,0.270118012820405,0.29860136230956,
0.328410219668282,0.359488101772539,0.391785184229788,0.425257087589203,
0.45986395242589,0.4955697204922,0.532341566415862,0.570149441681502,0.608965703886983,
0.648764811805834,0.689523071958752,0.731218426019739,0.773830270967691,
0.817339305770613,0.861727399772386,0.90697747898504,0.953073427271242,
0.968217322901949),.UNSPECIFIED.);
#112=B_SPLINE_CURVE_WITH_KNOTS('',3,(#6039,#6040,#6041,#6042,#6043,#6044,
#6045,#6046,#6047,#6048,#6049,#6050,#6051,#6052,#6053,#6054,#6055,#6056,
#6057,#6058,#6059,#6060,#6061,#6062,#6063,#6064,#6065,#6066,#6067,#6068,
#6069,#6070),.UNSPECIFIED.,.F.,.F.,(4,1,1,1,1,1,1,1,1,1,1,1,1,1,1,1,1,1,
1,1,1,1,1,1,1,1,1,1,1,4),(0.,0.0905435754010972,0.10130927283528,0.11520772571417,
0.131652596037831,0.150299325856981,0.17091406108236,0.193324640843059,
0.217397464998304,0.243024943237999,0.270118012820405,0.29860136230956,
0.328410219668282,0.359488101772539,0.391785184229788,0.425257087589203,
0.45986395242589,0.4955697204922,0.532341566415862,0.570149441681502,0.608965703886983,
0.648764811805834,0.689523071958752,0.731218426019739,0.773830270967691,
0.817339305770613,0.861727399772386,0.90697747898504,0.953073427271242,
0.968217322901949),.UNSPECIFIED.);
#113=B_SPLINE_CURVE_WITH_KNOTS('',3,(#6087,#6088,#6089,#6090,#6091,#6092,
#6093,#6094,#6095,#6096,#6097,#6098,#6099,#6100,#6101,#6102,#6103,#6104,
#6105,#6106,#6107,#6108,#6109,#6110,#6111,#6112,#6113,#6114,#6115,#6116,
#6117,#6118),.UNSPECIFIED.,.F.,.F.,(4,1,1,1,1,1,1,1,1,1,1,1,1,1,1,1,1,1,
1,1,1,1,1,1,1,1,1,1,1,4),(0.,0.0905435754010972,0.10130927283528,0.11520772571417,
0.131652596037831,0.150299325856981,0.17091406108236,0.193324640843059,
0.217397464998304,0.243024943237999,0.270118012820405,0.29860136230956,
0.328410219668282,0.359488101772539,0.391785184229788,0.425257087589203,
0.45986395242589,0.4955697204922,0.532341566415862,0.570149441681502,0.608965703886983,
0.648764811805834,0.689523071958752,0.731218426019739,0.773830270967691,
0.817339305770613,0.861727399772386,0.90697747898504,0.953073427271242,
0.968217322901949),.UNSPECIFIED.);
#114=B_SPLINE_CURVE_WITH_KNOTS('',3,(#6119,#6120,#6121,#6122,#6123,#6124,
#6125,#6126,#6127,#6128,#6129,#6130,#6131,#6132,#6133,#6134,#6135,#6136,
#6137,#6138,#6139,#6140,#6141,#6142,#6143,#6144,#6145,#6146,#6147,#6148,
#6149,#6150),.UNSPECIFIED.,.F.,.F.,(4,1,1,1,1,1,1,1,1,1,1,1,1,1,1,1,1,1,
1,1,1,1,1,1,1,1,1,1,1,4),(0.,0.0905435754010972,0.10130927283528,0.11520772571417,
0.131652596037831,0.150299325856981,0.17091406108236,0.193324640843059,
0.217397464998304,0.243024943237999,0.270118012820405,0.29860136230956,
0.328410219668282,0.359488101772539,0.391785184229788,0.425257087589203,
0.45986395242589,0.4955697204922,0.532341566415862,0.570149441681502,0.608965703886983,
0.648764811805834,0.689523071958752,0.731218426019739,0.773830270967691,
0.817339305770613,0.861727399772386,0.90697747898504,0.953073427271242,
0.968217322901949),.UNSPECIFIED.);
#115=B_SPLINE_CURVE_WITH_KNOTS('',3,(#6158,#6159,#6160,#6161,#6162,#6163,
#6164,#6165,#6166,#6167,#6168,#6169,#6170,#6171,#6172,#6173,#6174,#6175,
#6176,#6177,#6178,#6179,#6180,#6181,#6182,#6183,#6184,#6185,#6186,#6187,
#6188,#6189),.UNSPECIFIED.,.F.,.F.,(4,1,1,1,1,1,1,1,1,1,1,1,1,1,1,1,1,1,
1,1,1,1,1,1,1,1,1,1,1,4),(0.,0.0905435754010972,0.10130927283528,0.11520772571417,
0.131652596037831,0.150299325856981,0.17091406108236,0.193324640843059,
0.217397464998304,0.243024943237999,0.270118012820405,0.29860136230956,
0.328410219668282,0.359488101772539,0.391785184229788,0.425257087589203,
0.45986395242589,0.4955697204922,0.532341566415862,0.570149441681502,0.608965703886983,
0.648764811805834,0.689523071958752,0.731218426019739,0.773830270967691,
0.817339305770613,0.861727399772386,0.90697747898504,0.953073427271242,
0.968217322901949),.UNSPECIFIED.);
#116=B_SPLINE_CURVE_WITH_KNOTS('',3,(#6190,#6191,#6192,#6193,#6194,#6195,
#6196,#6197,#6198,#6199,#6200,#6201,#6202,#6203,#6204,#6205,#6206,#6207,
#6208,#6209,#6210,#6211,#6212,#6213,#6214,#6215,#6216,#6217,#6218,#6219,
#6220,#6221),.UNSPECIFIED.,.F.,.F.,(4,1,1,1,1,1,1,1,1,1,1,1,1,1,1,1,1,1,
1,1,1,1,1,1,1,1,1,1,1,4),(0.,0.0905435754010972,0.10130927283528,0.11520772571417,
0.131652596037831,0.150299325856981,0.17091406108236,0.193324640843059,
0.217397464998304,0.243024943237999,0.270118012820405,0.29860136230956,
0.328410219668282,0.359488101772539,0.391785184229788,0.425257087589203,
0.45986395242589,0.4955697204922,0.532341566415862,0.570149441681502,0.608965703886983,
0.648764811805834,0.689523071958752,0.731218426019739,0.773830270967691,
0.817339305770613,0.861727399772386,0.90697747898504,0.953073427271242,
0.968217322901949),.UNSPECIFIED.);
#117=B_SPLINE_CURVE_WITH_KNOTS('',3,(#6229,#6230,#6231,#6232,#6233,#6234,
#6235,#6236,#6237,#6238,#6239,#6240,#6241,#6242,#6243,#6244,#6245,#6246,
#6247,#6248,#6249,#6250,#6251,#6252,#6253,#6254,#6255,#6256,#6257,#6258,
#6259,#6260),.UNSPECIFIED.,.F.,.F.,(4,1,1,1,1,1,1,1,1,1,1,1,1,1,1,1,1,1,
1,1,1,1,1,1,1,1,1,1,1,4),(0.,0.0905435754010972,0.10130927283528,0.11520772571417,
0.131652596037831,0.150299325856981,0.17091406108236,0.193324640843059,
0.217397464998304,0.243024943237999,0.270118012820405,0.29860136230956,
0.328410219668282,0.359488101772539,0.391785184229788,0.425257087589203,
0.45986395242589,0.4955697204922,0.532341566415862,0.570149441681502,0.608965703886983,
0.648764811805834,0.689523071958752,0.731218426019739,0.773830270967691,
0.817339305770613,0.861727399772386,0.90697747898504,0.953073427271242,
0.968217322901949),.UNSPECIFIED.);
#118=B_SPLINE_CURVE_WITH_KNOTS('',3,(#6261,#6262,#6263,#6264,#6265,#6266,
#6267,#6268,#6269,#6270,#6271,#6272,#6273,#6274,#6275,#6276,#6277,#6278,
#6279,#6280,#6281,#6282,#6283,#6284,#6285,#6286,#6287,#6288,#6289,#6290,
#6291,#6292),.UNSPECIFIED.,.F.,.F.,(4,1,1,1,1,1,1,1,1,1,1,1,1,1,1,1,1,1,
1,1,1,1,1,1,1,1,1,1,1,4),(0.,0.0905435754010972,0.10130927283528,0.11520772571417,
0.131652596037831,0.150299325856981,0.17091406108236,0.193324640843059,
0.217397464998304,0.243024943237999,0.270118012820405,0.29860136230956,
0.328410219668282,0.359488101772539,0.391785184229788,0.425257087589203,
0.45986395242589,0.4955697204922,0.532341566415862,0.570149441681502,0.608965703886983,
0.648764811805834,0.689523071958752,0.731218426019739,0.773830270967691,
0.817339305770613,0.861727399772386,0.90697747898504,0.953073427271242,
0.968217322901949),.UNSPECIFIED.);
#119=B_SPLINE_CURVE_WITH_KNOTS('',3,(#6300,#6301,#6302,#6303,#6304,#6305,
#6306,#6307,#6308,#6309,#6310,#6311,#6312,#6313,#6314,#6315,#6316,#6317,
#6318,#6319,#6320,#6321,#6322,#6323,#6324,#6325,#6326,#6327,#6328,#6329,
#6330,#6331),.UNSPECIFIED.,.F.,.F.,(4,1,1,1,1,1,1,1,1,1,1,1,1,1,1,1,1,1,
1,1,1,1,1,1,1,1,1,1,1,4),(0.,0.0905435754010972,0.10130927283528,0.11520772571417,
0.131652596037831,0.150299325856981,0.17091406108236,0.193324640843059,
0.217397464998304,0.243024943237999,0.270118012820405,0.29860136230956,
0.328410219668282,0.359488101772539,0.391785184229788,0.425257087589203,
0.45986395242589,0.4955697204922,0.532341566415862,0.570149441681502,0.608965703886983,
0.648764811805834,0.689523071958752,0.731218426019739,0.773830270967691,
0.817339305770613,0.861727399772386,0.90697747898504,0.953073427271242,
0.968217322901949),.UNSPECIFIED.);
#120=B_SPLINE_CURVE_WITH_KNOTS('',3,(#6332,#6333,#6334,#6335,#6336,#6337,
#6338,#6339,#6340,#6341,#6342,#6343,#6344,#6345,#6346,#6347,#6348,#6349,
#6350,#6351,#6352,#6353,#6354,#6355,#6356,#6357,#6358,#6359,#6360,#6361,
#6362,#6363),.UNSPECIFIED.,.F.,.F.,(4,1,1,1,1,1,1,1,1,1,1,1,1,1,1,1,1,1,
1,1,1,1,1,1,1,1,1,1,1,4),(0.,0.0905435754010972,0.10130927283528,0.11520772571417,
0.131652596037831,0.150299325856981,0.17091406108236,0.193324640843059,
0.217397464998304,0.243024943237999,0.270118012820405,0.29860136230956,
0.328410219668282,0.359488101772539,0.391785184229788,0.425257087589203,
0.45986395242589,0.4955697204922,0.532341566415862,0.570149441681502,0.608965703886983,
0.648764811805834,0.689523071958752,0.731218426019739,0.773830270967691,
0.817339305770613,0.861727399772386,0.90697747898504,0.953073427271242,
0.968217322901949),.UNSPECIFIED.);
#121=B_SPLINE_CURVE_WITH_KNOTS('',3,(#6371,#6372,#6373,#6374,#6375,#6376,
#6377,#6378,#6379,#6380,#6381,#6382,#6383,#6384,#6385,#6386,#6387,#6388,
#6389,#6390,#6391,#6392,#6393,#6394,#6395,#6396,#6397,#6398,#6399,#6400,
#6401,#6402),.UNSPECIFIED.,.F.,.F.,(4,1,1,1,1,1,1,1,1,1,1,1,1,1,1,1,1,1,
1,1,1,1,1,1,1,1,1,1,1,4),(0.,0.0905435754010972,0.10130927283528,0.11520772571417,
0.131652596037831,0.150299325856981,0.17091406108236,0.193324640843059,
0.217397464998304,0.243024943237999,0.270118012820405,0.29860136230956,
0.328410219668282,0.359488101772539,0.391785184229788,0.425257087589203,
0.45986395242589,0.4955697204922,0.532341566415862,0.570149441681502,0.608965703886983,
0.648764811805834,0.689523071958752,0.731218426019739,0.773830270967691,
0.817339305770613,0.861727399772386,0.90697747898504,0.953073427271242,
0.968217322901949),.UNSPECIFIED.);
#122=B_SPLINE_CURVE_WITH_KNOTS('',3,(#6403,#6404,#6405,#6406,#6407,#6408,
#6409,#6410,#6411,#6412,#6413,#6414,#6415,#6416,#6417,#6418,#6419,#6420,
#6421,#6422,#6423,#6424,#6425,#6426,#6427,#6428,#6429,#6430,#6431,#6432,
#6433,#6434),.UNSPECIFIED.,.F.,.F.,(4,1,1,1,1,1,1,1,1,1,1,1,1,1,1,1,1,1,
1,1,1,1,1,1,1,1,1,1,1,4),(0.,0.0905435754010972,0.10130927283528,0.11520772571417,
0.131652596037831,0.150299325856981,0.17091406108236,0.193324640843059,
0.217397464998304,0.243024943237999,0.270118012820405,0.29860136230956,
0.328410219668282,0.359488101772539,0.391785184229788,0.425257087589203,
0.45986395242589,0.4955697204922,0.532341566415862,0.570149441681502,0.608965703886983,
0.648764811805834,0.689523071958752,0.731218426019739,0.773830270967691,
0.817339305770613,0.861727399772386,0.90697747898504,0.953073427271242,
0.968217322901949),.UNSPECIFIED.);
#123=B_SPLINE_CURVE_WITH_KNOTS('',3,(#6442,#6443,#6444,#6445,#6446,#6447,
#6448,#6449,#6450,#6451,#6452,#6453,#6454,#6455,#6456,#6457,#6458,#6459,
#6460,#6461,#6462,#6463,#6464,#6465,#6466,#6467,#6468,#6469,#6470,#6471,
#6472,#6473),.UNSPECIFIED.,.F.,.F.,(4,1,1,1,1,1,1,1,1,1,1,1,1,1,1,1,1,1,
1,1,1,1,1,1,1,1,1,1,1,4),(0.,0.0905435754010972,0.10130927283528,0.11520772571417,
0.131652596037831,0.150299325856981,0.17091406108236,0.193324640843059,
0.217397464998304,0.243024943237999,0.270118012820405,0.29860136230956,
0.328410219668282,0.359488101772539,0.391785184229788,0.425257087589203,
0.45986395242589,0.4955697204922,0.532341566415862,0.570149441681502,0.608965703886983,
0.648764811805834,0.689523071958752,0.731218426019739,0.773830270967691,
0.817339305770613,0.861727399772386,0.90697747898504,0.953073427271242,
0.968217322901949),.UNSPECIFIED.);
#124=B_SPLINE_CURVE_WITH_KNOTS('',3,(#6474,#6475,#6476,#6477,#6478,#6479,
#6480,#6481,#6482,#6483,#6484,#6485,#6486,#6487,#6488,#6489,#6490,#6491,
#6492,#6493,#6494,#6495,#6496,#6497,#6498,#6499,#6500,#6501,#6502,#6503,
#6504,#6505),.UNSPECIFIED.,.F.,.F.,(4,1,1,1,1,1,1,1,1,1,1,1,1,1,1,1,1,1,
1,1,1,1,1,1,1,1,1,1,1,4),(0.,0.0905435754010972,0.10130927283528,0.11520772571417,
0.131652596037831,0.150299325856981,0.17091406108236,0.193324640843059,
0.217397464998304,0.243024943237999,0.270118012820405,0.29860136230956,
0.328410219668282,0.359488101772539,0.391785184229788,0.425257087589203,
0.45986395242589,0.4955697204922,0.532341566415862,0.570149441681502,0.608965703886983,
0.648764811805834,0.689523071958752,0.731218426019739,0.773830270967691,
0.817339305770613,0.861727399772386,0.90697747898504,0.953073427271242,
0.968217322901949),.UNSPECIFIED.);
#125=B_SPLINE_CURVE_WITH_KNOTS('',3,(#6513,#6514,#6515,#6516,#6517,#6518,
#6519,#6520,#6521,#6522,#6523,#6524,#6525,#6526,#6527,#6528,#6529,#6530,
#6531,#6532,#6533,#6534,#6535,#6536,#6537,#6538,#6539,#6540,#6541,#6542,
#6543,#6544),.UNSPECIFIED.,.F.,.F.,(4,1,1,1,1,1,1,1,1,1,1,1,1,1,1,1,1,1,
1,1,1,1,1,1,1,1,1,1,1,4),(0.,0.0905435754010972,0.10130927283528,0.11520772571417,
0.131652596037831,0.150299325856981,0.17091406108236,0.193324640843059,
0.217397464998304,0.243024943237999,0.270118012820405,0.29860136230956,
0.328410219668282,0.359488101772539,0.391785184229788,0.425257087589203,
0.45986395242589,0.4955697204922,0.532341566415862,0.570149441681502,0.608965703886983,
0.648764811805834,0.689523071958752,0.731218426019739,0.773830270967691,
0.817339305770613,0.861727399772386,0.90697747898504,0.953073427271242,
0.968217322901949),.UNSPECIFIED.);
#126=B_SPLINE_CURVE_WITH_KNOTS('',3,(#6545,#6546,#6547,#6548,#6549,#6550,
#6551,#6552,#6553,#6554,#6555,#6556,#6557,#6558,#6559,#6560,#6561,#6562,
#6563,#6564,#6565,#6566,#6567,#6568,#6569,#6570,#6571,#6572,#6573,#6574,
#6575,#6576),.UNSPECIFIED.,.F.,.F.,(4,1,1,1,1,1,1,1,1,1,1,1,1,1,1,1,1,1,
1,1,1,1,1,1,1,1,1,1,1,4),(0.,0.0905435754010972,0.10130927283528,0.11520772571417,
0.131652596037831,0.150299325856981,0.17091406108236,0.193324640843059,
0.217397464998304,0.243024943237999,0.270118012820405,0.29860136230956,
0.328410219668282,0.359488101772539,0.391785184229788,0.425257087589203,
0.45986395242589,0.4955697204922,0.532341566415862,0.570149441681502,0.608965703886983,
0.648764811805834,0.689523071958752,0.731218426019739,0.773830270967691,
0.817339305770613,0.861727399772386,0.90697747898504,0.953073427271242,
0.968217322901949),.UNSPECIFIED.);
#127=B_SPLINE_CURVE_WITH_KNOTS('',3,(#6584,#6585,#6586,#6587,#6588,#6589,
#6590,#6591,#6592,#6593,#6594,#6595,#6596,#6597,#6598,#6599,#6600,#6601,
#6602,#6603,#6604,#6605,#6606,#6607,#6608,#6609,#6610,#6611,#6612,#6613,
#6614,#6615),.UNSPECIFIED.,.F.,.F.,(4,1,1,1,1,1,1,1,1,1,1,1,1,1,1,1,1,1,
1,1,1,1,1,1,1,1,1,1,1,4),(0.,0.0905435754010972,0.10130927283528,0.11520772571417,
0.131652596037831,0.150299325856981,0.17091406108236,0.193324640843059,
0.217397464998304,0.243024943237999,0.270118012820405,0.29860136230956,
0.328410219668282,0.359488101772539,0.391785184229788,0.425257087589203,
0.45986395242589,0.4955697204922,0.532341566415862,0.570149441681502,0.608965703886983,
0.648764811805834,0.689523071958752,0.731218426019739,0.773830270967691,
0.817339305770613,0.861727399772386,0.90697747898504,0.953073427271242,
0.968217322901949),.UNSPECIFIED.);
#128=B_SPLINE_CURVE_WITH_KNOTS('',3,(#6616,#6617,#6618,#6619,#6620,#6621,
#6622,#6623,#6624,#6625,#6626,#6627,#6628,#6629,#6630,#6631,#6632,#6633,
#6634,#6635,#6636,#6637,#6638,#6639,#6640,#6641,#6642,#6643,#6644,#6645,
#6646,#6647),.UNSPECIFIED.,.F.,.F.,(4,1,1,1,1,1,1,1,1,1,1,1,1,1,1,1,1,1,
1,1,1,1,1,1,1,1,1,1,1,4),(0.,0.0905435754010972,0.10130927283528,0.11520772571417,
0.131652596037831,0.150299325856981,0.17091406108236,0.193324640843059,
0.217397464998304,0.243024943237999,0.270118012820405,0.29860136230956,
0.328410219668282,0.359488101772539,0.391785184229788,0.425257087589203,
0.45986395242589,0.4955697204922,0.532341566415862,0.570149441681502,0.608965703886983,
0.648764811805834,0.689523071958752,0.731218426019739,0.773830270967691,
0.817339305770613,0.861727399772386,0.90697747898504,0.953073427271242,
0.968217322901949),.UNSPECIFIED.);
#129=B_SPLINE_CURVE_WITH_KNOTS('',3,(#6655,#6656,#6657,#6658,#6659,#6660,
#6661,#6662,#6663,#6664,#6665,#6666,#6667,#6668,#6669,#6670,#6671,#6672,
#6673,#6674,#6675,#6676,#6677,#6678,#6679,#6680,#6681,#6682,#6683,#6684,
#6685,#6686),.UNSPECIFIED.,.F.,.F.,(4,1,1,1,1,1,1,1,1,1,1,1,1,1,1,1,1,1,
1,1,1,1,1,1,1,1,1,1,1,4),(0.,0.0905435754010972,0.10130927283528,0.11520772571417,
0.131652596037831,0.150299325856981,0.17091406108236,0.193324640843059,
0.217397464998304,0.243024943237999,0.270118012820405,0.29860136230956,
0.328410219668282,0.359488101772539,0.391785184229788,0.425257087589203,
0.45986395242589,0.4955697204922,0.532341566415862,0.570149441681502,0.608965703886983,
0.648764811805834,0.689523071958752,0.731218426019739,0.773830270967691,
0.817339305770613,0.861727399772386,0.90697747898504,0.953073427271242,
0.968217322901949),.UNSPECIFIED.);
#130=B_SPLINE_CURVE_WITH_KNOTS('',3,(#6687,#6688,#6689,#6690,#6691,#6692,
#6693,#6694,#6695,#6696,#6697,#6698,#6699,#6700,#6701,#6702,#6703,#6704,
#6705,#6706,#6707,#6708,#6709,#6710,#6711,#6712,#6713,#6714,#6715,#6716,
#6717,#6718),.UNSPECIFIED.,.F.,.F.,(4,1,1,1,1,1,1,1,1,1,1,1,1,1,1,1,1,1,
1,1,1,1,1,1,1,1,1,1,1,4),(0.,0.0905435754010972,0.10130927283528,0.11520772571417,
0.131652596037831,0.150299325856981,0.17091406108236,0.193324640843059,
0.217397464998304,0.243024943237999,0.270118012820405,0.29860136230956,
0.328410219668282,0.359488101772539,0.391785184229788,0.425257087589203,
0.45986395242589,0.4955697204922,0.532341566415862,0.570149441681502,0.608965703886983,
0.648764811805834,0.689523071958752,0.731218426019739,0.773830270967691,
0.817339305770613,0.861727399772386,0.90697747898504,0.953073427271242,
0.968217322901949),.UNSPECIFIED.);
#131=B_SPLINE_CURVE_WITH_KNOTS('',3,(#6726,#6727,#6728,#6729,#6730,#6731,
#6732,#6733,#6734,#6735,#6736,#6737,#6738,#6739,#6740,#6741,#6742,#6743,
#6744,#6745,#6746,#6747,#6748,#6749,#6750,#6751,#6752,#6753,#6754,#6755,
#6756,#6757),.UNSPECIFIED.,.F.,.F.,(4,1,1,1,1,1,1,1,1,1,1,1,1,1,1,1,1,1,
1,1,1,1,1,1,1,1,1,1,1,4),(0.,0.0905435754010972,0.10130927283528,0.11520772571417,
0.131652596037831,0.150299325856981,0.17091406108236,0.193324640843059,
0.217397464998304,0.243024943237999,0.270118012820405,0.29860136230956,
0.328410219668282,0.359488101772539,0.391785184229788,0.425257087589203,
0.45986395242589,0.4955697204922,0.532341566415862,0.570149441681502,0.608965703886983,
0.648764811805834,0.689523071958752,0.731218426019739,0.773830270967691,
0.817339305770613,0.861727399772386,0.90697747898504,0.953073427271242,
0.968217322901949),.UNSPECIFIED.);
#132=B_SPLINE_CURVE_WITH_KNOTS('',3,(#6758,#6759,#6760,#6761,#6762,#6763,
#6764,#6765,#6766,#6767,#6768,#6769,#6770,#6771,#6772,#6773,#6774,#6775,
#6776,#6777,#6778,#6779,#6780,#6781,#6782,#6783,#6784,#6785,#6786,#6787,
#6788,#6789),.UNSPECIFIED.,.F.,.F.,(4,1,1,1,1,1,1,1,1,1,1,1,1,1,1,1,1,1,
1,1,1,1,1,1,1,1,1,1,1,4),(0.,0.0905435754010972,0.10130927283528,0.11520772571417,
0.131652596037831,0.150299325856981,0.17091406108236,0.193324640843059,
0.217397464998304,0.243024943237999,0.270118012820405,0.29860136230956,
0.328410219668282,0.359488101772539,0.391785184229788,0.425257087589203,
0.45986395242589,0.4955697204922,0.532341566415862,0.570149441681502,0.608965703886983,
0.648764811805834,0.689523071958752,0.731218426019739,0.773830270967691,
0.817339305770613,0.861727399772386,0.90697747898504,0.953073427271242,
0.968217322901949),.UNSPECIFIED.);
#133=B_SPLINE_CURVE_WITH_KNOTS('',3,(#6797,#6798,#6799,#6800,#6801,#6802,
#6803,#6804,#6805,#6806,#6807,#6808,#6809,#6810,#6811,#6812,#6813,#6814,
#6815,#6816,#6817,#6818,#6819,#6820,#6821,#6822,#6823,#6824,#6825,#6826,
#6827,#6828),.UNSPECIFIED.,.F.,.F.,(4,1,1,1,1,1,1,1,1,1,1,1,1,1,1,1,1,1,
1,1,1,1,1,1,1,1,1,1,1,4),(0.,0.0905435754010972,0.10130927283528,0.11520772571417,
0.131652596037831,0.150299325856981,0.17091406108236,0.193324640843059,
0.217397464998304,0.243024943237999,0.270118012820405,0.29860136230956,
0.328410219668282,0.359488101772539,0.391785184229788,0.425257087589203,
0.45986395242589,0.4955697204922,0.532341566415862,0.570149441681502,0.608965703886983,
0.648764811805834,0.689523071958752,0.731218426019739,0.773830270967691,
0.817339305770613,0.861727399772386,0.90697747898504,0.953073427271242,
0.968217322901949),.UNSPECIFIED.);
#134=B_SPLINE_CURVE_WITH_KNOTS('',3,(#6829,#6830,#6831,#6832,#6833,#6834,
#6835,#6836,#6837,#6838,#6839,#6840,#6841,#6842,#6843,#6844,#6845,#6846,
#6847,#6848,#6849,#6850,#6851,#6852,#6853,#6854,#6855,#6856,#6857,#6858,
#6859,#6860),.UNSPECIFIED.,.F.,.F.,(4,1,1,1,1,1,1,1,1,1,1,1,1,1,1,1,1,1,
1,1,1,1,1,1,1,1,1,1,1,4),(0.,0.0905435754010972,0.10130927283528,0.11520772571417,
0.131652596037831,0.150299325856981,0.17091406108236,0.193324640843059,
0.217397464998304,0.243024943237999,0.270118012820405,0.29860136230956,
0.328410219668282,0.359488101772539,0.391785184229788,0.425257087589203,
0.45986395242589,0.4955697204922,0.532341566415862,0.570149441681502,0.608965703886983,
0.648764811805834,0.689523071958752,0.731218426019739,0.773830270967691,
0.817339305770613,0.861727399772386,0.90697747898504,0.953073427271242,
0.968217322901949),.UNSPECIFIED.);
#135=B_SPLINE_CURVE_WITH_KNOTS('',3,(#6868,#6869,#6870,#6871,#6872,#6873,
#6874,#6875,#6876,#6877,#6878,#6879,#6880,#6881,#6882,#6883,#6884,#6885,
#6886,#6887,#6888,#6889,#6890,#6891,#6892,#6893,#6894,#6895,#6896,#6897,
#6898,#6899),.UNSPECIFIED.,.F.,.F.,(4,1,1,1,1,1,1,1,1,1,1,1,1,1,1,1,1,1,
1,1,1,1,1,1,1,1,1,1,1,4),(0.,0.0905435754010972,0.10130927283528,0.11520772571417,
0.131652596037831,0.150299325856981,0.17091406108236,0.193324640843059,
0.217397464998304,0.243024943237999,0.270118012820405,0.29860136230956,
0.328410219668282,0.359488101772539,0.391785184229788,0.425257087589203,
0.45986395242589,0.4955697204922,0.532341566415862,0.570149441681502,0.608965703886983,
0.648764811805834,0.689523071958752,0.731218426019739,0.773830270967691,
0.817339305770613,0.861727399772386,0.90697747898504,0.953073427271242,
0.968217322901949),.UNSPECIFIED.);
#136=B_SPLINE_CURVE_WITH_KNOTS('',3,(#6900,#6901,#6902,#6903,#6904,#6905,
#6906,#6907,#6908,#6909,#6910,#6911,#6912,#6913,#6914,#6915,#6916,#6917,
#6918,#6919,#6920,#6921,#6922,#6923,#6924,#6925,#6926,#6927,#6928,#6929,
#6930,#6931),.UNSPECIFIED.,.F.,.F.,(4,1,1,1,1,1,1,1,1,1,1,1,1,1,1,1,1,1,
1,1,1,1,1,1,1,1,1,1,1,4),(0.,0.0905435754010972,0.10130927283528,0.11520772571417,
0.131652596037831,0.150299325856981,0.17091406108236,0.193324640843059,
0.217397464998304,0.243024943237999,0.270118012820405,0.29860136230956,
0.328410219668282,0.359488101772539,0.391785184229788,0.425257087589203,
0.45986395242589,0.4955697204922,0.532341566415862,0.570149441681502,0.608965703886983,
0.648764811805834,0.689523071958752,0.731218426019739,0.773830270967691,
0.817339305770613,0.861727399772386,0.90697747898504,0.953073427271242,
0.968217322901949),.UNSPECIFIED.);
#137=B_SPLINE_CURVE_WITH_KNOTS('',3,(#6939,#6940,#6941,#6942,#6943,#6944,
#6945,#6946,#6947,#6948,#6949,#6950,#6951,#6952,#6953,#6954,#6955,#6956,
#6957,#6958,#6959,#6960,#6961,#6962,#6963,#6964,#6965,#6966,#6967,#6968,
#6969,#6970),.UNSPECIFIED.,.F.,.F.,(4,1,1,1,1,1,1,1,1,1,1,1,1,1,1,1,1,1,
1,1,1,1,1,1,1,1,1,1,1,4),(0.,0.0905435754010972,0.10130927283528,0.11520772571417,
0.131652596037831,0.150299325856981,0.17091406108236,0.193324640843059,
0.217397464998304,0.243024943237999,0.270118012820405,0.29860136230956,
0.328410219668282,0.359488101772539,0.391785184229788,0.425257087589203,
0.45986395242589,0.4955697204922,0.532341566415862,0.570149441681502,0.608965703886983,
0.648764811805834,0.689523071958752,0.731218426019739,0.773830270967691,
0.817339305770613,0.861727399772386,0.90697747898504,0.953073427271242,
0.968217322901949),.UNSPECIFIED.);
#138=B_SPLINE_CURVE_WITH_KNOTS('',3,(#6971,#6972,#6973,#6974,#6975,#6976,
#6977,#6978,#6979,#6980,#6981,#6982,#6983,#6984,#6985,#6986,#6987,#6988,
#6989,#6990,#6991,#6992,#6993,#6994,#6995,#6996,#6997,#6998,#6999,#7000,
#7001,#7002),.UNSPECIFIED.,.F.,.F.,(4,1,1,1,1,1,1,1,1,1,1,1,1,1,1,1,1,1,
1,1,1,1,1,1,1,1,1,1,1,4),(0.,0.0905435754010972,0.10130927283528,0.11520772571417,
0.131652596037831,0.150299325856981,0.17091406108236,0.193324640843059,
0.217397464998304,0.243024943237999,0.270118012820405,0.29860136230956,
0.328410219668282,0.359488101772539,0.391785184229788,0.425257087589203,
0.45986395242589,0.4955697204922,0.532341566415862,0.570149441681502,0.608965703886983,
0.648764811805834,0.689523071958752,0.731218426019739,0.773830270967691,
0.817339305770613,0.861727399772386,0.90697747898504,0.953073427271242,
0.968217322901949),.UNSPECIFIED.);
#139=B_SPLINE_CURVE_WITH_KNOTS('',3,(#7010,#7011,#7012,#7013,#7014,#7015,
#7016,#7017,#7018,#7019,#7020,#7021,#7022,#7023,#7024,#7025,#7026,#7027,
#7028,#7029,#7030,#7031,#7032,#7033,#7034,#7035,#7036,#7037,#7038,#7039,
#7040,#7041),.UNSPECIFIED.,.F.,.F.,(4,1,1,1,1,1,1,1,1,1,1,1,1,1,1,1,1,1,
1,1,1,1,1,1,1,1,1,1,1,4),(0.,0.0905435754010972,0.10130927283528,0.11520772571417,
0.131652596037831,0.150299325856981,0.17091406108236,0.193324640843059,
0.217397464998304,0.243024943237999,0.270118012820405,0.29860136230956,
0.328410219668282,0.359488101772539,0.391785184229788,0.425257087589203,
0.45986395242589,0.4955697204922,0.532341566415862,0.570149441681502,0.608965703886983,
0.648764811805834,0.689523071958752,0.731218426019739,0.773830270967691,
0.817339305770613,0.861727399772386,0.90697747898504,0.953073427271242,
0.968217322901949),.UNSPECIFIED.);
#140=B_SPLINE_CURVE_WITH_KNOTS('',3,(#7042,#7043,#7044,#7045,#7046,#7047,
#7048,#7049,#7050,#7051,#7052,#7053,#7054,#7055,#7056,#7057,#7058,#7059,
#7060,#7061,#7062,#7063,#7064,#7065,#7066,#7067,#7068,#7069,#7070,#7071,
#7072,#7073),.UNSPECIFIED.,.F.,.F.,(4,1,1,1,1,1,1,1,1,1,1,1,1,1,1,1,1,1,
1,1,1,1,1,1,1,1,1,1,1,4),(0.,0.0905435754010972,0.10130927283528,0.11520772571417,
0.131652596037831,0.150299325856981,0.17091406108236,0.193324640843059,
0.217397464998304,0.243024943237999,0.270118012820405,0.29860136230956,
0.328410219668282,0.359488101772539,0.391785184229788,0.425257087589203,
0.45986395242589,0.4955697204922,0.532341566415862,0.570149441681502,0.608965703886983,
0.648764811805834,0.689523071958752,0.731218426019739,0.773830270967691,
0.817339305770613,0.861727399772386,0.90697747898504,0.953073427271242,
0.968217322901949),.UNSPECIFIED.);
#141=B_SPLINE_CURVE_WITH_KNOTS('',3,(#7081,#7082,#7083,#7084,#7085,#7086,
#7087,#7088,#7089,#7090,#7091,#7092,#7093,#7094,#7095,#7096,#7097,#7098,
#7099,#7100,#7101,#7102,#7103,#7104,#7105,#7106,#7107,#7108,#7109,#7110,
#7111,#7112),.UNSPECIFIED.,.F.,.F.,(4,1,1,1,1,1,1,1,1,1,1,1,1,1,1,1,1,1,
1,1,1,1,1,1,1,1,1,1,1,4),(0.,0.0905435754010972,0.10130927283528,0.11520772571417,
0.131652596037831,0.150299325856981,0.17091406108236,0.193324640843059,
0.217397464998304,0.243024943237999,0.270118012820405,0.29860136230956,
0.328410219668282,0.359488101772539,0.391785184229788,0.425257087589203,
0.45986395242589,0.4955697204922,0.532341566415862,0.570149441681502,0.608965703886983,
0.648764811805834,0.689523071958752,0.731218426019739,0.773830270967691,
0.817339305770613,0.861727399772386,0.90697747898504,0.953073427271242,
0.968217322901949),.UNSPECIFIED.);
#142=B_SPLINE_CURVE_WITH_KNOTS('',3,(#7113,#7114,#7115,#7116,#7117,#7118,
#7119,#7120,#7121,#7122,#7123,#7124,#7125,#7126,#7127,#7128,#7129,#7130,
#7131,#7132,#7133,#7134,#7135,#7136,#7137,#7138,#7139,#7140,#7141,#7142,
#7143,#7144),.UNSPECIFIED.,.F.,.F.,(4,1,1,1,1,1,1,1,1,1,1,1,1,1,1,1,1,1,
1,1,1,1,1,1,1,1,1,1,1,4),(0.,0.0905435754010972,0.10130927283528,0.11520772571417,
0.131652596037831,0.150299325856981,0.17091406108236,0.193324640843059,
0.217397464998304,0.243024943237999,0.270118012820405,0.29860136230956,
0.328410219668282,0.359488101772539,0.391785184229788,0.425257087589203,
0.45986395242589,0.4955697204922,0.532341566415862,0.570149441681502,0.608965703886983,
0.648764811805834,0.689523071958752,0.731218426019739,0.773830270967691,
0.817339305770613,0.861727399772386,0.90697747898504,0.953073427271242,
0.968217322901949),.UNSPECIFIED.);
#143=B_SPLINE_CURVE_WITH_KNOTS('',3,(#7152,#7153,#7154,#7155,#7156,#7157,
#7158,#7159,#7160,#7161,#7162,#7163,#7164,#7165,#7166,#7167,#7168,#7169,
#7170,#7171,#7172,#7173,#7174,#7175,#7176,#7177,#7178,#7179,#7180,#7181,
#7182,#7183),.UNSPECIFIED.,.F.,.F.,(4,1,1,1,1,1,1,1,1,1,1,1,1,1,1,1,1,1,
1,1,1,1,1,1,1,1,1,1,1,4),(0.,0.0905435754010972,0.10130927283528,0.11520772571417,
0.131652596037831,0.150299325856981,0.17091406108236,0.193324640843059,
0.217397464998304,0.243024943237999,0.270118012820405,0.29860136230956,
0.328410219668282,0.359488101772539,0.391785184229788,0.425257087589203,
0.45986395242589,0.4955697204922,0.532341566415862,0.570149441681502,0.608965703886983,
0.648764811805834,0.689523071958752,0.731218426019739,0.773830270967691,
0.817339305770613,0.861727399772386,0.90697747898504,0.953073427271242,
0.968217322901949),.UNSPECIFIED.);
#144=B_SPLINE_CURVE_WITH_KNOTS('',3,(#7184,#7185,#7186,#7187,#7188,#7189,
#7190,#7191,#7192,#7193,#7194,#7195,#7196,#7197,#7198,#7199,#7200,#7201,
#7202,#7203,#7204,#7205,#7206,#7207,#7208,#7209,#7210,#7211,#7212,#7213,
#7214,#7215),.UNSPECIFIED.,.F.,.F.,(4,1,1,1,1,1,1,1,1,1,1,1,1,1,1,1,1,1,
1,1,1,1,1,1,1,1,1,1,1,4),(0.,0.0905435754010972,0.10130927283528,0.11520772571417,
0.131652596037831,0.150299325856981,0.17091406108236,0.193324640843059,
0.217397464998304,0.243024943237999,0.270118012820405,0.29860136230956,
0.328410219668282,0.359488101772539,0.391785184229788,0.425257087589203,
0.45986395242589,0.4955697204922,0.532341566415862,0.570149441681502,0.608965703886983,
0.648764811805834,0.689523071958752,0.731218426019739,0.773830270967691,
0.817339305770613,0.861727399772386,0.90697747898504,0.953073427271242,
0.968217322901949),.UNSPECIFIED.);
#145=B_SPLINE_CURVE_WITH_KNOTS('',3,(#7223,#7224,#7225,#7226,#7227,#7228,
#7229,#7230,#7231,#7232,#7233,#7234,#7235,#7236,#7237,#7238,#7239,#7240,
#7241,#7242,#7243,#7244,#7245,#7246,#7247,#7248,#7249,#7250,#7251,#7252,
#7253,#7254),.UNSPECIFIED.,.F.,.F.,(4,1,1,1,1,1,1,1,1,1,1,1,1,1,1,1,1,1,
1,1,1,1,1,1,1,1,1,1,1,4),(0.,0.0905435754010972,0.10130927283528,0.11520772571417,
0.131652596037831,0.150299325856981,0.17091406108236,0.193324640843059,
0.217397464998304,0.243024943237999,0.270118012820405,0.29860136230956,
0.328410219668282,0.359488101772539,0.391785184229788,0.425257087589203,
0.45986395242589,0.4955697204922,0.532341566415862,0.570149441681502,0.608965703886983,
0.648764811805834,0.689523071958752,0.731218426019739,0.773830270967691,
0.817339305770613,0.861727399772386,0.90697747898504,0.953073427271242,
0.968217322901949),.UNSPECIFIED.);
#146=B_SPLINE_CURVE_WITH_KNOTS('',3,(#7255,#7256,#7257,#7258,#7259,#7260,
#7261,#7262,#7263,#7264,#7265,#7266,#7267,#7268,#7269,#7270,#7271,#7272,
#7273,#7274,#7275,#7276,#7277,#7278,#7279,#7280,#7281,#7282,#7283,#7284,
#7285,#7286),.UNSPECIFIED.,.F.,.F.,(4,1,1,1,1,1,1,1,1,1,1,1,1,1,1,1,1,1,
1,1,1,1,1,1,1,1,1,1,1,4),(0.,0.0905435754010972,0.10130927283528,0.11520772571417,
0.131652596037831,0.150299325856981,0.17091406108236,0.193324640843059,
0.217397464998304,0.243024943237999,0.270118012820405,0.29860136230956,
0.328410219668282,0.359488101772539,0.391785184229788,0.425257087589203,
0.45986395242589,0.4955697204922,0.532341566415862,0.570149441681502,0.608965703886983,
0.648764811805834,0.689523071958752,0.731218426019739,0.773830270967691,
0.817339305770613,0.861727399772386,0.90697747898504,0.953073427271242,
0.968217322901949),.UNSPECIFIED.);
#147=B_SPLINE_CURVE_WITH_KNOTS('',3,(#7294,#7295,#7296,#7297,#7298,#7299,
#7300,#7301,#7302,#7303,#7304,#7305,#7306,#7307,#7308,#7309,#7310,#7311,
#7312,#7313,#7314,#7315,#7316,#7317,#7318,#7319,#7320,#7321,#7322,#7323,
#7324,#7325),.UNSPECIFIED.,.F.,.F.,(4,1,1,1,1,1,1,1,1,1,1,1,1,1,1,1,1,1,
1,1,1,1,1,1,1,1,1,1,1,4),(0.,0.0905435754010972,0.10130927283528,0.11520772571417,
0.131652596037831,0.150299325856981,0.17091406108236,0.193324640843059,
0.217397464998304,0.243024943237999,0.270118012820405,0.29860136230956,
0.328410219668282,0.359488101772539,0.391785184229788,0.425257087589203,
0.45986395242589,0.4955697204922,0.532341566415862,0.570149441681502,0.608965703886983,
0.648764811805834,0.689523071958752,0.731218426019739,0.773830270967691,
0.817339305770613,0.861727399772386,0.90697747898504,0.953073427271242,
0.968217322901949),.UNSPECIFIED.);
#148=B_SPLINE_CURVE_WITH_KNOTS('',3,(#7326,#7327,#7328,#7329,#7330,#7331,
#7332,#7333,#7334,#7335,#7336,#7337,#7338,#7339,#7340,#7341,#7342,#7343,
#7344,#7345,#7346,#7347,#7348,#7349,#7350,#7351,#7352,#7353,#7354,#7355,
#7356,#7357),.UNSPECIFIED.,.F.,.F.,(4,1,1,1,1,1,1,1,1,1,1,1,1,1,1,1,1,1,
1,1,1,1,1,1,1,1,1,1,1,4),(0.,0.0905435754010972,0.10130927283528,0.11520772571417,
0.131652596037831,0.150299325856981,0.17091406108236,0.193324640843059,
0.217397464998304,0.243024943237999,0.270118012820405,0.29860136230956,
0.328410219668282,0.359488101772539,0.391785184229788,0.425257087589203,
0.45986395242589,0.4955697204922,0.532341566415862,0.570149441681502,0.608965703886983,
0.648764811805834,0.689523071958752,0.731218426019739,0.773830270967691,
0.817339305770613,0.861727399772386,0.90697747898504,0.953073427271242,
0.968217322901949),.UNSPECIFIED.);
#149=B_SPLINE_CURVE_WITH_KNOTS('',3,(#7365,#7366,#7367,#7368,#7369,#7370,
#7371,#7372,#7373,#7374,#7375,#7376,#7377,#7378,#7379,#7380,#7381,#7382,
#7383,#7384,#7385,#7386,#7387,#7388,#7389,#7390,#7391,#7392,#7393,#7394,
#7395,#7396),.UNSPECIFIED.,.F.,.F.,(4,1,1,1,1,1,1,1,1,1,1,1,1,1,1,1,1,1,
1,1,1,1,1,1,1,1,1,1,1,4),(0.,0.0905435754010972,0.10130927283528,0.11520772571417,
0.131652596037831,0.150299325856981,0.17091406108236,0.193324640843059,
0.217397464998304,0.243024943237999,0.270118012820405,0.29860136230956,
0.328410219668282,0.359488101772539,0.391785184229788,0.425257087589203,
0.45986395242589,0.4955697204922,0.532341566415862,0.570149441681502,0.608965703886983,
0.648764811805834,0.689523071958752,0.731218426019739,0.773830270967691,
0.817339305770613,0.861727399772386,0.90697747898504,0.953073427271242,
0.968217322901949),.UNSPECIFIED.);
#150=B_SPLINE_CURVE_WITH_KNOTS('',3,(#7397,#7398,#7399,#7400,#7401,#7402,
#7403,#7404,#7405,#7406,#7407,#7408,#7409,#7410,#7411,#7412,#7413,#7414,
#7415,#7416,#7417,#7418,#7419,#7420,#7421,#7422,#7423,#7424,#7425,#7426,
#7427,#7428),.UNSPECIFIED.,.F.,.F.,(4,1,1,1,1,1,1,1,1,1,1,1,1,1,1,1,1,1,
1,1,1,1,1,1,1,1,1,1,1,4),(0.,0.0905435754010972,0.10130927283528,0.11520772571417,
0.131652596037831,0.150299325856981,0.17091406108236,0.193324640843059,
0.217397464998304,0.243024943237999,0.270118012820405,0.29860136230956,
0.328410219668282,0.359488101772539,0.391785184229788,0.425257087589203,
0.45986395242589,0.4955697204922,0.532341566415862,0.570149441681502,0.608965703886983,
0.648764811805834,0.689523071958752,0.731218426019739,0.773830270967691,
0.817339305770613,0.861727399772386,0.90697747898504,0.953073427271242,
0.968217322901949),.UNSPECIFIED.);
#151=B_SPLINE_CURVE_WITH_KNOTS('',3,(#7436,#7437,#7438,#7439,#7440,#7441,
#7442,#7443,#7444,#7445,#7446,#7447,#7448,#7449,#7450,#7451,#7452,#7453,
#7454,#7455,#7456,#7457,#7458,#7459,#7460,#7461,#7462,#7463,#7464,#7465,
#7466,#7467),.UNSPECIFIED.,.F.,.F.,(4,1,1,1,1,1,1,1,1,1,1,1,1,1,1,1,1,1,
1,1,1,1,1,1,1,1,1,1,1,4),(0.,0.0905435754010972,0.10130927283528,0.11520772571417,
0.131652596037831,0.150299325856981,0.17091406108236,0.193324640843059,
0.217397464998304,0.243024943237999,0.270118012820405,0.29860136230956,
0.328410219668282,0.359488101772539,0.391785184229788,0.425257087589203,
0.45986395242589,0.4955697204922,0.532341566415862,0.570149441681502,0.608965703886983,
0.648764811805834,0.689523071958752,0.731218426019739,0.773830270967691,
0.817339305770613,0.861727399772386,0.90697747898504,0.953073427271242,
0.968217322901949),.UNSPECIFIED.);
#152=B_SPLINE_CURVE_WITH_KNOTS('',3,(#7468,#7469,#7470,#7471,#7472,#7473,
#7474,#7475,#7476,#7477,#7478,#7479,#7480,#7481,#7482,#7483,#7484,#7485,
#7486,#7487,#7488,#7489,#7490,#7491,#7492,#7493,#7494,#7495,#7496,#7497,
#7498,#7499),.UNSPECIFIED.,.F.,.F.,(4,1,1,1,1,1,1,1,1,1,1,1,1,1,1,1,1,1,
1,1,1,1,1,1,1,1,1,1,1,4),(0.,0.0905435754010972,0.10130927283528,0.11520772571417,
0.131652596037831,0.150299325856981,0.17091406108236,0.193324640843059,
0.217397464998304,0.243024943237999,0.270118012820405,0.29860136230956,
0.328410219668282,0.359488101772539,0.391785184229788,0.425257087589203,
0.45986395242589,0.4955697204922,0.532341566415862,0.570149441681502,0.608965703886983,
0.648764811805834,0.689523071958752,0.731218426019739,0.773830270967691,
0.817339305770613,0.861727399772386,0.90697747898504,0.953073427271242,
0.968217322901949),.UNSPECIFIED.);
#153=B_SPLINE_CURVE_WITH_KNOTS('',3,(#7507,#7508,#7509,#7510,#7511,#7512,
#7513,#7514,#7515,#7516,#7517,#7518,#7519,#7520,#7521,#7522,#7523,#7524,
#7525,#7526,#7527,#7528,#7529,#7530,#7531,#7532,#7533,#7534,#7535,#7536,
#7537,#7538),.UNSPECIFIED.,.F.,.F.,(4,1,1,1,1,1,1,1,1,1,1,1,1,1,1,1,1,1,
1,1,1,1,1,1,1,1,1,1,1,4),(0.,0.0905435754010972,0.10130927283528,0.11520772571417,
0.131652596037831,0.150299325856981,0.17091406108236,0.193324640843059,
0.217397464998304,0.243024943237999,0.270118012820405,0.29860136230956,
0.328410219668282,0.359488101772539,0.391785184229788,0.425257087589203,
0.45986395242589,0.4955697204922,0.532341566415862,0.570149441681502,0.608965703886983,
0.648764811805834,0.689523071958752,0.731218426019739,0.773830270967691,
0.817339305770613,0.861727399772386,0.90697747898504,0.953073427271242,
0.968217322901949),.UNSPECIFIED.);
#154=B_SPLINE_CURVE_WITH_KNOTS('',3,(#7539,#7540,#7541,#7542,#7543,#7544,
#7545,#7546,#7547,#7548,#7549,#7550,#7551,#7552,#7553,#7554,#7555,#7556,
#7557,#7558,#7559,#7560,#7561,#7562,#7563,#7564,#7565,#7566,#7567,#7568,
#7569,#7570),.UNSPECIFIED.,.F.,.F.,(4,1,1,1,1,1,1,1,1,1,1,1,1,1,1,1,1,1,
1,1,1,1,1,1,1,1,1,1,1,4),(0.,0.0905435754010972,0.10130927283528,0.11520772571417,
0.131652596037831,0.150299325856981,0.17091406108236,0.193324640843059,
0.217397464998304,0.243024943237999,0.270118012820405,0.29860136230956,
0.328410219668282,0.359488101772539,0.391785184229788,0.425257087589203,
0.45986395242589,0.4955697204922,0.532341566415862,0.570149441681502,0.608965703886983,
0.648764811805834,0.689523071958752,0.731218426019739,0.773830270967691,
0.817339305770613,0.861727399772386,0.90697747898504,0.953073427271242,
0.968217322901949),.UNSPECIFIED.);
#155=B_SPLINE_CURVE_WITH_KNOTS('',3,(#7578,#7579,#7580,#7581,#7582,#7583,
#7584,#7585,#7586,#7587,#7588,#7589,#7590,#7591,#7592,#7593,#7594,#7595,
#7596,#7597,#7598,#7599,#7600,#7601,#7602,#7603,#7604,#7605,#7606,#7607,
#7608,#7609),.UNSPECIFIED.,.F.,.F.,(4,1,1,1,1,1,1,1,1,1,1,1,1,1,1,1,1,1,
1,1,1,1,1,1,1,1,1,1,1,4),(0.,0.0905435754010972,0.10130927283528,0.11520772571417,
0.131652596037831,0.150299325856981,0.17091406108236,0.193324640843059,
0.217397464998304,0.243024943237999,0.270118012820405,0.29860136230956,
0.328410219668282,0.359488101772539,0.391785184229788,0.425257087589203,
0.45986395242589,0.4955697204922,0.532341566415862,0.570149441681502,0.608965703886983,
0.648764811805834,0.689523071958752,0.731218426019739,0.773830270967691,
0.817339305770613,0.861727399772386,0.90697747898504,0.953073427271242,
0.968217322901949),.UNSPECIFIED.);
#156=B_SPLINE_CURVE_WITH_KNOTS('',3,(#7610,#7611,#7612,#7613,#7614,#7615,
#7616,#7617,#7618,#7619,#7620,#7621,#7622,#7623,#7624,#7625,#7626,#7627,
#7628,#7629,#7630,#7631,#7632,#7633,#7634,#7635,#7636,#7637,#7638,#7639,
#7640,#7641),.UNSPECIFIED.,.F.,.F.,(4,1,1,1,1,1,1,1,1,1,1,1,1,1,1,1,1,1,
1,1,1,1,1,1,1,1,1,1,1,4),(0.,0.0905435754010972,0.10130927283528,0.11520772571417,
0.131652596037831,0.150299325856981,0.17091406108236,0.193324640843059,
0.217397464998304,0.243024943237999,0.270118012820405,0.29860136230956,
0.328410219668282,0.359488101772539,0.391785184229788,0.425257087589203,
0.45986395242589,0.4955697204922,0.532341566415862,0.570149441681502,0.608965703886983,
0.648764811805834,0.689523071958752,0.731218426019739,0.773830270967691,
0.817339305770613,0.861727399772386,0.90697747898504,0.953073427271242,
0.968217322901949),.UNSPECIFIED.);
#157=B_SPLINE_CURVE_WITH_KNOTS('',3,(#7649,#7650,#7651,#7652,#7653,#7654,
#7655,#7656,#7657,#7658,#7659,#7660,#7661,#7662,#7663,#7664,#7665,#7666,
#7667,#7668,#7669,#7670,#7671,#7672,#7673,#7674,#7675,#7676,#7677,#7678,
#7679,#7680),.UNSPECIFIED.,.F.,.F.,(4,1,1,1,1,1,1,1,1,1,1,1,1,1,1,1,1,1,
1,1,1,1,1,1,1,1,1,1,1,4),(0.,0.0905435754010972,0.10130927283528,0.11520772571417,
0.131652596037831,0.150299325856981,0.17091406108236,0.193324640843059,
0.217397464998304,0.243024943237999,0.270118012820405,0.29860136230956,
0.328410219668282,0.359488101772539,0.391785184229788,0.425257087589203,
0.45986395242589,0.4955697204922,0.532341566415862,0.570149441681502,0.608965703886983,
0.648764811805834,0.689523071958752,0.731218426019739,0.773830270967691,
0.817339305770613,0.861727399772386,0.90697747898504,0.953073427271242,
0.968217322901949),.UNSPECIFIED.);
#158=B_SPLINE_CURVE_WITH_KNOTS('',3,(#7681,#7682,#7683,#7684,#7685,#7686,
#7687,#7688,#7689,#7690,#7691,#7692,#7693,#7694,#7695,#7696,#7697,#7698,
#7699,#7700,#7701,#7702,#7703,#7704,#7705,#7706,#7707,#7708,#7709,#7710,
#7711,#7712),.UNSPECIFIED.,.F.,.F.,(4,1,1,1,1,1,1,1,1,1,1,1,1,1,1,1,1,1,
1,1,1,1,1,1,1,1,1,1,1,4),(0.,0.0905435754010972,0.10130927283528,0.11520772571417,
0.131652596037831,0.150299325856981,0.17091406108236,0.193324640843059,
0.217397464998304,0.243024943237999,0.270118012820405,0.29860136230956,
0.328410219668282,0.359488101772539,0.391785184229788,0.425257087589203,
0.45986395242589,0.4955697204922,0.532341566415862,0.570149441681502,0.608965703886983,
0.648764811805834,0.689523071958752,0.731218426019739,0.773830270967691,
0.817339305770613,0.861727399772386,0.90697747898504,0.953073427271242,
0.968217322901949),.UNSPECIFIED.);
#159=B_SPLINE_CURVE_WITH_KNOTS('',3,(#7720,#7721,#7722,#7723,#7724,#7725,
#7726,#7727,#7728,#7729,#7730,#7731,#7732,#7733,#7734,#7735,#7736,#7737,
#7738,#7739,#7740,#7741,#7742,#7743,#7744,#7745,#7746,#7747,#7748,#7749,
#7750,#7751),.UNSPECIFIED.,.F.,.F.,(4,1,1,1,1,1,1,1,1,1,1,1,1,1,1,1,1,1,
1,1,1,1,1,1,1,1,1,1,1,4),(0.,0.0905435754010972,0.10130927283528,0.11520772571417,
0.131652596037831,0.150299325856981,0.17091406108236,0.193324640843059,
0.217397464998304,0.243024943237999,0.270118012820405,0.29860136230956,
0.328410219668282,0.359488101772539,0.391785184229788,0.425257087589203,
0.45986395242589,0.4955697204922,0.532341566415862,0.570149441681502,0.608965703886983,
0.648764811805834,0.689523071958752,0.731218426019739,0.773830270967691,
0.817339305770613,0.861727399772386,0.90697747898504,0.953073427271242,
0.968217322901949),.UNSPECIFIED.);
#160=B_SPLINE_CURVE_WITH_KNOTS('',3,(#7752,#7753,#7754,#7755,#7756,#7757,
#7758,#7759,#7760,#7761,#7762,#7763,#7764,#7765,#7766,#7767,#7768,#7769,
#7770,#7771,#7772,#7773,#7774,#7775,#7776,#7777,#7778,#7779,#7780,#7781,
#7782,#7783),.UNSPECIFIED.,.F.,.F.,(4,1,1,1,1,1,1,1,1,1,1,1,1,1,1,1,1,1,
1,1,1,1,1,1,1,1,1,1,1,4),(0.,0.0905435754010972,0.10130927283528,0.11520772571417,
0.131652596037831,0.150299325856981,0.17091406108236,0.193324640843059,
0.217397464998304,0.243024943237999,0.270118012820405,0.29860136230956,
0.328410219668282,0.359488101772539,0.391785184229788,0.425257087589203,
0.45986395242589,0.4955697204922,0.532341566415862,0.570149441681502,0.608965703886983,
0.648764811805834,0.689523071958752,0.731218426019739,0.773830270967691,
0.817339305770613,0.861727399772386,0.90697747898504,0.953073427271242,
0.968217322901949),.UNSPECIFIED.);
#161=B_SPLINE_CURVE_WITH_KNOTS('',3,(#7791,#7792,#7793,#7794,#7795,#7796,
#7797,#7798,#7799,#7800,#7801,#7802,#7803,#7804,#7805,#7806,#7807,#7808,
#7809,#7810,#7811,#7812,#7813,#7814,#7815,#7816,#7817,#7818,#7819,#7820,
#7821,#7822),.UNSPECIFIED.,.F.,.F.,(4,1,1,1,1,1,1,1,1,1,1,1,1,1,1,1,1,1,
1,1,1,1,1,1,1,1,1,1,1,4),(0.,0.0905435754010972,0.10130927283528,0.11520772571417,
0.131652596037831,0.150299325856981,0.17091406108236,0.193324640843059,
0.217397464998304,0.243024943237999,0.270118012820405,0.29860136230956,
0.328410219668282,0.359488101772539,0.391785184229788,0.425257087589203,
0.45986395242589,0.4955697204922,0.532341566415862,0.570149441681502,0.608965703886983,
0.648764811805834,0.689523071958752,0.731218426019739,0.773830270967691,
0.817339305770613,0.861727399772386,0.90697747898504,0.953073427271242,
0.968217322901949),.UNSPECIFIED.);
#162=B_SPLINE_CURVE_WITH_KNOTS('',3,(#7823,#7824,#7825,#7826,#7827,#7828,
#7829,#7830,#7831,#7832,#7833,#7834,#7835,#7836,#7837,#7838,#7839,#7840,
#7841,#7842,#7843,#7844,#7845,#7846,#7847,#7848,#7849,#7850,#7851,#7852,
#7853,#7854),.UNSPECIFIED.,.F.,.F.,(4,1,1,1,1,1,1,1,1,1,1,1,1,1,1,1,1,1,
1,1,1,1,1,1,1,1,1,1,1,4),(0.,0.0905435754010972,0.10130927283528,0.11520772571417,
0.131652596037831,0.150299325856981,0.17091406108236,0.193324640843059,
0.217397464998304,0.243024943237999,0.270118012820405,0.29860136230956,
0.328410219668282,0.359488101772539,0.391785184229788,0.425257087589203,
0.45986395242589,0.4955697204922,0.532341566415862,0.570149441681502,0.608965703886983,
0.648764811805834,0.689523071958752,0.731218426019739,0.773830270967691,
0.817339305770613,0.861727399772386,0.90697747898504,0.953073427271242,
0.968217322901949),.UNSPECIFIED.);
#163=PLANE('',#3044);
#164=PLANE('',#3124);
#165=PLANE('',#3279);
#166=PLANE('',#3281);
#167=PLANE('',#3283);
#168=LINE('',#4079,#318);
#169=LINE('',#4084,#319);
#170=LINE('',#4091,#320);
#171=LINE('',#4095,#321);
#172=LINE('',#4097,#322);
#173=LINE('',#4102,#323);
#174=LINE('',#4106,#324);
#175=LINE('',#4111,#325);
#176=LINE('',#4115,#326);
#177=LINE('',#4120,#327);
#178=LINE('',#4124,#328);
#179=LINE('',#4129,#329);
#180=LINE('',#4133,#330);
#181=LINE('',#4138,#331);
#182=LINE('',#4145,#332);
#183=LINE('',#4149,#333);
#184=LINE('',#4151,#334);
#185=LINE('',#4156,#335);
#186=LINE('',#4160,#336);
#187=LINE('',#4165,#337);
#188=LINE('',#4169,#338);
#189=LINE('',#4174,#339);
#190=LINE('',#4178,#340);
#191=LINE('',#4183,#341);
#192=LINE('',#4187,#342);
#193=LINE('',#4192,#343);
#194=LINE('',#4199,#344);
#195=LINE('',#4203,#345);
#196=LINE('',#4205,#346);
#197=LINE('',#4210,#347);
#198=LINE('',#4217,#348);
#199=LINE('',#4221,#349);
#200=LINE('',#4226,#350);
#201=LINE('',#4230,#351);
#202=LINE('',#4235,#352);
#203=LINE('',#4239,#353);
#204=LINE('',#4244,#354);
#205=LINE('',#4248,#355);
#206=LINE('',#4253,#356);
#207=LINE('',#4257,#357);
#208=LINE('',#4259,#358);
#209=LINE('',#4264,#359);
#210=LINE('',#4268,#360);
#211=LINE('',#4273,#361);
#212=LINE('',#4280,#362);
#213=LINE('',#4284,#363);
#214=LINE('',#4289,#364);
#215=LINE('',#4293,#365);
#216=LINE('',#6076,#366);
#217=LINE('',#6080,#367);
#218=LINE('',#7879,#368);
#219=LINE('',#7900,#369);
#220=LINE('',#7902,#370);
#221=LINE('',#7903,#371);
#222=LINE('',#7926,#372);
#223=LINE('',#7947,#373);
#224=LINE('',#7949,#374);
#225=LINE('',#7950,#375);
#226=LINE('',#7973,#376);
#227=LINE('',#7994,#377);
#228=LINE('',#7996,#378);
#229=LINE('',#7997,#379);
#230=LINE('',#8020,#380);
#231=LINE('',#8041,#381);
#232=LINE('',#8043,#382);
#233=LINE('',#8044,#383);
#234=LINE('',#8067,#384);
#235=LINE('',#8088,#385);
#236=LINE('',#8090,#386);
#237=LINE('',#8091,#387);
#238=LINE('',#8114,#388);
#239=LINE('',#8135,#389);
#240=LINE('',#8137,#390);
#241=LINE('',#8138,#391);
#242=LINE('',#8161,#392);
#243=LINE('',#8182,#393);
#244=LINE('',#8184,#394);
#245=LINE('',#8185,#395);
#246=LINE('',#8208,#396);
#247=LINE('',#8229,#397);
#248=LINE('',#8231,#398);
#249=LINE('',#8232,#399);
#250=LINE('',#8255,#400);
#251=LINE('',#8276,#401);
#252=LINE('',#8278,#402);
#253=LINE('',#8279,#403);
#254=LINE('',#8302,#404);
#255=LINE('',#8323,#405);
#256=LINE('',#8325,#406);
#257=LINE('',#8326,#407);
#258=LINE('',#8349,#408);
#259=LINE('',#8370,#409);
#260=LINE('',#8372,#410);
#261=LINE('',#8373,#411);
#262=LINE('',#8396,#412);
#263=LINE('',#8417,#413);
#264=LINE('',#8419,#414);
#265=LINE('',#8420,#415);
#266=LINE('',#8443,#416);
#267=LINE('',#8464,#417);
#268=LINE('',#8466,#418);
#269=LINE('',#8467,#419);
#270=LINE('',#8490,#420);
#271=LINE('',#8511,#421);
#272=LINE('',#8513,#422);
#273=LINE('',#8514,#423);
#274=LINE('',#8537,#424);
#275=LINE('',#8558,#425);
#276=LINE('',#8560,#426);
#277=LINE('',#8561,#427);
#278=LINE('',#8584,#428);
#279=LINE('',#8605,#429);
#280=LINE('',#8607,#430);
#281=LINE('',#8608,#431);
#282=LINE('',#8631,#432);
#283=LINE('',#8652,#433);
#284=LINE('',#8654,#434);
#285=LINE('',#8655,#435);
#286=LINE('',#8678,#436);
#287=LINE('',#8699,#437);
#288=LINE('',#8701,#438);
#289=LINE('',#8702,#439);
#290=LINE('',#8725,#440);
#291=LINE('',#8746,#441);
#292=LINE('',#8748,#442);
#293=LINE('',#8749,#443);
#294=LINE('',#8772,#444);
#295=LINE('',#8793,#445);
#296=LINE('',#8795,#446);
#297=LINE('',#8796,#447);
#298=LINE('',#8819,#448);
#299=LINE('',#8840,#449);
#300=LINE('',#8842,#450);
#301=LINE('',#8843,#451);
#302=LINE('',#8866,#452);
#303=LINE('',#8887,#453);
#304=LINE('',#8889,#454);
#305=LINE('',#8890,#455);
#306=LINE('',#8913,#456);
#307=LINE('',#8934,#457);
#308=LINE('',#8936,#458);
#309=LINE('',#8937,#459);
#310=LINE('',#8960,#460);
#311=LINE('',#8981,#461);
#312=LINE('',#8983,#462);
#313=LINE('',#8984,#463);
#314=LINE('',#9007,#464);
#315=LINE('',#9028,#465);
#316=LINE('',#9030,#466);
#317=LINE('',#9031,#467);
#318=VECTOR('',#3296,1.);
#319=VECTOR('',#3299,1.);
#320=VECTOR('',#3306,1.);
#321=VECTOR('',#3309,1.);
#322=VECTOR('',#3312,1.);
#323=VECTOR('',#3315,1.);
#324=VECTOR('',#3320,1.);
#325=VECTOR('',#3323,1.);
#326=VECTOR('',#3328,1.);
#327=VECTOR('',#3331,1.);
#328=VECTOR('',#3336,1.);
#329=VECTOR('',#3339,1.);
#330=VECTOR('',#3344,1.);
#331=VECTOR('',#3347,1.);
#332=VECTOR('',#3354,1.);
#333=VECTOR('',#3357,1.);
#334=VECTOR('',#3360,1.);
#335=VECTOR('',#3363,1.);
#336=VECTOR('',#3368,1.);
#337=VECTOR('',#3371,1.);
#338=VECTOR('',#3376,1.);
#339=VECTOR('',#3379,1.);
#340=VECTOR('',#3384,1.);
#341=VECTOR('',#3387,1.);
#342=VECTOR('',#3392,1.);
#343=VECTOR('',#3395,1.);
#344=VECTOR('',#3402,1.);
#345=VECTOR('',#3405,1.);
#346=VECTOR('',#3408,1.);
#347=VECTOR('',#3411,1.);
#348=VECTOR('',#3418,1.);
#349=VECTOR('',#3421,1.);
#350=VECTOR('',#3426,1.);
#351=VECTOR('',#3429,1.);
#352=VECTOR('',#3434,1.);
#353=VECTOR('',#3437,1.);
#354=VECTOR('',#3442,1.);
#355=VECTOR('',#3445,1.);
#356=VECTOR('',#3450,1.);
#357=VECTOR('',#3453,1.);
#358=VECTOR('',#3456,1.);
#359=VECTOR('',#3459,1.);
#360=VECTOR('',#3464,1.);
#361=VECTOR('',#3467,1.);
#362=VECTOR('',#3474,1.);
#363=VECTOR('',#3477,1.);
#364=VECTOR('',#3482,1.);
#365=VECTOR('',#3485,1.);
#366=VECTOR('',#3644,1.);
#367=VECTOR('',#3647,1.);
#368=VECTOR('',#3802,1.);
#369=VECTOR('',#3803,1.);
#370=VECTOR('',#3806,1.);
#371=VECTOR('',#3807,1.);
#372=VECTOR('',#3812,1.);
#373=VECTOR('',#3813,1.);
#374=VECTOR('',#3816,1.);
#375=VECTOR('',#3817,1.);
#376=VECTOR('',#3822,1.);
#377=VECTOR('',#3823,1.);
#378=VECTOR('',#3826,1.);
#379=VECTOR('',#3827,1.);
#380=VECTOR('',#3832,1.);
#381=VECTOR('',#3833,1.);
#382=VECTOR('',#3836,1.);
#383=VECTOR('',#3837,1.);
#384=VECTOR('',#3842,1.);
#385=VECTOR('',#3843,1.);
#386=VECTOR('',#3846,1.);
#387=VECTOR('',#3847,1.);
#388=VECTOR('',#3852,1.);
#389=VECTOR('',#3853,1.);
#390=VECTOR('',#3856,1.);
#391=VECTOR('',#3857,1.);
#392=VECTOR('',#3862,1.);
#393=VECTOR('',#3863,1.);
#394=VECTOR('',#3866,1.);
#395=VECTOR('',#3867,1.);
#396=VECTOR('',#3872,1.);
#397=VECTOR('',#3873,1.);
#398=VECTOR('',#3876,1.);
#399=VECTOR('',#3877,1.);
#400=VECTOR('',#3882,1.);
#401=VECTOR('',#3883,1.);
#402=VECTOR('',#3886,1.);
#403=VECTOR('',#3887,1.);
#404=VECTOR('',#3892,1.);
#405=VECTOR('',#3893,1.);
#406=VECTOR('',#3896,1.);
#407=VECTOR('',#3897,1.);
#408=VECTOR('',#3902,1.);
#409=VECTOR('',#3903,1.);
#410=VECTOR('',#3906,1.);
#411=VECTOR('',#3907,1.);
#412=VECTOR('',#3912,1.);
#413=VECTOR('',#3913,1.);
#414=VECTOR('',#3916,1.);
#415=VECTOR('',#3917,1.);
#416=VECTOR('',#3922,1.);
#417=VECTOR('',#3923,1.);
#418=VECTOR('',#3926,1.);
#419=VECTOR('',#3927,1.);
#420=VECTOR('',#3932,1.);
#421=VECTOR('',#3933,1.);
#422=VECTOR('',#3936,1.);
#423=VECTOR('',#3937,1.);
#424=VECTOR('',#3942,1.);
#425=VECTOR('',#3943,1.);
#426=VECTOR('',#3946,1.);
#427=VECTOR('',#3947,1.);
#428=VECTOR('',#3952,1.);
#429=VECTOR('',#3953,1.);
#430=VECTOR('',#3956,1.);
#431=VECTOR('',#3957,1.);
#432=VECTOR('',#3962,1.);
#433=VECTOR('',#3963,1.);
#434=VECTOR('',#3966,1.);
#435=VECTOR('',#3967,1.);
#436=VECTOR('',#3972,1.);
#437=VECTOR('',#3973,1.);
#438=VECTOR('',#3976,1.);
#439=VECTOR('',#3977,1.);
#440=VECTOR('',#3982,1.);
#441=VECTOR('',#3983,1.);
#442=VECTOR('',#3986,1.);
#443=VECTOR('',#3987,1.);
#444=VECTOR('',#3992,1.);
#445=VECTOR('',#3993,1.);
#446=VECTOR('',#3996,1.);
#447=VECTOR('',#3997,1.);
#448=VECTOR('',#4002,1.);
#449=VECTOR('',#4003,1.);
#450=VECTOR('',#4006,1.);
#451=VECTOR('',#4007,1.);
#452=VECTOR('',#4012,1.);
#453=VECTOR('',#4013,1.);
#454=VECTOR('',#4016,1.);
#455=VECTOR('',#4017,1.);
#456=VECTOR('',#4022,1.);
#457=VECTOR('',#4023,1.);
#458=VECTOR('',#4026,1.);
#459=VECTOR('',#4027,1.);
#460=VECTOR('',#4032,1.);
#461=VECTOR('',#4033,1.);
#462=VECTOR('',#4036,1.);
#463=VECTOR('',#4037,1.);
#464=VECTOR('',#4042,1.);
#465=VECTOR('',#4043,1.);
#466=VECTOR('',#4046,1.);
#467=VECTOR('',#4047,1.);
#468=ORIENTED_EDGE('',*,*,#1384,.T.);
#469=ORIENTED_EDGE('',*,*,#1385,.F.);
#470=ORIENTED_EDGE('',*,*,#1386,.F.);
#471=ORIENTED_EDGE('',*,*,#1387,.F.);
#472=ORIENTED_EDGE('',*,*,#1388,.T.);
#473=ORIENTED_EDGE('',*,*,#1389,.T.);
#474=ORIENTED_EDGE('',*,*,#1390,.F.);
#475=ORIENTED_EDGE('',*,*,#1391,.T.);
#476=ORIENTED_EDGE('',*,*,#1392,.T.);
#477=ORIENTED_EDGE('',*,*,#1393,.F.);
#478=ORIENTED_EDGE('',*,*,#1394,.F.);
#479=ORIENTED_EDGE('',*,*,#1395,.F.);
#480=ORIENTED_EDGE('',*,*,#1396,.T.);
#481=ORIENTED_EDGE('',*,*,#1397,.T.);
#482=ORIENTED_EDGE('',*,*,#1398,.F.);
#483=ORIENTED_EDGE('',*,*,#1399,.F.);
#484=ORIENTED_EDGE('',*,*,#1400,.T.);
#485=ORIENTED_EDGE('',*,*,#1401,.T.);
#486=ORIENTED_EDGE('',*,*,#1402,.F.);
#487=ORIENTED_EDGE('',*,*,#1403,.F.);
#488=ORIENTED_EDGE('',*,*,#1404,.T.);
#489=ORIENTED_EDGE('',*,*,#1405,.T.);
#490=ORIENTED_EDGE('',*,*,#1406,.F.);
#491=ORIENTED_EDGE('',*,*,#1407,.F.);
#492=ORIENTED_EDGE('',*,*,#1408,.T.);
#493=ORIENTED_EDGE('',*,*,#1409,.T.);
#494=ORIENTED_EDGE('',*,*,#1410,.F.);
#495=ORIENTED_EDGE('',*,*,#1411,.F.);
#496=ORIENTED_EDGE('',*,*,#1412,.T.);
#497=ORIENTED_EDGE('',*,*,#1413,.T.);
#498=ORIENTED_EDGE('',*,*,#1414,.F.);
#499=ORIENTED_EDGE('',*,*,#1415,.T.);
#500=ORIENTED_EDGE('',*,*,#1416,.T.);
#501=ORIENTED_EDGE('',*,*,#1417,.F.);
#502=ORIENTED_EDGE('',*,*,#1418,.F.);
#503=ORIENTED_EDGE('',*,*,#1419,.F.);
#504=ORIENTED_EDGE('',*,*,#1420,.T.);
#505=ORIENTED_EDGE('',*,*,#1421,.T.);
#506=ORIENTED_EDGE('',*,*,#1422,.F.);
#507=ORIENTED_EDGE('',*,*,#1423,.F.);
#508=ORIENTED_EDGE('',*,*,#1424,.T.);
#509=ORIENTED_EDGE('',*,*,#1425,.T.);
#510=ORIENTED_EDGE('',*,*,#1426,.F.);
#511=ORIENTED_EDGE('',*,*,#1427,.F.);
#512=ORIENTED_EDGE('',*,*,#1428,.T.);
#513=ORIENTED_EDGE('',*,*,#1429,.T.);
#514=ORIENTED_EDGE('',*,*,#1430,.F.);
#515=ORIENTED_EDGE('',*,*,#1431,.F.);
#516=ORIENTED_EDGE('',*,*,#1432,.T.);
#517=ORIENTED_EDGE('',*,*,#1433,.T.);
#518=ORIENTED_EDGE('',*,*,#1434,.F.);
#519=ORIENTED_EDGE('',*,*,#1435,.F.);
#520=ORIENTED_EDGE('',*,*,#1436,.T.);
#521=ORIENTED_EDGE('',*,*,#1437,.T.);
#522=ORIENTED_EDGE('',*,*,#1438,.F.);
#523=ORIENTED_EDGE('',*,*,#1439,.T.);
#524=ORIENTED_EDGE('',*,*,#1440,.T.);
#525=ORIENTED_EDGE('',*,*,#1441,.F.);
#526=ORIENTED_EDGE('',*,*,#1442,.F.);
#527=ORIENTED_EDGE('',*,*,#1443,.F.);
#528=ORIENTED_EDGE('',*,*,#1444,.T.);
#529=ORIENTED_EDGE('',*,*,#1445,.T.);
#530=ORIENTED_EDGE('',*,*,#1446,.F.);
#531=ORIENTED_EDGE('',*,*,#1447,.T.);
#532=ORIENTED_EDGE('',*,*,#1448,.T.);
#533=ORIENTED_EDGE('',*,*,#1449,.F.);
#534=ORIENTED_EDGE('',*,*,#1450,.F.);
#535=ORIENTED_EDGE('',*,*,#1451,.T.);
#536=ORIENTED_EDGE('',*,*,#1452,.T.);
#537=ORIENTED_EDGE('',*,*,#1453,.F.);
#538=ORIENTED_EDGE('',*,*,#1454,.F.);
#539=ORIENTED_EDGE('',*,*,#1455,.T.);
#540=ORIENTED_EDGE('',*,*,#1456,.T.);
#541=ORIENTED_EDGE('',*,*,#1457,.F.);
#542=ORIENTED_EDGE('',*,*,#1458,.F.);
#543=ORIENTED_EDGE('',*,*,#1459,.T.);
#544=ORIENTED_EDGE('',*,*,#1460,.T.);
#545=ORIENTED_EDGE('',*,*,#1461,.F.);
#546=ORIENTED_EDGE('',*,*,#1462,.F.);
#547=ORIENTED_EDGE('',*,*,#1463,.T.);
#548=ORIENTED_EDGE('',*,*,#1464,.T.);
#549=ORIENTED_EDGE('',*,*,#1465,.F.);
#550=ORIENTED_EDGE('',*,*,#1466,.F.);
#551=ORIENTED_EDGE('',*,*,#1467,.F.);
#552=ORIENTED_EDGE('',*,*,#1468,.T.);
#553=ORIENTED_EDGE('',*,*,#1469,.T.);
#554=ORIENTED_EDGE('',*,*,#1470,.F.);
#555=ORIENTED_EDGE('',*,*,#1471,.F.);
#556=ORIENTED_EDGE('',*,*,#1472,.T.);
#557=ORIENTED_EDGE('',*,*,#1473,.T.);
#558=ORIENTED_EDGE('',*,*,#1474,.F.);
#559=ORIENTED_EDGE('',*,*,#1475,.T.);
#560=ORIENTED_EDGE('',*,*,#1476,.T.);
#561=ORIENTED_EDGE('',*,*,#1477,.F.);
#562=ORIENTED_EDGE('',*,*,#1478,.F.);
#563=ORIENTED_EDGE('',*,*,#1479,.T.);
#564=ORIENTED_EDGE('',*,*,#1480,.T.);
#565=ORIENTED_EDGE('',*,*,#1481,.F.);
#566=ORIENTED_EDGE('',*,*,#1482,.F.);
#567=ORIENTED_EDGE('',*,*,#1483,.F.);
#568=ORIENTED_EDGE('',*,*,#1484,.T.);
#569=ORIENTED_EDGE('',*,*,#1390,.T.);
#570=ORIENTED_EDGE('',*,*,#1485,.F.);
#571=ORIENTED_EDGE('',*,*,#1486,.F.);
#572=ORIENTED_EDGE('',*,*,#1487,.T.);
#573=ORIENTED_EDGE('',*,*,#1488,.F.);
#574=ORIENTED_EDGE('',*,*,#1489,.T.);
#575=ORIENTED_EDGE('',*,*,#1450,.T.);
#576=ORIENTED_EDGE('',*,*,#1490,.F.);
#577=ORIENTED_EDGE('',*,*,#1491,.F.);
#578=ORIENTED_EDGE('',*,*,#1492,.T.);
#579=ORIENTED_EDGE('',*,*,#1493,.F.);
#580=ORIENTED_EDGE('',*,*,#1494,.T.);
#581=ORIENTED_EDGE('',*,*,#1454,.T.);
#582=ORIENTED_EDGE('',*,*,#1495,.F.);
#583=ORIENTED_EDGE('',*,*,#1496,.F.);
#584=ORIENTED_EDGE('',*,*,#1497,.T.);
#585=ORIENTED_EDGE('',*,*,#1498,.F.);
#586=ORIENTED_EDGE('',*,*,#1499,.T.);
#587=ORIENTED_EDGE('',*,*,#1458,.T.);
#588=ORIENTED_EDGE('',*,*,#1500,.F.);
#589=ORIENTED_EDGE('',*,*,#1501,.F.);
#590=ORIENTED_EDGE('',*,*,#1502,.T.);
#591=ORIENTED_EDGE('',*,*,#1503,.F.);
#592=ORIENTED_EDGE('',*,*,#1504,.T.);
#593=ORIENTED_EDGE('',*,*,#1462,.T.);
#594=ORIENTED_EDGE('',*,*,#1505,.F.);
#595=ORIENTED_EDGE('',*,*,#1506,.F.);
#596=ORIENTED_EDGE('',*,*,#1507,.T.);
#597=ORIENTED_EDGE('',*,*,#1508,.F.);
#598=ORIENTED_EDGE('',*,*,#1509,.T.);
#599=ORIENTED_EDGE('',*,*,#1474,.T.);
#600=ORIENTED_EDGE('',*,*,#1510,.F.);
#601=ORIENTED_EDGE('',*,*,#1511,.F.);
#602=ORIENTED_EDGE('',*,*,#1512,.T.);
#603=ORIENTED_EDGE('',*,*,#1513,.F.);
#604=ORIENTED_EDGE('',*,*,#1514,.T.);
#605=ORIENTED_EDGE('',*,*,#1478,.T.);
#606=ORIENTED_EDGE('',*,*,#1515,.F.);
#607=ORIENTED_EDGE('',*,*,#1516,.F.);
#608=ORIENTED_EDGE('',*,*,#1517,.T.);
#609=ORIENTED_EDGE('',*,*,#1518,.F.);
#610=ORIENTED_EDGE('',*,*,#1519,.T.);
#611=ORIENTED_EDGE('',*,*,#1471,.T.);
#612=ORIENTED_EDGE('',*,*,#1520,.F.);
#613=ORIENTED_EDGE('',*,*,#1521,.F.);
#614=ORIENTED_EDGE('',*,*,#1522,.T.);
#615=ORIENTED_EDGE('',*,*,#1523,.F.);
#616=ORIENTED_EDGE('',*,*,#1524,.T.);
#617=ORIENTED_EDGE('',*,*,#1467,.T.);
#618=ORIENTED_EDGE('',*,*,#1525,.F.);
#619=ORIENTED_EDGE('',*,*,#1526,.F.);
#620=ORIENTED_EDGE('',*,*,#1527,.T.);
#621=ORIENTED_EDGE('',*,*,#1528,.F.);
#622=ORIENTED_EDGE('',*,*,#1529,.T.);
#623=ORIENTED_EDGE('',*,*,#1530,.T.);
#624=ORIENTED_EDGE('',*,*,#1531,.F.);
#625=ORIENTED_EDGE('',*,*,#1532,.F.);
#626=ORIENTED_EDGE('',*,*,#1533,.T.);
#627=ORIENTED_EDGE('',*,*,#1534,.F.);
#628=ORIENTED_EDGE('',*,*,#1535,.T.);
#629=ORIENTED_EDGE('',*,*,#1435,.T.);
#630=ORIENTED_EDGE('',*,*,#1536,.F.);
#631=ORIENTED_EDGE('',*,*,#1537,.F.);
#632=ORIENTED_EDGE('',*,*,#1538,.T.);
#633=ORIENTED_EDGE('',*,*,#1539,.F.);
#634=ORIENTED_EDGE('',*,*,#1540,.T.);
#635=ORIENTED_EDGE('',*,*,#1438,.T.);
#636=ORIENTED_EDGE('',*,*,#1541,.F.);
#637=ORIENTED_EDGE('',*,*,#1542,.F.);
#638=ORIENTED_EDGE('',*,*,#1543,.T.);
#639=ORIENTED_EDGE('',*,*,#1544,.F.);
#640=ORIENTED_EDGE('',*,*,#1545,.T.);
#641=ORIENTED_EDGE('',*,*,#1446,.T.);
#642=ORIENTED_EDGE('',*,*,#1546,.F.);
#643=ORIENTED_EDGE('',*,*,#1547,.F.);
#644=ORIENTED_EDGE('',*,*,#1548,.T.);
#645=ORIENTED_EDGE('',*,*,#1549,.F.);
#646=ORIENTED_EDGE('',*,*,#1550,.T.);
#647=ORIENTED_EDGE('',*,*,#1443,.T.);
#648=ORIENTED_EDGE('',*,*,#1551,.F.);
#649=ORIENTED_EDGE('',*,*,#1552,.F.);
#650=ORIENTED_EDGE('',*,*,#1553,.T.);
#651=ORIENTED_EDGE('',*,*,#1554,.F.);
#652=ORIENTED_EDGE('',*,*,#1555,.T.);
#653=ORIENTED_EDGE('',*,*,#1431,.T.);
#654=ORIENTED_EDGE('',*,*,#1556,.F.);
#655=ORIENTED_EDGE('',*,*,#1557,.F.);
#656=ORIENTED_EDGE('',*,*,#1558,.T.);
#657=ORIENTED_EDGE('',*,*,#1559,.F.);
#658=ORIENTED_EDGE('',*,*,#1560,.T.);
#659=ORIENTED_EDGE('',*,*,#1427,.T.);
#660=ORIENTED_EDGE('',*,*,#1561,.F.);
#661=ORIENTED_EDGE('',*,*,#1562,.F.);
#662=ORIENTED_EDGE('',*,*,#1563,.T.);
#663=ORIENTED_EDGE('',*,*,#1564,.F.);
#664=ORIENTED_EDGE('',*,*,#1565,.T.);
#665=ORIENTED_EDGE('',*,*,#1423,.T.);
#666=ORIENTED_EDGE('',*,*,#1566,.F.);
#667=ORIENTED_EDGE('',*,*,#1567,.F.);
#668=ORIENTED_EDGE('',*,*,#1568,.T.);
#669=ORIENTED_EDGE('',*,*,#1569,.F.);
#670=ORIENTED_EDGE('',*,*,#1570,.T.);
#671=ORIENTED_EDGE('',*,*,#1419,.T.);
#672=ORIENTED_EDGE('',*,*,#1571,.F.);
#673=ORIENTED_EDGE('',*,*,#1572,.F.);
#674=ORIENTED_EDGE('',*,*,#1573,.T.);
#675=ORIENTED_EDGE('',*,*,#1574,.F.);
#676=ORIENTED_EDGE('',*,*,#1575,.T.);
#677=ORIENTED_EDGE('',*,*,#1411,.T.);
#678=ORIENTED_EDGE('',*,*,#1576,.F.);
#679=ORIENTED_EDGE('',*,*,#1577,.F.);
#680=ORIENTED_EDGE('',*,*,#1578,.T.);
#681=ORIENTED_EDGE('',*,*,#1579,.F.);
#682=ORIENTED_EDGE('',*,*,#1580,.T.);
#683=ORIENTED_EDGE('',*,*,#1414,.T.);
#684=ORIENTED_EDGE('',*,*,#1581,.F.);
#685=ORIENTED_EDGE('',*,*,#1582,.F.);
#686=ORIENTED_EDGE('',*,*,#1583,.T.);
#687=ORIENTED_EDGE('',*,*,#1584,.F.);
#688=ORIENTED_EDGE('',*,*,#1585,.T.);
#689=ORIENTED_EDGE('',*,*,#1407,.T.);
#690=ORIENTED_EDGE('',*,*,#1586,.F.);
#691=ORIENTED_EDGE('',*,*,#1587,.F.);
#692=ORIENTED_EDGE('',*,*,#1588,.T.);
#693=ORIENTED_EDGE('',*,*,#1589,.F.);
#694=ORIENTED_EDGE('',*,*,#1590,.T.);
#695=ORIENTED_EDGE('',*,*,#1403,.T.);
#696=ORIENTED_EDGE('',*,*,#1591,.F.);
#697=ORIENTED_EDGE('',*,*,#1592,.F.);
#698=ORIENTED_EDGE('',*,*,#1593,.T.);
#699=ORIENTED_EDGE('',*,*,#1594,.F.);
#700=ORIENTED_EDGE('',*,*,#1595,.T.);
#701=ORIENTED_EDGE('',*,*,#1399,.T.);
#702=ORIENTED_EDGE('',*,*,#1596,.F.);
#703=ORIENTED_EDGE('',*,*,#1597,.F.);
#704=ORIENTED_EDGE('',*,*,#1598,.T.);
#705=ORIENTED_EDGE('',*,*,#1599,.F.);
#706=ORIENTED_EDGE('',*,*,#1600,.T.);
#707=ORIENTED_EDGE('',*,*,#1395,.T.);
#708=ORIENTED_EDGE('',*,*,#1601,.F.);
#709=ORIENTED_EDGE('',*,*,#1602,.F.);
#710=ORIENTED_EDGE('',*,*,#1603,.T.);
#711=ORIENTED_EDGE('',*,*,#1604,.F.);
#712=ORIENTED_EDGE('',*,*,#1605,.T.);
#713=ORIENTED_EDGE('',*,*,#1387,.T.);
#714=ORIENTED_EDGE('',*,*,#1606,.F.);
#715=ORIENTED_EDGE('',*,*,#1607,.F.);
#716=ORIENTED_EDGE('',*,*,#1608,.T.);
#717=ORIENTED_EDGE('',*,*,#1530,.F.);
#718=ORIENTED_EDGE('',*,*,#1609,.T.);
#719=ORIENTED_EDGE('',*,*,#1610,.T.);
#720=ORIENTED_EDGE('',*,*,#1611,.F.);
#721=ORIENTED_EDGE('',*,*,#1612,.T.);
#722=ORIENTED_EDGE('',*,*,#1613,.F.);
#723=ORIENTED_EDGE('',*,*,#1614,.T.);
#724=ORIENTED_EDGE('',*,*,#1389,.F.);
#725=ORIENTED_EDGE('',*,*,#1615,.F.);
#726=ORIENTED_EDGE('',*,*,#1616,.F.);
#727=ORIENTED_EDGE('',*,*,#1617,.F.);
#728=ORIENTED_EDGE('',*,*,#1618,.F.);
#729=ORIENTED_EDGE('',*,*,#1619,.T.);
#730=ORIENTED_EDGE('',*,*,#1397,.F.);
#731=ORIENTED_EDGE('',*,*,#1620,.F.);
#732=ORIENTED_EDGE('',*,*,#1621,.F.);
#733=ORIENTED_EDGE('',*,*,#1622,.F.);
#734=ORIENTED_EDGE('',*,*,#1623,.F.);
#735=ORIENTED_EDGE('',*,*,#1624,.T.);
#736=ORIENTED_EDGE('',*,*,#1401,.F.);
#737=ORIENTED_EDGE('',*,*,#1625,.F.);
#738=ORIENTED_EDGE('',*,*,#1626,.F.);
#739=ORIENTED_EDGE('',*,*,#1627,.F.);
#740=ORIENTED_EDGE('',*,*,#1628,.F.);
#741=ORIENTED_EDGE('',*,*,#1629,.T.);
#742=ORIENTED_EDGE('',*,*,#1405,.F.);
#743=ORIENTED_EDGE('',*,*,#1630,.F.);
#744=ORIENTED_EDGE('',*,*,#1631,.F.);
#745=ORIENTED_EDGE('',*,*,#1632,.F.);
#746=ORIENTED_EDGE('',*,*,#1633,.F.);
#747=ORIENTED_EDGE('',*,*,#1634,.T.);
#748=ORIENTED_EDGE('',*,*,#1409,.F.);
#749=ORIENTED_EDGE('',*,*,#1635,.F.);
#750=ORIENTED_EDGE('',*,*,#1636,.F.);
#751=ORIENTED_EDGE('',*,*,#1637,.F.);
#752=ORIENTED_EDGE('',*,*,#1638,.F.);
#753=ORIENTED_EDGE('',*,*,#1639,.T.);
#754=ORIENTED_EDGE('',*,*,#1416,.F.);
#755=ORIENTED_EDGE('',*,*,#1640,.F.);
#756=ORIENTED_EDGE('',*,*,#1641,.F.);
#757=ORIENTED_EDGE('',*,*,#1642,.F.);
#758=ORIENTED_EDGE('',*,*,#1643,.F.);
#759=ORIENTED_EDGE('',*,*,#1644,.T.);
#760=ORIENTED_EDGE('',*,*,#1413,.F.);
#761=ORIENTED_EDGE('',*,*,#1645,.F.);
#762=ORIENTED_EDGE('',*,*,#1646,.F.);
#763=ORIENTED_EDGE('',*,*,#1647,.F.);
#764=ORIENTED_EDGE('',*,*,#1648,.F.);
#765=ORIENTED_EDGE('',*,*,#1649,.T.);
#766=ORIENTED_EDGE('',*,*,#1421,.F.);
#767=ORIENTED_EDGE('',*,*,#1650,.F.);
#768=ORIENTED_EDGE('',*,*,#1651,.F.);
#769=ORIENTED_EDGE('',*,*,#1652,.F.);
#770=ORIENTED_EDGE('',*,*,#1653,.F.);
#771=ORIENTED_EDGE('',*,*,#1654,.T.);
#772=ORIENTED_EDGE('',*,*,#1425,.F.);
#773=ORIENTED_EDGE('',*,*,#1655,.F.);
#774=ORIENTED_EDGE('',*,*,#1656,.F.);
#775=ORIENTED_EDGE('',*,*,#1657,.F.);
#776=ORIENTED_EDGE('',*,*,#1658,.F.);
#777=ORIENTED_EDGE('',*,*,#1659,.T.);
#778=ORIENTED_EDGE('',*,*,#1429,.F.);
#779=ORIENTED_EDGE('',*,*,#1660,.F.);
#780=ORIENTED_EDGE('',*,*,#1661,.F.);
#781=ORIENTED_EDGE('',*,*,#1662,.F.);
#782=ORIENTED_EDGE('',*,*,#1663,.F.);
#783=ORIENTED_EDGE('',*,*,#1664,.T.);
#784=ORIENTED_EDGE('',*,*,#1433,.F.);
#785=ORIENTED_EDGE('',*,*,#1665,.F.);
#786=ORIENTED_EDGE('',*,*,#1666,.F.);
#787=ORIENTED_EDGE('',*,*,#1667,.F.);
#788=ORIENTED_EDGE('',*,*,#1668,.F.);
#789=ORIENTED_EDGE('',*,*,#1669,.T.);
#790=ORIENTED_EDGE('',*,*,#1445,.F.);
#791=ORIENTED_EDGE('',*,*,#1670,.F.);
#792=ORIENTED_EDGE('',*,*,#1671,.F.);
#793=ORIENTED_EDGE('',*,*,#1672,.F.);
#794=ORIENTED_EDGE('',*,*,#1673,.F.);
#795=ORIENTED_EDGE('',*,*,#1674,.T.);
#796=ORIENTED_EDGE('',*,*,#1448,.F.);
#797=ORIENTED_EDGE('',*,*,#1675,.F.);
#798=ORIENTED_EDGE('',*,*,#1676,.F.);
#799=ORIENTED_EDGE('',*,*,#1677,.F.);
#800=ORIENTED_EDGE('',*,*,#1678,.F.);
#801=ORIENTED_EDGE('',*,*,#1679,.T.);
#802=ORIENTED_EDGE('',*,*,#1440,.F.);
#803=ORIENTED_EDGE('',*,*,#1680,.F.);
#804=ORIENTED_EDGE('',*,*,#1681,.F.);
#805=ORIENTED_EDGE('',*,*,#1682,.F.);
#806=ORIENTED_EDGE('',*,*,#1683,.F.);
#807=ORIENTED_EDGE('',*,*,#1684,.T.);
#808=ORIENTED_EDGE('',*,*,#1437,.F.);
#809=ORIENTED_EDGE('',*,*,#1685,.F.);
#810=ORIENTED_EDGE('',*,*,#1686,.F.);
#811=ORIENTED_EDGE('',*,*,#1687,.F.);
#812=ORIENTED_EDGE('',*,*,#1688,.F.);
#813=ORIENTED_EDGE('',*,*,#1689,.T.);
#814=ORIENTED_EDGE('',*,*,#1610,.F.);
#815=ORIENTED_EDGE('',*,*,#1690,.F.);
#816=ORIENTED_EDGE('',*,*,#1691,.F.);
#817=ORIENTED_EDGE('',*,*,#1692,.F.);
#818=ORIENTED_EDGE('',*,*,#1693,.F.);
#819=ORIENTED_EDGE('',*,*,#1694,.T.);
#820=ORIENTED_EDGE('',*,*,#1469,.F.);
#821=ORIENTED_EDGE('',*,*,#1695,.F.);
#822=ORIENTED_EDGE('',*,*,#1696,.F.);
#823=ORIENTED_EDGE('',*,*,#1697,.F.);
#824=ORIENTED_EDGE('',*,*,#1698,.F.);
#825=ORIENTED_EDGE('',*,*,#1699,.T.);
#826=ORIENTED_EDGE('',*,*,#1473,.F.);
#827=ORIENTED_EDGE('',*,*,#1700,.F.);
#828=ORIENTED_EDGE('',*,*,#1701,.F.);
#829=ORIENTED_EDGE('',*,*,#1702,.F.);
#830=ORIENTED_EDGE('',*,*,#1703,.F.);
#831=ORIENTED_EDGE('',*,*,#1704,.T.);
#832=ORIENTED_EDGE('',*,*,#1480,.F.);
#833=ORIENTED_EDGE('',*,*,#1705,.F.);
#834=ORIENTED_EDGE('',*,*,#1706,.F.);
#835=ORIENTED_EDGE('',*,*,#1707,.F.);
#836=ORIENTED_EDGE('',*,*,#1708,.F.);
#837=ORIENTED_EDGE('',*,*,#1709,.T.);
#838=ORIENTED_EDGE('',*,*,#1476,.F.);
#839=ORIENTED_EDGE('',*,*,#1710,.F.);
#840=ORIENTED_EDGE('',*,*,#1711,.F.);
#841=ORIENTED_EDGE('',*,*,#1712,.F.);
#842=ORIENTED_EDGE('',*,*,#1713,.F.);
#843=ORIENTED_EDGE('',*,*,#1714,.T.);
#844=ORIENTED_EDGE('',*,*,#1464,.F.);
#845=ORIENTED_EDGE('',*,*,#1715,.F.);
#846=ORIENTED_EDGE('',*,*,#1716,.F.);
#847=ORIENTED_EDGE('',*,*,#1717,.F.);
#848=ORIENTED_EDGE('',*,*,#1718,.F.);
#849=ORIENTED_EDGE('',*,*,#1719,.T.);
#850=ORIENTED_EDGE('',*,*,#1460,.F.);
#851=ORIENTED_EDGE('',*,*,#1720,.F.);
#852=ORIENTED_EDGE('',*,*,#1721,.F.);
#853=ORIENTED_EDGE('',*,*,#1722,.F.);
#854=ORIENTED_EDGE('',*,*,#1723,.F.);
#855=ORIENTED_EDGE('',*,*,#1724,.T.);
#856=ORIENTED_EDGE('',*,*,#1456,.F.);
#857=ORIENTED_EDGE('',*,*,#1725,.F.);
#858=ORIENTED_EDGE('',*,*,#1726,.F.);
#859=ORIENTED_EDGE('',*,*,#1727,.F.);
#860=ORIENTED_EDGE('',*,*,#1728,.F.);
#861=ORIENTED_EDGE('',*,*,#1729,.T.);
#862=ORIENTED_EDGE('',*,*,#1452,.F.);
#863=ORIENTED_EDGE('',*,*,#1730,.F.);
#864=ORIENTED_EDGE('',*,*,#1731,.F.);
#865=ORIENTED_EDGE('',*,*,#1732,.F.);
#866=ORIENTED_EDGE('',*,*,#1733,.F.);
#867=ORIENTED_EDGE('',*,*,#1734,.T.);
#868=ORIENTED_EDGE('',*,*,#1392,.F.);
#869=ORIENTED_EDGE('',*,*,#1735,.F.);
#870=ORIENTED_EDGE('',*,*,#1736,.F.);
#871=ORIENTED_EDGE('',*,*,#1737,.F.);
#872=ORIENTED_EDGE('',*,*,#1531,.T.);
#873=ORIENTED_EDGE('',*,*,#1611,.T.);
#874=ORIENTED_EDGE('',*,*,#1689,.F.);
#875=ORIENTED_EDGE('',*,*,#1738,.F.);
#876=ORIENTED_EDGE('',*,*,#1685,.T.);
#877=ORIENTED_EDGE('',*,*,#1436,.F.);
#878=ORIENTED_EDGE('',*,*,#1535,.F.);
#879=ORIENTED_EDGE('',*,*,#1739,.F.);
#880=ORIENTED_EDGE('',*,*,#1687,.T.);
#881=ORIENTED_EDGE('',*,*,#1740,.F.);
#882=ORIENTED_EDGE('',*,*,#1533,.F.);
#883=ORIENTED_EDGE('',*,*,#1741,.F.);
#884=ORIENTED_EDGE('',*,*,#1532,.T.);
#885=ORIENTED_EDGE('',*,*,#1738,.T.);
#886=ORIENTED_EDGE('',*,*,#1688,.T.);
#887=ORIENTED_EDGE('',*,*,#1741,.T.);
#888=ORIENTED_EDGE('',*,*,#1534,.T.);
#889=ORIENTED_EDGE('',*,*,#1740,.T.);
#890=ORIENTED_EDGE('',*,*,#1686,.T.);
#891=ORIENTED_EDGE('',*,*,#1739,.T.);
#892=ORIENTED_EDGE('',*,*,#1515,.T.);
#893=ORIENTED_EDGE('',*,*,#1481,.T.);
#894=ORIENTED_EDGE('',*,*,#1704,.F.);
#895=ORIENTED_EDGE('',*,*,#1742,.F.);
#896=ORIENTED_EDGE('',*,*,#1700,.T.);
#897=ORIENTED_EDGE('',*,*,#1472,.F.);
#898=ORIENTED_EDGE('',*,*,#1519,.F.);
#899=ORIENTED_EDGE('',*,*,#1743,.F.);
#900=ORIENTED_EDGE('',*,*,#1702,.T.);
#901=ORIENTED_EDGE('',*,*,#1744,.F.);
#902=ORIENTED_EDGE('',*,*,#1517,.F.);
#903=ORIENTED_EDGE('',*,*,#1745,.F.);
#904=ORIENTED_EDGE('',*,*,#1516,.T.);
#905=ORIENTED_EDGE('',*,*,#1742,.T.);
#906=ORIENTED_EDGE('',*,*,#1703,.T.);
#907=ORIENTED_EDGE('',*,*,#1745,.T.);
#908=ORIENTED_EDGE('',*,*,#1518,.T.);
#909=ORIENTED_EDGE('',*,*,#1744,.T.);
#910=ORIENTED_EDGE('',*,*,#1701,.T.);
#911=ORIENTED_EDGE('',*,*,#1743,.T.);
#912=ORIENTED_EDGE('',*,*,#1510,.T.);
#913=ORIENTED_EDGE('',*,*,#1477,.T.);
#914=ORIENTED_EDGE('',*,*,#1709,.F.);
#915=ORIENTED_EDGE('',*,*,#1746,.F.);
#916=ORIENTED_EDGE('',*,*,#1705,.T.);
#917=ORIENTED_EDGE('',*,*,#1479,.F.);
#918=ORIENTED_EDGE('',*,*,#1514,.F.);
#919=ORIENTED_EDGE('',*,*,#1747,.F.);
#920=ORIENTED_EDGE('',*,*,#1707,.T.);
#921=ORIENTED_EDGE('',*,*,#1748,.F.);
#922=ORIENTED_EDGE('',*,*,#1512,.F.);
#923=ORIENTED_EDGE('',*,*,#1749,.F.);
#924=ORIENTED_EDGE('',*,*,#1511,.T.);
#925=ORIENTED_EDGE('',*,*,#1746,.T.);
#926=ORIENTED_EDGE('',*,*,#1708,.T.);
#927=ORIENTED_EDGE('',*,*,#1749,.T.);
#928=ORIENTED_EDGE('',*,*,#1513,.T.);
#929=ORIENTED_EDGE('',*,*,#1748,.T.);
#930=ORIENTED_EDGE('',*,*,#1706,.T.);
#931=ORIENTED_EDGE('',*,*,#1747,.T.);
#932=ORIENTED_EDGE('',*,*,#1520,.T.);
#933=ORIENTED_EDGE('',*,*,#1470,.T.);
#934=ORIENTED_EDGE('',*,*,#1699,.F.);
#935=ORIENTED_EDGE('',*,*,#1750,.F.);
#936=ORIENTED_EDGE('',*,*,#1695,.T.);
#937=ORIENTED_EDGE('',*,*,#1468,.F.);
#938=ORIENTED_EDGE('',*,*,#1524,.F.);
#939=ORIENTED_EDGE('',*,*,#1751,.F.);
#940=ORIENTED_EDGE('',*,*,#1697,.T.);
#941=ORIENTED_EDGE('',*,*,#1752,.F.);
#942=ORIENTED_EDGE('',*,*,#1522,.F.);
#943=ORIENTED_EDGE('',*,*,#1753,.F.);
#944=ORIENTED_EDGE('',*,*,#1521,.T.);
#945=ORIENTED_EDGE('',*,*,#1750,.T.);
#946=ORIENTED_EDGE('',*,*,#1698,.T.);
#947=ORIENTED_EDGE('',*,*,#1753,.T.);
#948=ORIENTED_EDGE('',*,*,#1523,.T.);
#949=ORIENTED_EDGE('',*,*,#1752,.T.);
#950=ORIENTED_EDGE('',*,*,#1696,.T.);
#951=ORIENTED_EDGE('',*,*,#1751,.T.);
#952=ORIENTED_EDGE('',*,*,#1525,.T.);
#953=ORIENTED_EDGE('',*,*,#1466,.T.);
#954=ORIENTED_EDGE('',*,*,#1694,.F.);
#955=ORIENTED_EDGE('',*,*,#1754,.F.);
#956=ORIENTED_EDGE('',*,*,#1690,.T.);
#957=ORIENTED_EDGE('',*,*,#1609,.F.);
#958=ORIENTED_EDGE('',*,*,#1529,.F.);
#959=ORIENTED_EDGE('',*,*,#1755,.F.);
#960=ORIENTED_EDGE('',*,*,#1692,.T.);
#961=ORIENTED_EDGE('',*,*,#1756,.F.);
#962=ORIENTED_EDGE('',*,*,#1527,.F.);
#963=ORIENTED_EDGE('',*,*,#1757,.F.);
#964=ORIENTED_EDGE('',*,*,#1526,.T.);
#965=ORIENTED_EDGE('',*,*,#1754,.T.);
#966=ORIENTED_EDGE('',*,*,#1693,.T.);
#967=ORIENTED_EDGE('',*,*,#1757,.T.);
#968=ORIENTED_EDGE('',*,*,#1528,.T.);
#969=ORIENTED_EDGE('',*,*,#1756,.T.);
#970=ORIENTED_EDGE('',*,*,#1691,.T.);
#971=ORIENTED_EDGE('',*,*,#1755,.T.);
#972=ORIENTED_EDGE('',*,*,#1505,.T.);
#973=ORIENTED_EDGE('',*,*,#1465,.T.);
#974=ORIENTED_EDGE('',*,*,#1714,.F.);
#975=ORIENTED_EDGE('',*,*,#1758,.F.);
#976=ORIENTED_EDGE('',*,*,#1710,.T.);
#977=ORIENTED_EDGE('',*,*,#1475,.F.);
#978=ORIENTED_EDGE('',*,*,#1509,.F.);
#979=ORIENTED_EDGE('',*,*,#1759,.F.);
#980=ORIENTED_EDGE('',*,*,#1712,.T.);
#981=ORIENTED_EDGE('',*,*,#1760,.F.);
#982=ORIENTED_EDGE('',*,*,#1507,.F.);
#983=ORIENTED_EDGE('',*,*,#1761,.F.);
#984=ORIENTED_EDGE('',*,*,#1506,.T.);
#985=ORIENTED_EDGE('',*,*,#1758,.T.);
#986=ORIENTED_EDGE('',*,*,#1713,.T.);
#987=ORIENTED_EDGE('',*,*,#1761,.T.);
#988=ORIENTED_EDGE('',*,*,#1508,.T.);
#989=ORIENTED_EDGE('',*,*,#1760,.T.);
#990=ORIENTED_EDGE('',*,*,#1711,.T.);
#991=ORIENTED_EDGE('',*,*,#1759,.T.);
#992=ORIENTED_EDGE('',*,*,#1500,.T.);
#993=ORIENTED_EDGE('',*,*,#1461,.T.);
#994=ORIENTED_EDGE('',*,*,#1719,.F.);
#995=ORIENTED_EDGE('',*,*,#1762,.F.);
#996=ORIENTED_EDGE('',*,*,#1715,.T.);
#997=ORIENTED_EDGE('',*,*,#1463,.F.);
#998=ORIENTED_EDGE('',*,*,#1504,.F.);
#999=ORIENTED_EDGE('',*,*,#1763,.F.);
#1000=ORIENTED_EDGE('',*,*,#1717,.T.);
#1001=ORIENTED_EDGE('',*,*,#1764,.F.);
#1002=ORIENTED_EDGE('',*,*,#1502,.F.);
#1003=ORIENTED_EDGE('',*,*,#1765,.F.);
#1004=ORIENTED_EDGE('',*,*,#1501,.T.);
#1005=ORIENTED_EDGE('',*,*,#1762,.T.);
#1006=ORIENTED_EDGE('',*,*,#1718,.T.);
#1007=ORIENTED_EDGE('',*,*,#1765,.T.);
#1008=ORIENTED_EDGE('',*,*,#1503,.T.);
#1009=ORIENTED_EDGE('',*,*,#1764,.T.);
#1010=ORIENTED_EDGE('',*,*,#1716,.T.);
#1011=ORIENTED_EDGE('',*,*,#1763,.T.);
#1012=ORIENTED_EDGE('',*,*,#1495,.T.);
#1013=ORIENTED_EDGE('',*,*,#1457,.T.);
#1014=ORIENTED_EDGE('',*,*,#1724,.F.);
#1015=ORIENTED_EDGE('',*,*,#1766,.F.);
#1016=ORIENTED_EDGE('',*,*,#1720,.T.);
#1017=ORIENTED_EDGE('',*,*,#1459,.F.);
#1018=ORIENTED_EDGE('',*,*,#1499,.F.);
#1019=ORIENTED_EDGE('',*,*,#1767,.F.);
#1020=ORIENTED_EDGE('',*,*,#1722,.T.);
#1021=ORIENTED_EDGE('',*,*,#1768,.F.);
#1022=ORIENTED_EDGE('',*,*,#1497,.F.);
#1023=ORIENTED_EDGE('',*,*,#1769,.F.);
#1024=ORIENTED_EDGE('',*,*,#1496,.T.);
#1025=ORIENTED_EDGE('',*,*,#1766,.T.);
#1026=ORIENTED_EDGE('',*,*,#1723,.T.);
#1027=ORIENTED_EDGE('',*,*,#1769,.T.);
#1028=ORIENTED_EDGE('',*,*,#1498,.T.);
#1029=ORIENTED_EDGE('',*,*,#1768,.T.);
#1030=ORIENTED_EDGE('',*,*,#1721,.T.);
#1031=ORIENTED_EDGE('',*,*,#1767,.T.);
#1032=ORIENTED_EDGE('',*,*,#1490,.T.);
#1033=ORIENTED_EDGE('',*,*,#1453,.T.);
#1034=ORIENTED_EDGE('',*,*,#1729,.F.);
#1035=ORIENTED_EDGE('',*,*,#1770,.F.);
#1036=ORIENTED_EDGE('',*,*,#1725,.T.);
#1037=ORIENTED_EDGE('',*,*,#1455,.F.);
#1038=ORIENTED_EDGE('',*,*,#1494,.F.);
#1039=ORIENTED_EDGE('',*,*,#1771,.F.);
#1040=ORIENTED_EDGE('',*,*,#1727,.T.);
#1041=ORIENTED_EDGE('',*,*,#1772,.F.);
#1042=ORIENTED_EDGE('',*,*,#1492,.F.);
#1043=ORIENTED_EDGE('',*,*,#1773,.F.);
#1044=ORIENTED_EDGE('',*,*,#1491,.T.);
#1045=ORIENTED_EDGE('',*,*,#1770,.T.);
#1046=ORIENTED_EDGE('',*,*,#1728,.T.);
#1047=ORIENTED_EDGE('',*,*,#1773,.T.);
#1048=ORIENTED_EDGE('',*,*,#1493,.T.);
#1049=ORIENTED_EDGE('',*,*,#1772,.T.);
#1050=ORIENTED_EDGE('',*,*,#1726,.T.);
#1051=ORIENTED_EDGE('',*,*,#1771,.T.);
#1052=ORIENTED_EDGE('',*,*,#1546,.T.);
#1053=ORIENTED_EDGE('',*,*,#1449,.T.);
#1054=ORIENTED_EDGE('',*,*,#1674,.F.);
#1055=ORIENTED_EDGE('',*,*,#1774,.F.);
#1056=ORIENTED_EDGE('',*,*,#1670,.T.);
#1057=ORIENTED_EDGE('',*,*,#1444,.F.);
#1058=ORIENTED_EDGE('',*,*,#1550,.F.);
#1059=ORIENTED_EDGE('',*,*,#1775,.F.);
#1060=ORIENTED_EDGE('',*,*,#1672,.T.);
#1061=ORIENTED_EDGE('',*,*,#1776,.F.);
#1062=ORIENTED_EDGE('',*,*,#1548,.F.);
#1063=ORIENTED_EDGE('',*,*,#1777,.F.);
#1064=ORIENTED_EDGE('',*,*,#1547,.T.);
#1065=ORIENTED_EDGE('',*,*,#1774,.T.);
#1066=ORIENTED_EDGE('',*,*,#1673,.T.);
#1067=ORIENTED_EDGE('',*,*,#1777,.T.);
#1068=ORIENTED_EDGE('',*,*,#1549,.T.);
#1069=ORIENTED_EDGE('',*,*,#1776,.T.);
#1070=ORIENTED_EDGE('',*,*,#1671,.T.);
#1071=ORIENTED_EDGE('',*,*,#1775,.T.);
#1072=ORIENTED_EDGE('',*,*,#1551,.T.);
#1073=ORIENTED_EDGE('',*,*,#1442,.T.);
#1074=ORIENTED_EDGE('',*,*,#1669,.F.);
#1075=ORIENTED_EDGE('',*,*,#1778,.F.);
#1076=ORIENTED_EDGE('',*,*,#1665,.T.);
#1077=ORIENTED_EDGE('',*,*,#1432,.F.);
#1078=ORIENTED_EDGE('',*,*,#1555,.F.);
#1079=ORIENTED_EDGE('',*,*,#1779,.F.);
#1080=ORIENTED_EDGE('',*,*,#1667,.T.);
#1081=ORIENTED_EDGE('',*,*,#1780,.F.);
#1082=ORIENTED_EDGE('',*,*,#1553,.F.);
#1083=ORIENTED_EDGE('',*,*,#1781,.F.);
#1084=ORIENTED_EDGE('',*,*,#1552,.T.);
#1085=ORIENTED_EDGE('',*,*,#1778,.T.);
#1086=ORIENTED_EDGE('',*,*,#1668,.T.);
#1087=ORIENTED_EDGE('',*,*,#1781,.T.);
#1088=ORIENTED_EDGE('',*,*,#1554,.T.);
#1089=ORIENTED_EDGE('',*,*,#1780,.T.);
#1090=ORIENTED_EDGE('',*,*,#1666,.T.);
#1091=ORIENTED_EDGE('',*,*,#1779,.T.);
#1092=ORIENTED_EDGE('',*,*,#1541,.T.);
#1093=ORIENTED_EDGE('',*,*,#1441,.T.);
#1094=ORIENTED_EDGE('',*,*,#1679,.F.);
#1095=ORIENTED_EDGE('',*,*,#1782,.F.);
#1096=ORIENTED_EDGE('',*,*,#1675,.T.);
#1097=ORIENTED_EDGE('',*,*,#1447,.F.);
#1098=ORIENTED_EDGE('',*,*,#1545,.F.);
#1099=ORIENTED_EDGE('',*,*,#1783,.F.);
#1100=ORIENTED_EDGE('',*,*,#1677,.T.);
#1101=ORIENTED_EDGE('',*,*,#1784,.F.);
#1102=ORIENTED_EDGE('',*,*,#1543,.F.);
#1103=ORIENTED_EDGE('',*,*,#1785,.F.);
#1104=ORIENTED_EDGE('',*,*,#1542,.T.);
#1105=ORIENTED_EDGE('',*,*,#1782,.T.);
#1106=ORIENTED_EDGE('',*,*,#1678,.T.);
#1107=ORIENTED_EDGE('',*,*,#1785,.T.);
#1108=ORIENTED_EDGE('',*,*,#1544,.T.);
#1109=ORIENTED_EDGE('',*,*,#1784,.T.);
#1110=ORIENTED_EDGE('',*,*,#1676,.T.);
#1111=ORIENTED_EDGE('',*,*,#1783,.T.);
#1112=ORIENTED_EDGE('',*,*,#1536,.T.);
#1113=ORIENTED_EDGE('',*,*,#1434,.T.);
#1114=ORIENTED_EDGE('',*,*,#1684,.F.);
#1115=ORIENTED_EDGE('',*,*,#1786,.F.);
#1116=ORIENTED_EDGE('',*,*,#1680,.T.);
#1117=ORIENTED_EDGE('',*,*,#1439,.F.);
#1118=ORIENTED_EDGE('',*,*,#1540,.F.);
#1119=ORIENTED_EDGE('',*,*,#1787,.F.);
#1120=ORIENTED_EDGE('',*,*,#1682,.T.);
#1121=ORIENTED_EDGE('',*,*,#1788,.F.);
#1122=ORIENTED_EDGE('',*,*,#1538,.F.);
#1123=ORIENTED_EDGE('',*,*,#1789,.F.);
#1124=ORIENTED_EDGE('',*,*,#1537,.T.);
#1125=ORIENTED_EDGE('',*,*,#1786,.T.);
#1126=ORIENTED_EDGE('',*,*,#1683,.T.);
#1127=ORIENTED_EDGE('',*,*,#1789,.T.);
#1128=ORIENTED_EDGE('',*,*,#1539,.T.);
#1129=ORIENTED_EDGE('',*,*,#1788,.T.);
#1130=ORIENTED_EDGE('',*,*,#1681,.T.);
#1131=ORIENTED_EDGE('',*,*,#1787,.T.);
#1132=ORIENTED_EDGE('',*,*,#1556,.T.);
#1133=ORIENTED_EDGE('',*,*,#1430,.T.);
#1134=ORIENTED_EDGE('',*,*,#1664,.F.);
#1135=ORIENTED_EDGE('',*,*,#1790,.F.);
#1136=ORIENTED_EDGE('',*,*,#1660,.T.);
#1137=ORIENTED_EDGE('',*,*,#1428,.F.);
#1138=ORIENTED_EDGE('',*,*,#1560,.F.);
#1139=ORIENTED_EDGE('',*,*,#1791,.F.);
#1140=ORIENTED_EDGE('',*,*,#1662,.T.);
#1141=ORIENTED_EDGE('',*,*,#1792,.F.);
#1142=ORIENTED_EDGE('',*,*,#1558,.F.);
#1143=ORIENTED_EDGE('',*,*,#1793,.F.);
#1144=ORIENTED_EDGE('',*,*,#1557,.T.);
#1145=ORIENTED_EDGE('',*,*,#1790,.T.);
#1146=ORIENTED_EDGE('',*,*,#1663,.T.);
#1147=ORIENTED_EDGE('',*,*,#1793,.T.);
#1148=ORIENTED_EDGE('',*,*,#1559,.T.);
#1149=ORIENTED_EDGE('',*,*,#1792,.T.);
#1150=ORIENTED_EDGE('',*,*,#1661,.T.);
#1151=ORIENTED_EDGE('',*,*,#1791,.T.);
#1152=ORIENTED_EDGE('',*,*,#1561,.T.);
#1153=ORIENTED_EDGE('',*,*,#1426,.T.);
#1154=ORIENTED_EDGE('',*,*,#1659,.F.);
#1155=ORIENTED_EDGE('',*,*,#1794,.F.);
#1156=ORIENTED_EDGE('',*,*,#1655,.T.);
#1157=ORIENTED_EDGE('',*,*,#1424,.F.);
#1158=ORIENTED_EDGE('',*,*,#1565,.F.);
#1159=ORIENTED_EDGE('',*,*,#1795,.F.);
#1160=ORIENTED_EDGE('',*,*,#1657,.T.);
#1161=ORIENTED_EDGE('',*,*,#1796,.F.);
#1162=ORIENTED_EDGE('',*,*,#1563,.F.);
#1163=ORIENTED_EDGE('',*,*,#1797,.F.);
#1164=ORIENTED_EDGE('',*,*,#1562,.T.);
#1165=ORIENTED_EDGE('',*,*,#1794,.T.);
#1166=ORIENTED_EDGE('',*,*,#1658,.T.);
#1167=ORIENTED_EDGE('',*,*,#1797,.T.);
#1168=ORIENTED_EDGE('',*,*,#1564,.T.);
#1169=ORIENTED_EDGE('',*,*,#1796,.T.);
#1170=ORIENTED_EDGE('',*,*,#1656,.T.);
#1171=ORIENTED_EDGE('',*,*,#1795,.T.);
#1172=ORIENTED_EDGE('',*,*,#1566,.T.);
#1173=ORIENTED_EDGE('',*,*,#1422,.T.);
#1174=ORIENTED_EDGE('',*,*,#1654,.F.);
#1175=ORIENTED_EDGE('',*,*,#1798,.F.);
#1176=ORIENTED_EDGE('',*,*,#1650,.T.);
#1177=ORIENTED_EDGE('',*,*,#1420,.F.);
#1178=ORIENTED_EDGE('',*,*,#1570,.F.);
#1179=ORIENTED_EDGE('',*,*,#1799,.F.);
#1180=ORIENTED_EDGE('',*,*,#1652,.T.);
#1181=ORIENTED_EDGE('',*,*,#1800,.F.);
#1182=ORIENTED_EDGE('',*,*,#1568,.F.);
#1183=ORIENTED_EDGE('',*,*,#1801,.F.);
#1184=ORIENTED_EDGE('',*,*,#1567,.T.);
#1185=ORIENTED_EDGE('',*,*,#1798,.T.);
#1186=ORIENTED_EDGE('',*,*,#1653,.T.);
#1187=ORIENTED_EDGE('',*,*,#1801,.T.);
#1188=ORIENTED_EDGE('',*,*,#1569,.T.);
#1189=ORIENTED_EDGE('',*,*,#1800,.T.);
#1190=ORIENTED_EDGE('',*,*,#1651,.T.);
#1191=ORIENTED_EDGE('',*,*,#1799,.T.);
#1192=ORIENTED_EDGE('',*,*,#1571,.T.);
#1193=ORIENTED_EDGE('',*,*,#1418,.T.);
#1194=ORIENTED_EDGE('',*,*,#1649,.F.);
#1195=ORIENTED_EDGE('',*,*,#1802,.F.);
#1196=ORIENTED_EDGE('',*,*,#1645,.T.);
#1197=ORIENTED_EDGE('',*,*,#1412,.F.);
#1198=ORIENTED_EDGE('',*,*,#1575,.F.);
#1199=ORIENTED_EDGE('',*,*,#1803,.F.);
#1200=ORIENTED_EDGE('',*,*,#1647,.T.);
#1201=ORIENTED_EDGE('',*,*,#1804,.F.);
#1202=ORIENTED_EDGE('',*,*,#1573,.F.);
#1203=ORIENTED_EDGE('',*,*,#1805,.F.);
#1204=ORIENTED_EDGE('',*,*,#1572,.T.);
#1205=ORIENTED_EDGE('',*,*,#1802,.T.);
#1206=ORIENTED_EDGE('',*,*,#1648,.T.);
#1207=ORIENTED_EDGE('',*,*,#1805,.T.);
#1208=ORIENTED_EDGE('',*,*,#1574,.T.);
#1209=ORIENTED_EDGE('',*,*,#1804,.T.);
#1210=ORIENTED_EDGE('',*,*,#1646,.T.);
#1211=ORIENTED_EDGE('',*,*,#1803,.T.);
#1212=ORIENTED_EDGE('',*,*,#1581,.T.);
#1213=ORIENTED_EDGE('',*,*,#1417,.T.);
#1214=ORIENTED_EDGE('',*,*,#1639,.F.);
#1215=ORIENTED_EDGE('',*,*,#1806,.F.);
#1216=ORIENTED_EDGE('',*,*,#1635,.T.);
#1217=ORIENTED_EDGE('',*,*,#1408,.F.);
#1218=ORIENTED_EDGE('',*,*,#1585,.F.);
#1219=ORIENTED_EDGE('',*,*,#1807,.F.);
#1220=ORIENTED_EDGE('',*,*,#1637,.T.);
#1221=ORIENTED_EDGE('',*,*,#1808,.F.);
#1222=ORIENTED_EDGE('',*,*,#1583,.F.);
#1223=ORIENTED_EDGE('',*,*,#1809,.F.);
#1224=ORIENTED_EDGE('',*,*,#1582,.T.);
#1225=ORIENTED_EDGE('',*,*,#1806,.T.);
#1226=ORIENTED_EDGE('',*,*,#1638,.T.);
#1227=ORIENTED_EDGE('',*,*,#1809,.T.);
#1228=ORIENTED_EDGE('',*,*,#1584,.T.);
#1229=ORIENTED_EDGE('',*,*,#1808,.T.);
#1230=ORIENTED_EDGE('',*,*,#1636,.T.);
#1231=ORIENTED_EDGE('',*,*,#1807,.T.);
#1232=ORIENTED_EDGE('',*,*,#1576,.T.);
#1233=ORIENTED_EDGE('',*,*,#1410,.T.);
#1234=ORIENTED_EDGE('',*,*,#1644,.F.);
#1235=ORIENTED_EDGE('',*,*,#1810,.F.);
#1236=ORIENTED_EDGE('',*,*,#1640,.T.);
#1237=ORIENTED_EDGE('',*,*,#1415,.F.);
#1238=ORIENTED_EDGE('',*,*,#1580,.F.);
#1239=ORIENTED_EDGE('',*,*,#1811,.F.);
#1240=ORIENTED_EDGE('',*,*,#1642,.T.);
#1241=ORIENTED_EDGE('',*,*,#1812,.F.);
#1242=ORIENTED_EDGE('',*,*,#1578,.F.);
#1243=ORIENTED_EDGE('',*,*,#1813,.F.);
#1244=ORIENTED_EDGE('',*,*,#1577,.T.);
#1245=ORIENTED_EDGE('',*,*,#1810,.T.);
#1246=ORIENTED_EDGE('',*,*,#1643,.T.);
#1247=ORIENTED_EDGE('',*,*,#1813,.T.);
#1248=ORIENTED_EDGE('',*,*,#1579,.T.);
#1249=ORIENTED_EDGE('',*,*,#1812,.T.);
#1250=ORIENTED_EDGE('',*,*,#1641,.T.);
#1251=ORIENTED_EDGE('',*,*,#1811,.T.);
#1252=ORIENTED_EDGE('',*,*,#1586,.T.);
#1253=ORIENTED_EDGE('',*,*,#1406,.T.);
#1254=ORIENTED_EDGE('',*,*,#1634,.F.);
#1255=ORIENTED_EDGE('',*,*,#1814,.F.);
#1256=ORIENTED_EDGE('',*,*,#1630,.T.);
#1257=ORIENTED_EDGE('',*,*,#1404,.F.);
#1258=ORIENTED_EDGE('',*,*,#1590,.F.);
#1259=ORIENTED_EDGE('',*,*,#1815,.F.);
#1260=ORIENTED_EDGE('',*,*,#1632,.T.);
#1261=ORIENTED_EDGE('',*,*,#1816,.F.);
#1262=ORIENTED_EDGE('',*,*,#1588,.F.);
#1263=ORIENTED_EDGE('',*,*,#1817,.F.);
#1264=ORIENTED_EDGE('',*,*,#1587,.T.);
#1265=ORIENTED_EDGE('',*,*,#1814,.T.);
#1266=ORIENTED_EDGE('',*,*,#1633,.T.);
#1267=ORIENTED_EDGE('',*,*,#1817,.T.);
#1268=ORIENTED_EDGE('',*,*,#1589,.T.);
#1269=ORIENTED_EDGE('',*,*,#1816,.T.);
#1270=ORIENTED_EDGE('',*,*,#1631,.T.);
#1271=ORIENTED_EDGE('',*,*,#1815,.T.);
#1272=ORIENTED_EDGE('',*,*,#1591,.T.);
#1273=ORIENTED_EDGE('',*,*,#1402,.T.);
#1274=ORIENTED_EDGE('',*,*,#1629,.F.);
#1275=ORIENTED_EDGE('',*,*,#1818,.F.);
#1276=ORIENTED_EDGE('',*,*,#1625,.T.);
#1277=ORIENTED_EDGE('',*,*,#1400,.F.);
#1278=ORIENTED_EDGE('',*,*,#1595,.F.);
#1279=ORIENTED_EDGE('',*,*,#1819,.F.);
#1280=ORIENTED_EDGE('',*,*,#1627,.T.);
#1281=ORIENTED_EDGE('',*,*,#1820,.F.);
#1282=ORIENTED_EDGE('',*,*,#1593,.F.);
#1283=ORIENTED_EDGE('',*,*,#1821,.F.);
#1284=ORIENTED_EDGE('',*,*,#1592,.T.);
#1285=ORIENTED_EDGE('',*,*,#1818,.T.);
#1286=ORIENTED_EDGE('',*,*,#1628,.T.);
#1287=ORIENTED_EDGE('',*,*,#1821,.T.);
#1288=ORIENTED_EDGE('',*,*,#1594,.T.);
#1289=ORIENTED_EDGE('',*,*,#1820,.T.);
#1290=ORIENTED_EDGE('',*,*,#1626,.T.);
#1291=ORIENTED_EDGE('',*,*,#1819,.T.);
#1292=ORIENTED_EDGE('',*,*,#1596,.T.);
#1293=ORIENTED_EDGE('',*,*,#1398,.T.);
#1294=ORIENTED_EDGE('',*,*,#1624,.F.);
#1295=ORIENTED_EDGE('',*,*,#1822,.F.);
#1296=ORIENTED_EDGE('',*,*,#1620,.T.);
#1297=ORIENTED_EDGE('',*,*,#1396,.F.);
#1298=ORIENTED_EDGE('',*,*,#1600,.F.);
#1299=ORIENTED_EDGE('',*,*,#1823,.F.);
#1300=ORIENTED_EDGE('',*,*,#1622,.T.);
#1301=ORIENTED_EDGE('',*,*,#1824,.F.);
#1302=ORIENTED_EDGE('',*,*,#1598,.F.);
#1303=ORIENTED_EDGE('',*,*,#1825,.F.);
#1304=ORIENTED_EDGE('',*,*,#1597,.T.);
#1305=ORIENTED_EDGE('',*,*,#1822,.T.);
#1306=ORIENTED_EDGE('',*,*,#1623,.T.);
#1307=ORIENTED_EDGE('',*,*,#1825,.T.);
#1308=ORIENTED_EDGE('',*,*,#1599,.T.);
#1309=ORIENTED_EDGE('',*,*,#1824,.T.);
#1310=ORIENTED_EDGE('',*,*,#1621,.T.);
#1311=ORIENTED_EDGE('',*,*,#1823,.T.);
#1312=ORIENTED_EDGE('',*,*,#1601,.T.);
#1313=ORIENTED_EDGE('',*,*,#1394,.T.);
#1314=ORIENTED_EDGE('',*,*,#1619,.F.);
#1315=ORIENTED_EDGE('',*,*,#1826,.F.);
#1316=ORIENTED_EDGE('',*,*,#1615,.T.);
#1317=ORIENTED_EDGE('',*,*,#1388,.F.);
#1318=ORIENTED_EDGE('',*,*,#1605,.F.);
#1319=ORIENTED_EDGE('',*,*,#1827,.F.);
#1320=ORIENTED_EDGE('',*,*,#1617,.T.);
#1321=ORIENTED_EDGE('',*,*,#1828,.F.);
#1322=ORIENTED_EDGE('',*,*,#1603,.F.);
#1323=ORIENTED_EDGE('',*,*,#1829,.F.);
#1324=ORIENTED_EDGE('',*,*,#1602,.T.);
#1325=ORIENTED_EDGE('',*,*,#1826,.T.);
#1326=ORIENTED_EDGE('',*,*,#1618,.T.);
#1327=ORIENTED_EDGE('',*,*,#1829,.T.);
#1328=ORIENTED_EDGE('',*,*,#1604,.T.);
#1329=ORIENTED_EDGE('',*,*,#1828,.T.);
#1330=ORIENTED_EDGE('',*,*,#1616,.T.);
#1331=ORIENTED_EDGE('',*,*,#1827,.T.);
#1332=ORIENTED_EDGE('',*,*,#1485,.T.);
#1333=ORIENTED_EDGE('',*,*,#1393,.T.);
#1334=ORIENTED_EDGE('',*,*,#1734,.F.);
#1335=ORIENTED_EDGE('',*,*,#1830,.F.);
#1336=ORIENTED_EDGE('',*,*,#1730,.T.);
#1337=ORIENTED_EDGE('',*,*,#1451,.F.);
#1338=ORIENTED_EDGE('',*,*,#1489,.F.);
#1339=ORIENTED_EDGE('',*,*,#1831,.F.);
#1340=ORIENTED_EDGE('',*,*,#1732,.T.);
#1341=ORIENTED_EDGE('',*,*,#1832,.F.);
#1342=ORIENTED_EDGE('',*,*,#1487,.F.);
#1343=ORIENTED_EDGE('',*,*,#1833,.F.);
#1344=ORIENTED_EDGE('',*,*,#1486,.T.);
#1345=ORIENTED_EDGE('',*,*,#1830,.T.);
#1346=ORIENTED_EDGE('',*,*,#1733,.T.);
#1347=ORIENTED_EDGE('',*,*,#1833,.T.);
#1348=ORIENTED_EDGE('',*,*,#1488,.T.);
#1349=ORIENTED_EDGE('',*,*,#1832,.T.);
#1350=ORIENTED_EDGE('',*,*,#1731,.T.);
#1351=ORIENTED_EDGE('',*,*,#1831,.T.);
#1352=ORIENTED_EDGE('',*,*,#1606,.T.);
#1353=ORIENTED_EDGE('',*,*,#1386,.T.);
#1354=ORIENTED_EDGE('',*,*,#1614,.F.);
#1355=ORIENTED_EDGE('',*,*,#1834,.F.);
#1356=ORIENTED_EDGE('',*,*,#1735,.T.);
#1357=ORIENTED_EDGE('',*,*,#1391,.F.);
#1358=ORIENTED_EDGE('',*,*,#1484,.F.);
#1359=ORIENTED_EDGE('',*,*,#1835,.F.);
#1360=ORIENTED_EDGE('',*,*,#1737,.T.);
#1361=ORIENTED_EDGE('',*,*,#1836,.F.);
#1362=ORIENTED_EDGE('',*,*,#1608,.F.);
#1363=ORIENTED_EDGE('',*,*,#1837,.F.);
#1364=ORIENTED_EDGE('',*,*,#1607,.T.);
#1365=ORIENTED_EDGE('',*,*,#1834,.T.);
#1366=ORIENTED_EDGE('',*,*,#1613,.T.);
#1367=ORIENTED_EDGE('',*,*,#1837,.T.);
#1368=ORIENTED_EDGE('',*,*,#1483,.T.);
#1369=ORIENTED_EDGE('',*,*,#1836,.T.);
#1370=ORIENTED_EDGE('',*,*,#1736,.T.);
#1371=ORIENTED_EDGE('',*,*,#1835,.T.);
#1372=ORIENTED_EDGE('',*,*,#1838,.T.);
#1373=ORIENTED_EDGE('',*,*,#1839,.F.);
#1374=ORIENTED_EDGE('',*,*,#1840,.T.);
#1375=ORIENTED_EDGE('',*,*,#1838,.F.);
#1376=ORIENTED_EDGE('',*,*,#1384,.F.);
#1377=ORIENTED_EDGE('',*,*,#1839,.T.);
#1378=ORIENTED_EDGE('',*,*,#1612,.F.);
#1379=ORIENTED_EDGE('',*,*,#1840,.F.);
#1380=ORIENTED_EDGE('',*,*,#1841,.T.);
#1381=ORIENTED_EDGE('',*,*,#1385,.T.);
#1382=ORIENTED_EDGE('',*,*,#1841,.F.);
#1383=ORIENTED_EDGE('',*,*,#1482,.T.);
#1384=EDGE_CURVE('',#1842,#1842,#2150,.T.);
#1385=EDGE_CURVE('',#1843,#1843,#2151,.F.);
#1386=EDGE_CURVE('',#1844,#1845,#168,.T.);
#1387=EDGE_CURVE('',#1846,#1844,#2152,.T.);
#1388=EDGE_CURVE('',#1846,#1847,#169,.T.);
#1389=EDGE_CURVE('',#1847,#1845,#2153,.T.);
#1390=EDGE_CURVE('',#1848,#1849,#2154,.T.);
#1391=EDGE_CURVE('',#1848,#1850,#170,.T.);
#1392=EDGE_CURVE('',#1850,#1851,#2155,.T.);
#1393=EDGE_CURVE('',#1849,#1851,#171,.T.);
#1394=EDGE_CURVE('',#1852,#1853,#172,.T.);
#1395=EDGE_CURVE('',#1854,#1852,#2156,.T.);
#1396=EDGE_CURVE('',#1854,#1855,#173,.T.);
#1397=EDGE_CURVE('',#1855,#1853,#2157,.T.);
#1398=EDGE_CURVE('',#1856,#1857,#174,.T.);
#1399=EDGE_CURVE('',#1858,#1856,#2158,.T.);
#1400=EDGE_CURVE('',#1858,#1859,#175,.T.);
#1401=EDGE_CURVE('',#1859,#1857,#2159,.T.);
#1402=EDGE_CURVE('',#1860,#1861,#176,.T.);
#1403=EDGE_CURVE('',#1862,#1860,#2160,.T.);
#1404=EDGE_CURVE('',#1862,#1863,#177,.T.);
#1405=EDGE_CURVE('',#1863,#1861,#2161,.T.);
#1406=EDGE_CURVE('',#1864,#1865,#178,.T.);
#1407=EDGE_CURVE('',#1866,#1864,#2162,.T.);
#1408=EDGE_CURVE('',#1866,#1867,#179,.T.);
#1409=EDGE_CURVE('',#1867,#1865,#2163,.T.);
#1410=EDGE_CURVE('',#1868,#1869,#180,.T.);
#1411=EDGE_CURVE('',#1870,#1868,#2164,.T.);
#1412=EDGE_CURVE('',#1870,#1871,#181,.T.);
#1413=EDGE_CURVE('',#1871,#1869,#2165,.T.);
#1414=EDGE_CURVE('',#1872,#1873,#2166,.T.);
#1415=EDGE_CURVE('',#1872,#1874,#182,.T.);
#1416=EDGE_CURVE('',#1874,#1875,#2167,.T.);
#1417=EDGE_CURVE('',#1873,#1875,#183,.T.);
#1418=EDGE_CURVE('',#1876,#1877,#184,.T.);
#1419=EDGE_CURVE('',#1878,#1876,#2168,.T.);
#1420=EDGE_CURVE('',#1878,#1879,#185,.T.);
#1421=EDGE_CURVE('',#1879,#1877,#2169,.T.);
#1422=EDGE_CURVE('',#1880,#1881,#186,.T.);
#1423=EDGE_CURVE('',#1882,#1880,#2170,.T.);
#1424=EDGE_CURVE('',#1882,#1883,#187,.T.);
#1425=EDGE_CURVE('',#1883,#1881,#2171,.T.);
#1426=EDGE_CURVE('',#1884,#1885,#188,.T.);
#1427=EDGE_CURVE('',#1886,#1884,#2172,.T.);
#1428=EDGE_CURVE('',#1886,#1887,#189,.T.);
#1429=EDGE_CURVE('',#1887,#1885,#2173,.T.);
#1430=EDGE_CURVE('',#1888,#1889,#190,.T.);
#1431=EDGE_CURVE('',#1890,#1888,#2174,.T.);
#1432=EDGE_CURVE('',#1890,#1891,#191,.T.);
#1433=EDGE_CURVE('',#1891,#1889,#2175,.T.);
#1434=EDGE_CURVE('',#1892,#1893,#192,.T.);
#1435=EDGE_CURVE('',#1894,#1892,#2176,.T.);
#1436=EDGE_CURVE('',#1894,#1895,#193,.T.);
#1437=EDGE_CURVE('',#1895,#1893,#2177,.T.);
#1438=EDGE_CURVE('',#1896,#1897,#2178,.T.);
#1439=EDGE_CURVE('',#1896,#1898,#194,.T.);
#1440=EDGE_CURVE('',#1898,#1899,#2179,.T.);
#1441=EDGE_CURVE('',#1897,#1899,#195,.T.);
#1442=EDGE_CURVE('',#1900,#1901,#196,.T.);
#1443=EDGE_CURVE('',#1902,#1900,#2180,.T.);
#1444=EDGE_CURVE('',#1902,#1903,#197,.T.);
#1445=EDGE_CURVE('',#1903,#1901,#2181,.T.);
#1446=EDGE_CURVE('',#1904,#1905,#2182,.T.);
#1447=EDGE_CURVE('',#1904,#1906,#198,.T.);
#1448=EDGE_CURVE('',#1906,#1907,#2183,.T.);
#1449=EDGE_CURVE('',#1905,#1907,#199,.T.);
#1450=EDGE_CURVE('',#1908,#1909,#2184,.T.);
#1451=EDGE_CURVE('',#1908,#1910,#200,.T.);
#1452=EDGE_CURVE('',#1910,#1911,#2185,.T.);
#1453=EDGE_CURVE('',#1909,#1911,#201,.T.);
#1454=EDGE_CURVE('',#1912,#1913,#2186,.T.);
#1455=EDGE_CURVE('',#1912,#1914,#202,.T.);
#1456=EDGE_CURVE('',#1914,#1915,#2187,.T.);
#1457=EDGE_CURVE('',#1913,#1915,#203,.T.);
#1458=EDGE_CURVE('',#1916,#1917,#2188,.T.);
#1459=EDGE_CURVE('',#1916,#1918,#204,.T.);
#1460=EDGE_CURVE('',#1918,#1919,#2189,.T.);
#1461=EDGE_CURVE('',#1917,#1919,#205,.T.);
#1462=EDGE_CURVE('',#1920,#1921,#2190,.T.);
#1463=EDGE_CURVE('',#1920,#1922,#206,.T.);
#1464=EDGE_CURVE('',#1922,#1923,#2191,.T.);
#1465=EDGE_CURVE('',#1921,#1923,#207,.T.);
#1466=EDGE_CURVE('',#1924,#1925,#208,.T.);
#1467=EDGE_CURVE('',#1926,#1924,#2192,.T.);
#1468=EDGE_CURVE('',#1926,#1927,#209,.T.);
#1469=EDGE_CURVE('',#1927,#1925,#2193,.T.);
#1470=EDGE_CURVE('',#1928,#1929,#210,.T.);
#1471=EDGE_CURVE('',#1930,#1928,#2194,.T.);
#1472=EDGE_CURVE('',#1930,#1931,#211,.T.);
#1473=EDGE_CURVE('',#1931,#1929,#2195,.T.);
#1474=EDGE_CURVE('',#1932,#1933,#2196,.T.);
#1475=EDGE_CURVE('',#1932,#1934,#212,.T.);
#1476=EDGE_CURVE('',#1934,#1935,#2197,.T.);
#1477=EDGE_CURVE('',#1933,#1935,#213,.T.);
#1478=EDGE_CURVE('',#1936,#1937,#2198,.T.);
#1479=EDGE_CURVE('',#1936,#1938,#214,.T.);
#1480=EDGE_CURVE('',#1938,#1939,#2199,.T.);
#1481=EDGE_CURVE('',#1937,#1939,#215,.T.);
#1482=EDGE_CURVE('',#1940,#1940,#2200,.T.);
#1483=EDGE_CURVE('',#1941,#1942,#2201,.T.);
#1484=EDGE_CURVE('',#1941,#1848,#63,.T.);
#1485=EDGE_CURVE('',#1943,#1849,#64,.T.);
#1486=EDGE_CURVE('',#1944,#1943,#2202,.T.);
#1487=EDGE_CURVE('',#1944,#1945,#2203,.T.);
#1488=EDGE_CURVE('',#1946,#1945,#2204,.T.);
#1489=EDGE_CURVE('',#1946,#1908,#65,.T.);
#1490=EDGE_CURVE('',#1947,#1909,#66,.T.);
#1491=EDGE_CURVE('',#1948,#1947,#2205,.T.);
#1492=EDGE_CURVE('',#1948,#1949,#2206,.T.);
#1493=EDGE_CURVE('',#1950,#1949,#2207,.T.);
#1494=EDGE_CURVE('',#1950,#1912,#67,.T.);
#1495=EDGE_CURVE('',#1951,#1913,#68,.T.);
#1496=EDGE_CURVE('',#1952,#1951,#2208,.T.);
#1497=EDGE_CURVE('',#1952,#1953,#2209,.T.);
#1498=EDGE_CURVE('',#1954,#1953,#2210,.T.);
#1499=EDGE_CURVE('',#1954,#1916,#69,.T.);
#1500=EDGE_CURVE('',#1955,#1917,#70,.T.);
#1501=EDGE_CURVE('',#1956,#1955,#2211,.T.);
#1502=EDGE_CURVE('',#1956,#1957,#2212,.T.);
#1503=EDGE_CURVE('',#1958,#1957,#2213,.T.);
#1504=EDGE_CURVE('',#1958,#1920,#71,.T.);
#1505=EDGE_CURVE('',#1959,#1921,#72,.T.);
#1506=EDGE_CURVE('',#1960,#1959,#2214,.T.);
#1507=EDGE_CURVE('',#1960,#1961,#2215,.T.);
#1508=EDGE_CURVE('',#1962,#1961,#2216,.T.);
#1509=EDGE_CURVE('',#1962,#1932,#73,.T.);
#1510=EDGE_CURVE('',#1963,#1933,#74,.T.);
#1511=EDGE_CURVE('',#1964,#1963,#2217,.T.);
#1512=EDGE_CURVE('',#1964,#1965,#2218,.T.);
#1513=EDGE_CURVE('',#1966,#1965,#2219,.T.);
#1514=EDGE_CURVE('',#1966,#1936,#75,.T.);
#1515=EDGE_CURVE('',#1967,#1937,#76,.T.);
#1516=EDGE_CURVE('',#1968,#1967,#2220,.T.);
#1517=EDGE_CURVE('',#1968,#1969,#2221,.T.);
#1518=EDGE_CURVE('',#1970,#1969,#2222,.T.);
#1519=EDGE_CURVE('',#1970,#1930,#77,.T.);
#1520=EDGE_CURVE('',#1971,#1928,#78,.T.);
#1521=EDGE_CURVE('',#1972,#1971,#2223,.T.);
#1522=EDGE_CURVE('',#1972,#1973,#2224,.T.);
#1523=EDGE_CURVE('',#1974,#1973,#2225,.T.);
#1524=EDGE_CURVE('',#1974,#1926,#79,.T.);
#1525=EDGE_CURVE('',#1975,#1924,#80,.T.);
#1526=EDGE_CURVE('',#1976,#1975,#2226,.T.);
#1527=EDGE_CURVE('',#1976,#1977,#2227,.T.);
#1528=EDGE_CURVE('',#1978,#1977,#2228,.T.);
#1529=EDGE_CURVE('',#1978,#1979,#81,.T.);
#1530=EDGE_CURVE('',#1979,#1980,#2229,.T.);
#1531=EDGE_CURVE('',#1981,#1980,#82,.T.);
#1532=EDGE_CURVE('',#1982,#1981,#2230,.T.);
#1533=EDGE_CURVE('',#1982,#1983,#2231,.T.);
#1534=EDGE_CURVE('',#1984,#1983,#2232,.T.);
#1535=EDGE_CURVE('',#1984,#1894,#83,.T.);
#1536=EDGE_CURVE('',#1985,#1892,#84,.T.);
#1537=EDGE_CURVE('',#1986,#1985,#2233,.T.);
#1538=EDGE_CURVE('',#1986,#1987,#2234,.T.);
#1539=EDGE_CURVE('',#1988,#1987,#2235,.T.);
#1540=EDGE_CURVE('',#1988,#1896,#85,.T.);
#1541=EDGE_CURVE('',#1989,#1897,#86,.T.);
#1542=EDGE_CURVE('',#1990,#1989,#2236,.T.);
#1543=EDGE_CURVE('',#1990,#1991,#2237,.T.);
#1544=EDGE_CURVE('',#1992,#1991,#2238,.T.);
#1545=EDGE_CURVE('',#1992,#1904,#87,.T.);
#1546=EDGE_CURVE('',#1993,#1905,#88,.T.);
#1547=EDGE_CURVE('',#1994,#1993,#2239,.T.);
#1548=EDGE_CURVE('',#1994,#1995,#2240,.T.);
#1549=EDGE_CURVE('',#1996,#1995,#2241,.T.);
#1550=EDGE_CURVE('',#1996,#1902,#89,.T.);
#1551=EDGE_CURVE('',#1997,#1900,#90,.T.);
#1552=EDGE_CURVE('',#1998,#1997,#2242,.T.);
#1553=EDGE_CURVE('',#1998,#1999,#2243,.T.);
#1554=EDGE_CURVE('',#2000,#1999,#2244,.T.);
#1555=EDGE_CURVE('',#2000,#1890,#91,.T.);
#1556=EDGE_CURVE('',#2001,#1888,#92,.T.);
#1557=EDGE_CURVE('',#2002,#2001,#2245,.T.);
#1558=EDGE_CURVE('',#2002,#2003,#2246,.T.);
#1559=EDGE_CURVE('',#2004,#2003,#2247,.T.);
#1560=EDGE_CURVE('',#2004,#1886,#93,.T.);
#1561=EDGE_CURVE('',#2005,#1884,#94,.T.);
#1562=EDGE_CURVE('',#2006,#2005,#2248,.T.);
#1563=EDGE_CURVE('',#2006,#2007,#2249,.T.);
#1564=EDGE_CURVE('',#2008,#2007,#2250,.T.);
#1565=EDGE_CURVE('',#2008,#1882,#95,.T.);
#1566=EDGE_CURVE('',#2009,#1880,#96,.T.);
#1567=EDGE_CURVE('',#2010,#2009,#2251,.T.);
#1568=EDGE_CURVE('',#2010,#2011,#2252,.T.);
#1569=EDGE_CURVE('',#2012,#2011,#2253,.T.);
#1570=EDGE_CURVE('',#2012,#1878,#97,.T.);
#1571=EDGE_CURVE('',#2013,#1876,#98,.T.);
#1572=EDGE_CURVE('',#2014,#2013,#2254,.T.);
#1573=EDGE_CURVE('',#2014,#2015,#2255,.T.);
#1574=EDGE_CURVE('',#2016,#2015,#2256,.T.);
#1575=EDGE_CURVE('',#2016,#1870,#99,.T.);
#1576=EDGE_CURVE('',#2017,#1868,#100,.T.);
#1577=EDGE_CURVE('',#2018,#2017,#2257,.T.);
#1578=EDGE_CURVE('',#2018,#2019,#2258,.T.);
#1579=EDGE_CURVE('',#2020,#2019,#2259,.T.);
#1580=EDGE_CURVE('',#2020,#1872,#101,.T.);
#1581=EDGE_CURVE('',#2021,#1873,#102,.T.);
#1582=EDGE_CURVE('',#2022,#2021,#2260,.T.);
#1583=EDGE_CURVE('',#2022,#2023,#2261,.T.);
#1584=EDGE_CURVE('',#2024,#2023,#2262,.T.);
#1585=EDGE_CURVE('',#2024,#1866,#103,.T.);
#1586=EDGE_CURVE('',#2025,#1864,#104,.T.);
#1587=EDGE_CURVE('',#2026,#2025,#2263,.T.);
#1588=EDGE_CURVE('',#2026,#2027,#2264,.T.);
#1589=EDGE_CURVE('',#2028,#2027,#2265,.T.);
#1590=EDGE_CURVE('',#2028,#1862,#105,.T.);
#1591=EDGE_CURVE('',#2029,#1860,#106,.T.);
#1592=EDGE_CURVE('',#2030,#2029,#2266,.T.);
#1593=EDGE_CURVE('',#2030,#2031,#2267,.T.);
#1594=EDGE_CURVE('',#2032,#2031,#2268,.T.);
#1595=EDGE_CURVE('',#2032,#1858,#107,.T.);
#1596=EDGE_CURVE('',#2033,#1856,#108,.T.);
#1597=EDGE_CURVE('',#2034,#2033,#2269,.T.);
#1598=EDGE_CURVE('',#2034,#2035,#2270,.T.);
#1599=EDGE_CURVE('',#2036,#2035,#2271,.T.);
#1600=EDGE_CURVE('',#2036,#1854,#109,.T.);
#1601=EDGE_CURVE('',#2037,#1852,#110,.T.);
#1602=EDGE_CURVE('',#2038,#2037,#2272,.T.);
#1603=EDGE_CURVE('',#2038,#2039,#2273,.T.);
#1604=EDGE_CURVE('',#2040,#2039,#2274,.T.);
#1605=EDGE_CURVE('',#2040,#1846,#111,.T.);
#1606=EDGE_CURVE('',#2041,#1844,#112,.T.);
#1607=EDGE_CURVE('',#2042,#2041,#2275,.T.);
#1608=EDGE_CURVE('',#2042,#1942,#2276,.T.);
#1609=EDGE_CURVE('',#1979,#2043,#216,.T.);
#1610=EDGE_CURVE('',#2043,#2044,#2277,.T.);
#1611=EDGE_CURVE('',#1980,#2044,#217,.T.);
#1612=EDGE_CURVE('',#2045,#2045,#2278,.F.);
#1613=EDGE_CURVE('',#2046,#2047,#2279,.F.);
#1614=EDGE_CURVE('',#2046,#1845,#113,.T.);
#1615=EDGE_CURVE('',#2048,#1847,#114,.T.);
#1616=EDGE_CURVE('',#2049,#2048,#2280,.F.);
#1617=EDGE_CURVE('',#2050,#2049,#2281,.T.);
#1618=EDGE_CURVE('',#2051,#2050,#2282,.F.);
#1619=EDGE_CURVE('',#2051,#1853,#115,.T.);
#1620=EDGE_CURVE('',#2052,#1855,#116,.T.);
#1621=EDGE_CURVE('',#2053,#2052,#2283,.F.);
#1622=EDGE_CURVE('',#2054,#2053,#2284,.T.);
#1623=EDGE_CURVE('',#2055,#2054,#2285,.F.);
#1624=EDGE_CURVE('',#2055,#1857,#117,.T.);
#1625=EDGE_CURVE('',#2056,#1859,#118,.T.);
#1626=EDGE_CURVE('',#2057,#2056,#2286,.F.);
#1627=EDGE_CURVE('',#2058,#2057,#2287,.T.);
#1628=EDGE_CURVE('',#2059,#2058,#2288,.F.);
#1629=EDGE_CURVE('',#2059,#1861,#119,.T.);
#1630=EDGE_CURVE('',#2060,#1863,#120,.T.);
#1631=EDGE_CURVE('',#2061,#2060,#2289,.F.);
#1632=EDGE_CURVE('',#2062,#2061,#2290,.T.);
#1633=EDGE_CURVE('',#2063,#2062,#2291,.F.);
#1634=EDGE_CURVE('',#2063,#1865,#121,.T.);
#1635=EDGE_CURVE('',#2064,#1867,#122,.T.);
#1636=EDGE_CURVE('',#2065,#2064,#2292,.F.);
#1637=EDGE_CURVE('',#2066,#2065,#2293,.T.);
#1638=EDGE_CURVE('',#2067,#2066,#2294,.F.);
#1639=EDGE_CURVE('',#2067,#1875,#123,.T.);
#1640=EDGE_CURVE('',#2068,#1874,#124,.T.);
#1641=EDGE_CURVE('',#2069,#2068,#2295,.F.);
#1642=EDGE_CURVE('',#2070,#2069,#2296,.T.);
#1643=EDGE_CURVE('',#2071,#2070,#2297,.F.);
#1644=EDGE_CURVE('',#2071,#1869,#125,.T.);
#1645=EDGE_CURVE('',#2072,#1871,#126,.T.);
#1646=EDGE_CURVE('',#2073,#2072,#2298,.F.);
#1647=EDGE_CURVE('',#2074,#2073,#2299,.T.);
#1648=EDGE_CURVE('',#2075,#2074,#2300,.F.);
#1649=EDGE_CURVE('',#2075,#1877,#127,.T.);
#1650=EDGE_CURVE('',#2076,#1879,#128,.T.);
#1651=EDGE_CURVE('',#2077,#2076,#2301,.F.);
#1652=EDGE_CURVE('',#2078,#2077,#2302,.T.);
#1653=EDGE_CURVE('',#2079,#2078,#2303,.F.);
#1654=EDGE_CURVE('',#2079,#1881,#129,.T.);
#1655=EDGE_CURVE('',#2080,#1883,#130,.T.);
#1656=EDGE_CURVE('',#2081,#2080,#2304,.F.);
#1657=EDGE_CURVE('',#2082,#2081,#2305,.T.);
#1658=EDGE_CURVE('',#2083,#2082,#2306,.F.);
#1659=EDGE_CURVE('',#2083,#1885,#131,.T.);
#1660=EDGE_CURVE('',#2084,#1887,#132,.T.);
#1661=EDGE_CURVE('',#2085,#2084,#2307,.F.);
#1662=EDGE_CURVE('',#2086,#2085,#2308,.T.);
#1663=EDGE_CURVE('',#2087,#2086,#2309,.F.);
#1664=EDGE_CURVE('',#2087,#1889,#133,.T.);
#1665=EDGE_CURVE('',#2088,#1891,#134,.T.);
#1666=EDGE_CURVE('',#2089,#2088,#2310,.F.);
#1667=EDGE_CURVE('',#2090,#2089,#2311,.T.);
#1668=EDGE_CURVE('',#2091,#2090,#2312,.F.);
#1669=EDGE_CURVE('',#2091,#1901,#135,.T.);
#1670=EDGE_CURVE('',#2092,#1903,#136,.T.);
#1671=EDGE_CURVE('',#2093,#2092,#2313,.F.);
#1672=EDGE_CURVE('',#2094,#2093,#2314,.T.);
#1673=EDGE_CURVE('',#2095,#2094,#2315,.F.);
#1674=EDGE_CURVE('',#2095,#1907,#137,.T.);
#1675=EDGE_CURVE('',#2096,#1906,#138,.T.);
#1676=EDGE_CURVE('',#2097,#2096,#2316,.F.);
#1677=EDGE_CURVE('',#2098,#2097,#2317,.T.);
#1678=EDGE_CURVE('',#2099,#2098,#2318,.F.);
#1679=EDGE_CURVE('',#2099,#1899,#139,.T.);
#1680=EDGE_CURVE('',#2100,#1898,#140,.T.);
#1681=EDGE_CURVE('',#2101,#2100,#2319,.F.);
#1682=EDGE_CURVE('',#2102,#2101,#2320,.T.);
#1683=EDGE_CURVE('',#2103,#2102,#2321,.F.);
#1684=EDGE_CURVE('',#2103,#1893,#141,.T.);
#1685=EDGE_CURVE('',#2104,#1895,#142,.T.);
#1686=EDGE_CURVE('',#2105,#2104,#2322,.F.);
#1687=EDGE_CURVE('',#2106,#2105,#2323,.T.);
#1688=EDGE_CURVE('',#2107,#2106,#2324,.F.);
#1689=EDGE_CURVE('',#2107,#2044,#143,.T.);
#1690=EDGE_CURVE('',#2108,#2043,#144,.T.);
#1691=EDGE_CURVE('',#2109,#2108,#2325,.F.);
#1692=EDGE_CURVE('',#2110,#2109,#2326,.T.);
#1693=EDGE_CURVE('',#2111,#2110,#2327,.F.);
#1694=EDGE_CURVE('',#2111,#1925,#145,.T.);
#1695=EDGE_CURVE('',#2112,#1927,#146,.T.);
#1696=EDGE_CURVE('',#2113,#2112,#2328,.F.);
#1697=EDGE_CURVE('',#2114,#2113,#2329,.T.);
#1698=EDGE_CURVE('',#2115,#2114,#2330,.F.);
#1699=EDGE_CURVE('',#2115,#1929,#147,.T.);
#1700=EDGE_CURVE('',#2116,#1931,#148,.T.);
#1701=EDGE_CURVE('',#2117,#2116,#2331,.F.);
#1702=EDGE_CURVE('',#2118,#2117,#2332,.T.);
#1703=EDGE_CURVE('',#2119,#2118,#2333,.F.);
#1704=EDGE_CURVE('',#2119,#1939,#149,.T.);
#1705=EDGE_CURVE('',#2120,#1938,#150,.T.);
#1706=EDGE_CURVE('',#2121,#2120,#2334,.F.);
#1707=EDGE_CURVE('',#2122,#2121,#2335,.T.);
#1708=EDGE_CURVE('',#2123,#2122,#2336,.F.);
#1709=EDGE_CURVE('',#2123,#1935,#151,.T.);
#1710=EDGE_CURVE('',#2124,#1934,#152,.T.);
#1711=EDGE_CURVE('',#2125,#2124,#2337,.F.);
#1712=EDGE_CURVE('',#2126,#2125,#2338,.T.);
#1713=EDGE_CURVE('',#2127,#2126,#2339,.F.);
#1714=EDGE_CURVE('',#2127,#1923,#153,.T.);
#1715=EDGE_CURVE('',#2128,#1922,#154,.T.);
#1716=EDGE_CURVE('',#2129,#2128,#2340,.F.);
#1717=EDGE_CURVE('',#2130,#2129,#2341,.T.);
#1718=EDGE_CURVE('',#2131,#2130,#2342,.F.);
#1719=EDGE_CURVE('',#2131,#1919,#155,.T.);
#1720=EDGE_CURVE('',#2132,#1918,#156,.T.);
#1721=EDGE_CURVE('',#2133,#2132,#2343,.F.);
#1722=EDGE_CURVE('',#2134,#2133,#2344,.T.);
#1723=EDGE_CURVE('',#2135,#2134,#2345,.F.);
#1724=EDGE_CURVE('',#2135,#1915,#157,.T.);
#1725=EDGE_CURVE('',#2136,#1914,#158,.T.);
#1726=EDGE_CURVE('',#2137,#2136,#2346,.F.);
#1727=EDGE_CURVE('',#2138,#2137,#2347,.T.);
#1728=EDGE_CURVE('',#2139,#2138,#2348,.F.);
#1729=EDGE_CURVE('',#2139,#1911,#159,.T.);
#1730=EDGE_CURVE('',#2140,#1910,#160,.T.);
#1731=EDGE_CURVE('',#2141,#2140,#2349,.F.);
#1732=EDGE_CURVE('',#2142,#2141,#2350,.T.);
#1733=EDGE_CURVE('',#2143,#2142,#2351,.F.);
#1734=EDGE_CURVE('',#2143,#1851,#161,.T.);
#1735=EDGE_CURVE('',#2144,#1850,#162,.T.);
#1736=EDGE_CURVE('',#2145,#2144,#2352,.F.);
#1737=EDGE_CURVE('',#2047,#2145,#2353,.T.);
#1738=EDGE_CURVE('',#1981,#2107,#218,.T.);
#1739=EDGE_CURVE('',#2104,#1984,#219,.F.);
#1740=EDGE_CURVE('',#1983,#2105,#220,.T.);
#1741=EDGE_CURVE('',#2106,#1982,#221,.F.);
#1742=EDGE_CURVE('',#1967,#2119,#222,.T.);
#1743=EDGE_CURVE('',#2116,#1970,#223,.F.);
#1744=EDGE_CURVE('',#1969,#2117,#224,.T.);
#1745=EDGE_CURVE('',#2118,#1968,#225,.F.);
#1746=EDGE_CURVE('',#1963,#2123,#226,.T.);
#1747=EDGE_CURVE('',#2120,#1966,#227,.F.);
#1748=EDGE_CURVE('',#1965,#2121,#228,.T.);
#1749=EDGE_CURVE('',#2122,#1964,#229,.F.);
#1750=EDGE_CURVE('',#1971,#2115,#230,.T.);
#1751=EDGE_CURVE('',#2112,#1974,#231,.F.);
#1752=EDGE_CURVE('',#1973,#2113,#232,.T.);
#1753=EDGE_CURVE('',#2114,#1972,#233,.F.);
#1754=EDGE_CURVE('',#1975,#2111,#234,.T.);
#1755=EDGE_CURVE('',#2108,#1978,#235,.F.);
#1756=EDGE_CURVE('',#1977,#2109,#236,.T.);
#1757=EDGE_CURVE('',#2110,#1976,#237,.F.);
#1758=EDGE_CURVE('',#1959,#2127,#238,.T.);
#1759=EDGE_CURVE('',#2124,#1962,#239,.F.);
#1760=EDGE_CURVE('',#1961,#2125,#240,.T.);
#1761=EDGE_CURVE('',#2126,#1960,#241,.F.);
#1762=EDGE_CURVE('',#1955,#2131,#242,.T.);
#1763=EDGE_CURVE('',#2128,#1958,#243,.F.);
#1764=EDGE_CURVE('',#1957,#2129,#244,.T.);
#1765=EDGE_CURVE('',#2130,#1956,#245,.F.);
#1766=EDGE_CURVE('',#1951,#2135,#246,.T.);
#1767=EDGE_CURVE('',#2132,#1954,#247,.F.);
#1768=EDGE_CURVE('',#1953,#2133,#248,.T.);
#1769=EDGE_CURVE('',#2134,#1952,#249,.F.);
#1770=EDGE_CURVE('',#1947,#2139,#250,.T.);
#1771=EDGE_CURVE('',#2136,#1950,#251,.F.);
#1772=EDGE_CURVE('',#1949,#2137,#252,.T.);
#1773=EDGE_CURVE('',#2138,#1948,#253,.F.);
#1774=EDGE_CURVE('',#1993,#2095,#254,.T.);
#1775=EDGE_CURVE('',#2092,#1996,#255,.F.);
#1776=EDGE_CURVE('',#1995,#2093,#256,.T.);
#1777=EDGE_CURVE('',#2094,#1994,#257,.F.);
#1778=EDGE_CURVE('',#1997,#2091,#258,.T.);
#1779=EDGE_CURVE('',#2088,#2000,#259,.F.);
#1780=EDGE_CURVE('',#1999,#2089,#260,.T.);
#1781=EDGE_CURVE('',#2090,#1998,#261,.F.);
#1782=EDGE_CURVE('',#1989,#2099,#262,.T.);
#1783=EDGE_CURVE('',#2096,#1992,#263,.F.);
#1784=EDGE_CURVE('',#1991,#2097,#264,.T.);
#1785=EDGE_CURVE('',#2098,#1990,#265,.F.);
#1786=EDGE_CURVE('',#1985,#2103,#266,.T.);
#1787=EDGE_CURVE('',#2100,#1988,#267,.F.);
#1788=EDGE_CURVE('',#1987,#2101,#268,.T.);
#1789=EDGE_CURVE('',#2102,#1986,#269,.F.);
#1790=EDGE_CURVE('',#2001,#2087,#270,.T.);
#1791=EDGE_CURVE('',#2084,#2004,#271,.F.);
#1792=EDGE_CURVE('',#2003,#2085,#272,.T.);
#1793=EDGE_CURVE('',#2086,#2002,#273,.F.);
#1794=EDGE_CURVE('',#2005,#2083,#274,.T.);
#1795=EDGE_CURVE('',#2080,#2008,#275,.F.);
#1796=EDGE_CURVE('',#2007,#2081,#276,.T.);
#1797=EDGE_CURVE('',#2082,#2006,#277,.F.);
#1798=EDGE_CURVE('',#2009,#2079,#278,.T.);
#1799=EDGE_CURVE('',#2076,#2012,#279,.F.);
#1800=EDGE_CURVE('',#2011,#2077,#280,.T.);
#1801=EDGE_CURVE('',#2078,#2010,#281,.F.);
#1802=EDGE_CURVE('',#2013,#2075,#282,.T.);
#1803=EDGE_CURVE('',#2072,#2016,#283,.F.);
#1804=EDGE_CURVE('',#2015,#2073,#284,.T.);
#1805=EDGE_CURVE('',#2074,#2014,#285,.F.);
#1806=EDGE_CURVE('',#2021,#2067,#286,.T.);
#1807=EDGE_CURVE('',#2064,#2024,#287,.F.);
#1808=EDGE_CURVE('',#2023,#2065,#288,.T.);
#1809=EDGE_CURVE('',#2066,#2022,#289,.F.);
#1810=EDGE_CURVE('',#2017,#2071,#290,.T.);
#1811=EDGE_CURVE('',#2068,#2020,#291,.F.);
#1812=EDGE_CURVE('',#2019,#2069,#292,.T.);
#1813=EDGE_CURVE('',#2070,#2018,#293,.F.);
#1814=EDGE_CURVE('',#2025,#2063,#294,.T.);
#1815=EDGE_CURVE('',#2060,#2028,#295,.F.);
#1816=EDGE_CURVE('',#2027,#2061,#296,.T.);
#1817=EDGE_CURVE('',#2062,#2026,#297,.F.);
#1818=EDGE_CURVE('',#2029,#2059,#298,.T.);
#1819=EDGE_CURVE('',#2056,#2032,#299,.F.);
#1820=EDGE_CURVE('',#2031,#2057,#300,.T.);
#1821=EDGE_CURVE('',#2058,#2030,#301,.F.);
#1822=EDGE_CURVE('',#2033,#2055,#302,.T.);
#1823=EDGE_CURVE('',#2052,#2036,#303,.F.);
#1824=EDGE_CURVE('',#2035,#2053,#304,.T.);
#1825=EDGE_CURVE('',#2054,#2034,#305,.F.);
#1826=EDGE_CURVE('',#2037,#2051,#306,.T.);
#1827=EDGE_CURVE('',#2048,#2040,#307,.F.);
#1828=EDGE_CURVE('',#2039,#2049,#308,.T.);
#1829=EDGE_CURVE('',#2050,#2038,#309,.F.);
#1830=EDGE_CURVE('',#1943,#2143,#310,.T.);
#1831=EDGE_CURVE('',#2140,#1946,#311,.F.);
#1832=EDGE_CURVE('',#1945,#2141,#312,.T.);
#1833=EDGE_CURVE('',#2142,#1944,#313,.F.);
#1834=EDGE_CURVE('',#2041,#2046,#314,.T.);
#1835=EDGE_CURVE('',#2144,#1941,#315,.F.);
#1836=EDGE_CURVE('',#1942,#2145,#316,.T.);
#1837=EDGE_CURVE('',#2047,#2042,#317,.F.);
#1838=EDGE_CURVE('',#2146,#2146,#2354,.T.);
#1839=EDGE_CURVE('',#2147,#2147,#2355,.T.);
#1840=EDGE_CURVE('',#2148,#2148,#2356,.T.);
#1841=EDGE_CURVE('',#2149,#2149,#2357,.T.);
#1842=VERTEX_POINT('',#4075);
#1843=VERTEX_POINT('',#4077);
#1844=VERTEX_POINT('',#4080);
#1845=VERTEX_POINT('',#4081);
#1846=VERTEX_POINT('',#4083);
#1847=VERTEX_POINT('',#4085);
#1848=VERTEX_POINT('',#4089);
#1849=VERTEX_POINT('',#4090);
#1850=VERTEX_POINT('',#4092);
#1851=VERTEX_POINT('',#4094);
#1852=VERTEX_POINT('',#4098);
#1853=VERTEX_POINT('',#4099);
#1854=VERTEX_POINT('',#4101);
#1855=VERTEX_POINT('',#4103);
#1856=VERTEX_POINT('',#4107);
#1857=VERTEX_POINT('',#4108);
#1858=VERTEX_POINT('',#4110);
#1859=VERTEX_POINT('',#4112);
#1860=VERTEX_POINT('',#4116);
#1861=VERTEX_POINT('',#4117);
#1862=VERTEX_POINT('',#4119);
#1863=VERTEX_POINT('',#4121);
#1864=VERTEX_POINT('',#4125);
#1865=VERTEX_POINT('',#4126);
#1866=VERTEX_POINT('',#4128);
#1867=VERTEX_POINT('',#4130);
#1868=VERTEX_POINT('',#4134);
#1869=VERTEX_POINT('',#4135);
#1870=VERTEX_POINT('',#4137);
#1871=VERTEX_POINT('',#4139);
#1872=VERTEX_POINT('',#4143);
#1873=VERTEX_POINT('',#4144);
#1874=VERTEX_POINT('',#4146);
#1875=VERTEX_POINT('',#4148);
#1876=VERTEX_POINT('',#4152);
#1877=VERTEX_POINT('',#4153);
#1878=VERTEX_POINT('',#4155);
#1879=VERTEX_POINT('',#4157);
#1880=VERTEX_POINT('',#4161);
#1881=VERTEX_POINT('',#4162);
#1882=VERTEX_POINT('',#4164);
#1883=VERTEX_POINT('',#4166);
#1884=VERTEX_POINT('',#4170);
#1885=VERTEX_POINT('',#4171);
#1886=VERTEX_POINT('',#4173);
#1887=VERTEX_POINT('',#4175);
#1888=VERTEX_POINT('',#4179);
#1889=VERTEX_POINT('',#4180);
#1890=VERTEX_POINT('',#4182);
#1891=VERTEX_POINT('',#4184);
#1892=VERTEX_POINT('',#4188);
#1893=VERTEX_POINT('',#4189);
#1894=VERTEX_POINT('',#4191);
#1895=VERTEX_POINT('',#4193);
#1896=VERTEX_POINT('',#4197);
#1897=VERTEX_POINT('',#4198);
#1898=VERTEX_POINT('',#4200);
#1899=VERTEX_POINT('',#4202);
#1900=VERTEX_POINT('',#4206);
#1901=VERTEX_POINT('',#4207);
#1902=VERTEX_POINT('',#4209);
#1903=VERTEX_POINT('',#4211);
#1904=VERTEX_POINT('',#4215);
#1905=VERTEX_POINT('',#4216);
#1906=VERTEX_POINT('',#4218);
#1907=VERTEX_POINT('',#4220);
#1908=VERTEX_POINT('',#4224);
#1909=VERTEX_POINT('',#4225);
#1910=VERTEX_POINT('',#4227);
#1911=VERTEX_POINT('',#4229);
#1912=VERTEX_POINT('',#4233);
#1913=VERTEX_POINT('',#4234);
#1914=VERTEX_POINT('',#4236);
#1915=VERTEX_POINT('',#4238);
#1916=VERTEX_POINT('',#4242);
#1917=VERTEX_POINT('',#4243);
#1918=VERTEX_POINT('',#4245);
#1919=VERTEX_POINT('',#4247);
#1920=VERTEX_POINT('',#4251);
#1921=VERTEX_POINT('',#4252);
#1922=VERTEX_POINT('',#4254);
#1923=VERTEX_POINT('',#4256);
#1924=VERTEX_POINT('',#4260);
#1925=VERTEX_POINT('',#4261);
#1926=VERTEX_POINT('',#4263);
#1927=VERTEX_POINT('',#4265);
#1928=VERTEX_POINT('',#4269);
#1929=VERTEX_POINT('',#4270);
#1930=VERTEX_POINT('',#4272);
#1931=VERTEX_POINT('',#4274);
#1932=VERTEX_POINT('',#4278);
#1933=VERTEX_POINT('',#4279);
#1934=VERTEX_POINT('',#4281);
#1935=VERTEX_POINT('',#4283);
#1936=VERTEX_POINT('',#4287);
#1937=VERTEX_POINT('',#4288);
#1938=VERTEX_POINT('',#4290);
#1939=VERTEX_POINT('',#4292);
#1940=VERTEX_POINT('',#4296);
#1941=VERTEX_POINT('',#4298);
#1942=VERTEX_POINT('',#4299);
#1943=VERTEX_POINT('',#4364);
#1944=VERTEX_POINT('',#4366);
#1945=VERTEX_POINT('',#4368);
#1946=VERTEX_POINT('',#4370);
#1947=VERTEX_POINT('',#4435);
#1948=VERTEX_POINT('',#4437);
#1949=VERTEX_POINT('',#4439);
#1950=VERTEX_POINT('',#4441);
#1951=VERTEX_POINT('',#4506);
#1952=VERTEX_POINT('',#4508);
#1953=VERTEX_POINT('',#4510);
#1954=VERTEX_POINT('',#4512);
#1955=VERTEX_POINT('',#4577);
#1956=VERTEX_POINT('',#4579);
#1957=VERTEX_POINT('',#4581);
#1958=VERTEX_POINT('',#4583);
#1959=VERTEX_POINT('',#4648);
#1960=VERTEX_POINT('',#4650);
#1961=VERTEX_POINT('',#4652);
#1962=VERTEX_POINT('',#4654);
#1963=VERTEX_POINT('',#4719);
#1964=VERTEX_POINT('',#4721);
#1965=VERTEX_POINT('',#4723);
#1966=VERTEX_POINT('',#4725);
#1967=VERTEX_POINT('',#4790);
#1968=VERTEX_POINT('',#4792);
#1969=VERTEX_POINT('',#4794);
#1970=VERTEX_POINT('',#4796);
#1971=VERTEX_POINT('',#4861);
#1972=VERTEX_POINT('',#4863);
#1973=VERTEX_POINT('',#4865);
#1974=VERTEX_POINT('',#4867);
#1975=VERTEX_POINT('',#4932);
#1976=VERTEX_POINT('',#4934);
#1977=VERTEX_POINT('',#4936);
#1978=VERTEX_POINT('',#4938);
#1979=VERTEX_POINT('',#4971);
#1980=VERTEX_POINT('',#4973);
#1981=VERTEX_POINT('',#5006);
#1982=VERTEX_POINT('',#5008);
#1983=VERTEX_POINT('',#5010);
#1984=VERTEX_POINT('',#5012);
#1985=VERTEX_POINT('',#5077);
#1986=VERTEX_POINT('',#5079);
#1987=VERTEX_POINT('',#5081);
#1988=VERTEX_POINT('',#5083);
#1989=VERTEX_POINT('',#5148);
#1990=VERTEX_POINT('',#5150);
#1991=VERTEX_POINT('',#5152);
#1992=VERTEX_POINT('',#5154);
#1993=VERTEX_POINT('',#5219);
#1994=VERTEX_POINT('',#5221);
#1995=VERTEX_POINT('',#5223);
#1996=VERTEX_POINT('',#5225);
#1997=VERTEX_POINT('',#5290);
#1998=VERTEX_POINT('',#5292);
#1999=VERTEX_POINT('',#5294);
#2000=VERTEX_POINT('',#5296);
#2001=VERTEX_POINT('',#5361);
#2002=VERTEX_POINT('',#5363);
#2003=VERTEX_POINT('',#5365);
#2004=VERTEX_POINT('',#5367);
#2005=VERTEX_POINT('',#5432);
#2006=VERTEX_POINT('',#5434);
#2007=VERTEX_POINT('',#5436);
#2008=VERTEX_POINT('',#5438);
#2009=VERTEX_POINT('',#5503);
#2010=VERTEX_POINT('',#5505);
#2011=VERTEX_POINT('',#5507);
#2012=VERTEX_POINT('',#5509);
#2013=VERTEX_POINT('',#5574);
#2014=VERTEX_POINT('',#5576);
#2015=VERTEX_POINT('',#5578);
#2016=VERTEX_POINT('',#5580);
#2017=VERTEX_POINT('',#5645);
#2018=VERTEX_POINT('',#5647);
#2019=VERTEX_POINT('',#5649);
#2020=VERTEX_POINT('',#5651);
#2021=VERTEX_POINT('',#5716);
#2022=VERTEX_POINT('',#5718);
#2023=VERTEX_POINT('',#5720);
#2024=VERTEX_POINT('',#5722);
#2025=VERTEX_POINT('',#5787);
#2026=VERTEX_POINT('',#5789);
#2027=VERTEX_POINT('',#5791);
#2028=VERTEX_POINT('',#5793);
#2029=VERTEX_POINT('',#5858);
#2030=VERTEX_POINT('',#5860);
#2031=VERTEX_POINT('',#5862);
#2032=VERTEX_POINT('',#5864);
#2033=VERTEX_POINT('',#5929);
#2034=VERTEX_POINT('',#5931);
#2035=VERTEX_POINT('',#5933);
#2036=VERTEX_POINT('',#5935);
#2037=VERTEX_POINT('',#6000);
#2038=VERTEX_POINT('',#6002);
#2039=VERTEX_POINT('',#6004);
#2040=VERTEX_POINT('',#6006);
#2041=VERTEX_POINT('',#6071);
#2042=VERTEX_POINT('',#6073);
#2043=VERTEX_POINT('',#6077);
#2044=VERTEX_POINT('',#6079);
#2045=VERTEX_POINT('',#6083);
#2046=VERTEX_POINT('',#6085);
#2047=VERTEX_POINT('',#6086);
#2048=VERTEX_POINT('',#6151);
#2049=VERTEX_POINT('',#6153);
#2050=VERTEX_POINT('',#6155);
#2051=VERTEX_POINT('',#6157);
#2052=VERTEX_POINT('',#6222);
#2053=VERTEX_POINT('',#6224);
#2054=VERTEX_POINT('',#6226);
#2055=VERTEX_POINT('',#6228);
#2056=VERTEX_POINT('',#6293);
#2057=VERTEX_POINT('',#6295);
#2058=VERTEX_POINT('',#6297);
#2059=VERTEX_POINT('',#6299);
#2060=VERTEX_POINT('',#6364);
#2061=VERTEX_POINT('',#6366);
#2062=VERTEX_POINT('',#6368);
#2063=VERTEX_POINT('',#6370);
#2064=VERTEX_POINT('',#6435);
#2065=VERTEX_POINT('',#6437);
#2066=VERTEX_POINT('',#6439);
#2067=VERTEX_POINT('',#6441);
#2068=VERTEX_POINT('',#6506);
#2069=VERTEX_POINT('',#6508);
#2070=VERTEX_POINT('',#6510);
#2071=VERTEX_POINT('',#6512);
#2072=VERTEX_POINT('',#6577);
#2073=VERTEX_POINT('',#6579);
#2074=VERTEX_POINT('',#6581);
#2075=VERTEX_POINT('',#6583);
#2076=VERTEX_POINT('',#6648);
#2077=VERTEX_POINT('',#6650);
#2078=VERTEX_POINT('',#6652);
#2079=VERTEX_POINT('',#6654);
#2080=VERTEX_POINT('',#6719);
#2081=VERTEX_POINT('',#6721);
#2082=VERTEX_POINT('',#6723);
#2083=VERTEX_POINT('',#6725);
#2084=VERTEX_POINT('',#6790);
#2085=VERTEX_POINT('',#6792);
#2086=VERTEX_POINT('',#6794);
#2087=VERTEX_POINT('',#6796);
#2088=VERTEX_POINT('',#6861);
#2089=VERTEX_POINT('',#6863);
#2090=VERTEX_POINT('',#6865);
#2091=VERTEX_POINT('',#6867);
#2092=VERTEX_POINT('',#6932);
#2093=VERTEX_POINT('',#6934);
#2094=VERTEX_POINT('',#6936);
#2095=VERTEX_POINT('',#6938);
#2096=VERTEX_POINT('',#7003);
#2097=VERTEX_POINT('',#7005);
#2098=VERTEX_POINT('',#7007);
#2099=VERTEX_POINT('',#7009);
#2100=VERTEX_POINT('',#7074);
#2101=VERTEX_POINT('',#7076);
#2102=VERTEX_POINT('',#7078);
#2103=VERTEX_POINT('',#7080);
#2104=VERTEX_POINT('',#7145);
#2105=VERTEX_POINT('',#7147);
#2106=VERTEX_POINT('',#7149);
#2107=VERTEX_POINT('',#7151);
#2108=VERTEX_POINT('',#7216);
#2109=VERTEX_POINT('',#7218);
#2110=VERTEX_POINT('',#7220);
#2111=VERTEX_POINT('',#7222);
#2112=VERTEX_POINT('',#7287);
#2113=VERTEX_POINT('',#7289);
#2114=VERTEX_POINT('',#7291);
#2115=VERTEX_POINT('',#7293);
#2116=VERTEX_POINT('',#7358);
#2117=VERTEX_POINT('',#7360);
#2118=VERTEX_POINT('',#7362);
#2119=VERTEX_POINT('',#7364);
#2120=VERTEX_POINT('',#7429);
#2121=VERTEX_POINT('',#7431);
#2122=VERTEX_POINT('',#7433);
#2123=VERTEX_POINT('',#7435);
#2124=VERTEX_POINT('',#7500);
#2125=VERTEX_POINT('',#7502);
#2126=VERTEX_POINT('',#7504);
#2127=VERTEX_POINT('',#7506);
#2128=VERTEX_POINT('',#7571);
#2129=VERTEX_POINT('',#7573);
#2130=VERTEX_POINT('',#7575);
#2131=VERTEX_POINT('',#7577);
#2132=VERTEX_POINT('',#7642);
#2133=VERTEX_POINT('',#7644);
#2134=VERTEX_POINT('',#7646);
#2135=VERTEX_POINT('',#7648);
#2136=VERTEX_POINT('',#7713);
#2137=VERTEX_POINT('',#7715);
#2138=VERTEX_POINT('',#7717);
#2139=VERTEX_POINT('',#7719);
#2140=VERTEX_POINT('',#7784);
#2141=VERTEX_POINT('',#7786);
#2142=VERTEX_POINT('',#7788);
#2143=VERTEX_POINT('',#7790);
#2144=VERTEX_POINT('',#7855);
#2145=VERTEX_POINT('',#7857);
#2146=VERTEX_POINT('',#9036);
#2147=VERTEX_POINT('',#9038);
#2148=VERTEX_POINT('',#9041);
#2149=VERTEX_POINT('',#9046);
#2150=CIRCLE('',#2970,0.000875);
#2151=CIRCLE('',#2971,0.000875);
#2152=CIRCLE('',#2973,0.0108);
#2153=CIRCLE('',#2974,0.0108);
#2154=CIRCLE('',#2976,0.0108);
#2155=CIRCLE('',#2977,0.0108);
#2156=CIRCLE('',#2979,0.0108);
#2157=CIRCLE('',#2980,0.0108);
#2158=CIRCLE('',#2982,0.0108);
#2159=CIRCLE('',#2983,0.0108);
#2160=CIRCLE('',#2985,0.0108);
#2161=CIRCLE('',#2986,0.0108);
#2162=CIRCLE('',#2988,0.0108);
#2163=CIRCLE('',#2989,0.0108);
#2164=CIRCLE('',#2991,0.0108);
#2165=CIRCLE('',#2992,0.0108);
#2166=CIRCLE('',#2994,0.0108);
#2167=CIRCLE('',#2995,0.0108);
#2168=CIRCLE('',#2997,0.0108);
#2169=CIRCLE('',#2998,0.0108);
#2170=CIRCLE('',#3000,0.0108);
#2171=CIRCLE('',#3001,0.0108);
#2172=CIRCLE('',#3003,0.0108);
#2173=CIRCLE('',#3004,0.0108);
#2174=CIRCLE('',#3006,0.0108);
#2175=CIRCLE('',#3007,0.0108);
#2176=CIRCLE('',#3009,0.0108);
#2177=CIRCLE('',#3010,0.0108);
#2178=CIRCLE('',#3012,0.0108);
#2179=CIRCLE('',#3013,0.0108);
#2180=CIRCLE('',#3015,0.0108);
#2181=CIRCLE('',#3016,0.0108);
#2182=CIRCLE('',#3018,0.0108);
#2183=CIRCLE('',#3019,0.0108);
#2184=CIRCLE('',#3021,0.0108);
#2185=CIRCLE('',#3022,0.0108);
#2186=CIRCLE('',#3024,0.0108);
#2187=CIRCLE('',#3025,0.0108);
#2188=CIRCLE('',#3027,0.0108);
#2189=CIRCLE('',#3028,0.0108);
#2190=CIRCLE('',#3030,0.0108);
#2191=CIRCLE('',#3031,0.0108);
#2192=CIRCLE('',#3033,0.0108);
#2193=CIRCLE('',#3034,0.0108);
#2194=CIRCLE('',#3036,0.0108);
#2195=CIRCLE('',#3037,0.0108);
#2196=CIRCLE('',#3039,0.0108);
#2197=CIRCLE('',#3040,0.0108);
#2198=CIRCLE('',#3042,0.0108);
#2199=CIRCLE('',#3043,0.0108);
#2200=CIRCLE('',#3045,0.003);
#2201=CIRCLE('',#3046,0.000303078238832003);
#2202=CIRCLE('',#3047,0.000303078238832003);
#2203=CIRCLE('',#3048,0.009);
#2204=CIRCLE('',#3049,0.000303078238832003);
#2205=CIRCLE('',#3050,0.000303078238832003);
#2206=CIRCLE('',#3051,0.009);
#2207=CIRCLE('',#3052,0.000303078238832003);
#2208=CIRCLE('',#3053,0.000303078238832003);
#2209=CIRCLE('',#3054,0.009);
#2210=CIRCLE('',#3055,0.000303078238832003);
#2211=CIRCLE('',#3056,0.000303078238832003);
#2212=CIRCLE('',#3057,0.009);
#2213=CIRCLE('',#3058,0.000303078238832003);
#2214=CIRCLE('',#3059,0.000303078238832003);
#2215=CIRCLE('',#3060,0.009);
#2216=CIRCLE('',#3061,0.000303078238832003);
#2217=CIRCLE('',#3062,0.000303078238832003);
#2218=CIRCLE('',#3063,0.009);
#2219=CIRCLE('',#3064,0.000303078238832003);
#2220=CIRCLE('',#3065,0.000303078238832003);
#2221=CIRCLE('',#3066,0.009);
#2222=CIRCLE('',#3067,0.000303078238832003);
#2223=CIRCLE('',#3068,0.000303078238832003);
#2224=CIRCLE('',#3069,0.009);
#2225=CIRCLE('',#3070,0.000303078238832003);
#2226=CIRCLE('',#3071,0.000303078238832003);
#2227=CIRCLE('',#3072,0.009);
#2228=CIRCLE('',#3073,0.000303078238832003);
#2229=CIRCLE('',#3074,0.0108);
#2230=CIRCLE('',#3075,0.000303078238832003);
#2231=CIRCLE('',#3076,0.009);
#2232=CIRCLE('',#3077,0.000303078238832003);
#2233=CIRCLE('',#3078,0.000303078238832003);
#2234=CIRCLE('',#3079,0.009);
#2235=CIRCLE('',#3080,0.000303078238832003);
#2236=CIRCLE('',#3081,0.000303078238832003);
#2237=CIRCLE('',#3082,0.009);
#2238=CIRCLE('',#3083,0.000303078238832003);
#2239=CIRCLE('',#3084,0.000303078238832003);
#2240=CIRCLE('',#3085,0.009);
#2241=CIRCLE('',#3086,0.000303078238832003);
#2242=CIRCLE('',#3087,0.000303078238832003);
#2243=CIRCLE('',#3088,0.009);
#2244=CIRCLE('',#3089,0.000303078238832003);
#2245=CIRCLE('',#3090,0.000303078238832003);
#2246=CIRCLE('',#3091,0.009);
#2247=CIRCLE('',#3092,0.000303078238832003);
#2248=CIRCLE('',#3093,0.000303078238832003);
#2249=CIRCLE('',#3094,0.009);
#2250=CIRCLE('',#3095,0.000303078238832003);
#2251=CIRCLE('',#3096,0.000303078238832003);
#2252=CIRCLE('',#3097,0.009);
#2253=CIRCLE('',#3098,0.000303078238832003);
#2254=CIRCLE('',#3099,0.000303078238832003);
#2255=CIRCLE('',#3100,0.009);
#2256=CIRCLE('',#3101,0.000303078238832003);
#2257=CIRCLE('',#3102,0.000303078238832003);
#2258=CIRCLE('',#3103,0.009);
#2259=CIRCLE('',#3104,0.000303078238832003);
#2260=CIRCLE('',#3105,0.000303078238832003);
#2261=CIRCLE('',#3106,0.009);
#2262=CIRCLE('',#3107,0.000303078238832003);
#2263=CIRCLE('',#3108,0.000303078238832003);
#2264=CIRCLE('',#3109,0.009);
#2265=CIRCLE('',#3110,0.000303078238832003);
#2266=CIRCLE('',#3111,0.000303078238832003);
#2267=CIRCLE('',#3112,0.009);
#2268=CIRCLE('',#3113,0.000303078238832003);
#2269=CIRCLE('',#3114,0.000303078238832003);
#2270=CIRCLE('',#3115,0.009);
#2271=CIRCLE('',#3116,0.000303078238832003);
#2272=CIRCLE('',#3117,0.000303078238832003);
#2273=CIRCLE('',#3118,0.009);
#2274=CIRCLE('',#3119,0.000303078238832003);
#2275=CIRCLE('',#3120,0.000303078238832003);
#2276=CIRCLE('',#3121,0.009);
#2277=CIRCLE('',#3123,0.0108);
#2278=CIRCLE('',#3125,0.00737298334620742);
#2279=CIRCLE('',#3126,0.000303078238832003);
#2280=CIRCLE('',#3127,0.000303078238832003);
#2281=CIRCLE('',#3128,0.009);
#2282=CIRCLE('',#3129,0.000303078238832003);
#2283=CIRCLE('',#3130,0.000303078238832003);
#2284=CIRCLE('',#3131,0.009);
#2285=CIRCLE('',#3132,0.000303078238832003);
#2286=CIRCLE('',#3133,0.000303078238832003);
#2287=CIRCLE('',#3134,0.009);
#2288=CIRCLE('',#3135,0.000303078238832003);
#2289=CIRCLE('',#3136,0.000303078238832003);
#2290=CIRCLE('',#3137,0.009);
#2291=CIRCLE('',#3138,0.000303078238832003);
#2292=CIRCLE('',#3139,0.000303078238832003);
#2293=CIRCLE('',#3140,0.009);
#2294=CIRCLE('',#3141,0.000303078238832003);
#2295=CIRCLE('',#3142,0.000303078238832003);
#2296=CIRCLE('',#3143,0.009);
#2297=CIRCLE('',#3144,0.000303078238832003);
#2298=CIRCLE('',#3145,0.000303078238832003);
#2299=CIRCLE('',#3146,0.009);
#2300=CIRCLE('',#3147,0.000303078238832003);
#2301=CIRCLE('',#3148,0.000303078238832003);
#2302=CIRCLE('',#3149,0.009);
#2303=CIRCLE('',#3150,0.000303078238832003);
#2304=CIRCLE('',#3151,0.000303078238832003);
#2305=CIRCLE('',#3152,0.009);
#2306=CIRCLE('',#3153,0.000303078238832003);
#2307=CIRCLE('',#3154,0.000303078238832003);
#2308=CIRCLE('',#3155,0.009);
#2309=CIRCLE('',#3156,0.000303078238832003);
#2310=CIRCLE('',#3157,0.000303078238832003);
#2311=CIRCLE('',#3158,0.009);
#2312=CIRCLE('',#3159,0.000303078238832003);
#2313=CIRCLE('',#3160,0.000303078238832003);
#2314=CIRCLE('',#3161,0.009);
#2315=CIRCLE('',#3162,0.000303078238832003);
#2316=CIRCLE('',#3163,0.000303078238832003);
#2317=CIRCLE('',#3164,0.009);
#2318=CIRCLE('',#3165,0.000303078238832003);
#2319=CIRCLE('',#3166,0.000303078238832003);
#2320=CIRCLE('',#3167,0.009);
#2321=CIRCLE('',#3168,0.000303078238832003);
#2322=CIRCLE('',#3169,0.000303078238832003);
#2323=CIRCLE('',#3170,0.009);
#2324=CIRCLE('',#3171,0.000303078238832003);
#2325=CIRCLE('',#3172,0.000303078238832003);
#2326=CIRCLE('',#3173,0.009);
#2327=CIRCLE('',#3174,0.000303078238832003);
#2328=CIRCLE('',#3175,0.000303078238832003);
#2329=CIRCLE('',#3176,0.009);
#2330=CIRCLE('',#3177,0.000303078238832003);
#2331=CIRCLE('',#3178,0.000303078238832003);
#2332=CIRCLE('',#3179,0.009);
#2333=CIRCLE('',#3180,0.000303078238832003);
#2334=CIRCLE('',#3181,0.000303078238832003);
#2335=CIRCLE('',#3182,0.009);
#2336=CIRCLE('',#3183,0.000303078238832003);
#2337=CIRCLE('',#3184,0.000303078238832003);
#2338=CIRCLE('',#3185,0.009);
#2339=CIRCLE('',#3186,0.000303078238832003);
#2340=CIRCLE('',#3187,0.000303078238832003);
#2341=CIRCLE('',#3188,0.009);
#2342=CIRCLE('',#3189,0.000303078238832003);
#2343=CIRCLE('',#3190,0.000303078238832003);
#2344=CIRCLE('',#3191,0.009);
#2345=CIRCLE('',#3192,0.000303078238832003);
#2346=CIRCLE('',#3193,0.000303078238832003);
#2347=CIRCLE('',#3194,0.009);
#2348=CIRCLE('',#3195,0.000303078238832003);
#2349=CIRCLE('',#3196,0.000303078238832003);
#2350=CIRCLE('',#3197,0.009);
#2351=CIRCLE('',#3198,0.000303078238832003);
#2352=CIRCLE('',#3199,0.000303078238832003);
#2353=CIRCLE('',#3200,0.009);
#2354=CIRCLE('',#3277,0.00245);
#2355=CIRCLE('',#3278,0.00245);
#2356=CIRCLE('',#3280,0.0035);
#2357=CIRCLE('',#3284,0.003);
#2358=EDGE_LOOP('',(#468));
#2359=EDGE_LOOP('',(#469));
#2360=EDGE_LOOP('',(#470,#471,#472,#473));
#2361=EDGE_LOOP('',(#474,#475,#476,#477));
#2362=EDGE_LOOP('',(#478,#479,#480,#481));
#2363=EDGE_LOOP('',(#482,#483,#484,#485));
#2364=EDGE_LOOP('',(#486,#487,#488,#489));
#2365=EDGE_LOOP('',(#490,#491,#492,#493));
#2366=EDGE_LOOP('',(#494,#495,#496,#497));
#2367=EDGE_LOOP('',(#498,#499,#500,#501));
#2368=EDGE_LOOP('',(#502,#503,#504,#505));
#2369=EDGE_LOOP('',(#506,#507,#508,#509));
#2370=EDGE_LOOP('',(#510,#511,#512,#513));
#2371=EDGE_LOOP('',(#514,#515,#516,#517));
#2372=EDGE_LOOP('',(#518,#519,#520,#521));
#2373=EDGE_LOOP('',(#522,#523,#524,#525));
#2374=EDGE_LOOP('',(#526,#527,#528,#529));
#2375=EDGE_LOOP('',(#530,#531,#532,#533));
#2376=EDGE_LOOP('',(#534,#535,#536,#537));
#2377=EDGE_LOOP('',(#538,#539,#540,#541));
#2378=EDGE_LOOP('',(#542,#543,#544,#545));
#2379=EDGE_LOOP('',(#546,#547,#548,#549));
#2380=EDGE_LOOP('',(#550,#551,#552,#553));
#2381=EDGE_LOOP('',(#554,#555,#556,#557));
#2382=EDGE_LOOP('',(#558,#559,#560,#561));
#2383=EDGE_LOOP('',(#562,#563,#564,#565));
#2384=EDGE_LOOP('',(#566));
#2385=EDGE_LOOP('',(#567,#568,#569,#570,#571,#572,#573,#574,#575,#576,#577,
#578,#579,#580,#581,#582,#583,#584,#585,#586,#587,#588,#589,#590,#591,#592,
#593,#594,#595,#596,#597,#598,#599,#600,#601,#602,#603,#604,#605,#606,#607,
#608,#609,#610,#611,#612,#613,#614,#615,#616,#617,#618,#619,#620,#621,#622,
#623,#624,#625,#626,#627,#628,#629,#630,#631,#632,#633,#634,#635,#636,#637,
#638,#639,#640,#641,#642,#643,#644,#645,#646,#647,#648,#649,#650,#651,#652,
#653,#654,#655,#656,#657,#658,#659,#660,#661,#662,#663,#664,#665,#666,#667,
#668,#669,#670,#671,#672,#673,#674,#675,#676,#677,#678,#679,#680,#681,#682,
#683,#684,#685,#686,#687,#688,#689,#690,#691,#692,#693,#694,#695,#696,#697,
#698,#699,#700,#701,#702,#703,#704,#705,#706,#707,#708,#709,#710,#711,#712,
#713,#714,#715,#716));
#2386=EDGE_LOOP('',(#717,#718,#719,#720));
#2387=EDGE_LOOP('',(#721));
#2388=EDGE_LOOP('',(#722,#723,#724,#725,#726,#727,#728,#729,#730,#731,#732,
#733,#734,#735,#736,#737,#738,#739,#740,#741,#742,#743,#744,#745,#746,#747,
#748,#749,#750,#751,#752,#753,#754,#755,#756,#757,#758,#759,#760,#761,#762,
#763,#764,#765,#766,#767,#768,#769,#770,#771,#772,#773,#774,#775,#776,#777,
#778,#779,#780,#781,#782,#783,#784,#785,#786,#787,#788,#789,#790,#791,#792,
#793,#794,#795,#796,#797,#798,#799,#800,#801,#802,#803,#804,#805,#806,#807,
#808,#809,#810,#811,#812,#813,#814,#815,#816,#817,#818,#819,#820,#821,#822,
#823,#824,#825,#826,#827,#828,#829,#830,#831,#832,#833,#834,#835,#836,#837,
#838,#839,#840,#841,#842,#843,#844,#845,#846,#847,#848,#849,#850,#851,#852,
#853,#854,#855,#856,#857,#858,#859,#860,#861,#862,#863,#864,#865,#866,#867,
#868,#869,#870,#871));
#2389=EDGE_LOOP('',(#872,#873,#874,#875));
#2390=EDGE_LOOP('',(#876,#877,#878,#879));
#2391=EDGE_LOOP('',(#880,#881,#882,#883));
#2392=EDGE_LOOP('',(#884,#885,#886,#887));
#2393=EDGE_LOOP('',(#888,#889,#890,#891));
#2394=EDGE_LOOP('',(#892,#893,#894,#895));
#2395=EDGE_LOOP('',(#896,#897,#898,#899));
#2396=EDGE_LOOP('',(#900,#901,#902,#903));
#2397=EDGE_LOOP('',(#904,#905,#906,#907));
#2398=EDGE_LOOP('',(#908,#909,#910,#911));
#2399=EDGE_LOOP('',(#912,#913,#914,#915));
#2400=EDGE_LOOP('',(#916,#917,#918,#919));
#2401=EDGE_LOOP('',(#920,#921,#922,#923));
#2402=EDGE_LOOP('',(#924,#925,#926,#927));
#2403=EDGE_LOOP('',(#928,#929,#930,#931));
#2404=EDGE_LOOP('',(#932,#933,#934,#935));
#2405=EDGE_LOOP('',(#936,#937,#938,#939));
#2406=EDGE_LOOP('',(#940,#941,#942,#943));
#2407=EDGE_LOOP('',(#944,#945,#946,#947));
#2408=EDGE_LOOP('',(#948,#949,#950,#951));
#2409=EDGE_LOOP('',(#952,#953,#954,#955));
#2410=EDGE_LOOP('',(#956,#957,#958,#959));
#2411=EDGE_LOOP('',(#960,#961,#962,#963));
#2412=EDGE_LOOP('',(#964,#965,#966,#967));
#2413=EDGE_LOOP('',(#968,#969,#970,#971));
#2414=EDGE_LOOP('',(#972,#973,#974,#975));
#2415=EDGE_LOOP('',(#976,#977,#978,#979));
#2416=EDGE_LOOP('',(#980,#981,#982,#983));
#2417=EDGE_LOOP('',(#984,#985,#986,#987));
#2418=EDGE_LOOP('',(#988,#989,#990,#991));
#2419=EDGE_LOOP('',(#992,#993,#994,#995));
#2420=EDGE_LOOP('',(#996,#997,#998,#999));
#2421=EDGE_LOOP('',(#1000,#1001,#1002,#1003));
#2422=EDGE_LOOP('',(#1004,#1005,#1006,#1007));
#2423=EDGE_LOOP('',(#1008,#1009,#1010,#1011));
#2424=EDGE_LOOP('',(#1012,#1013,#1014,#1015));
#2425=EDGE_LOOP('',(#1016,#1017,#1018,#1019));
#2426=EDGE_LOOP('',(#1020,#1021,#1022,#1023));
#2427=EDGE_LOOP('',(#1024,#1025,#1026,#1027));
#2428=EDGE_LOOP('',(#1028,#1029,#1030,#1031));
#2429=EDGE_LOOP('',(#1032,#1033,#1034,#1035));
#2430=EDGE_LOOP('',(#1036,#1037,#1038,#1039));
#2431=EDGE_LOOP('',(#1040,#1041,#1042,#1043));
#2432=EDGE_LOOP('',(#1044,#1045,#1046,#1047));
#2433=EDGE_LOOP('',(#1048,#1049,#1050,#1051));
#2434=EDGE_LOOP('',(#1052,#1053,#1054,#1055));
#2435=EDGE_LOOP('',(#1056,#1057,#1058,#1059));
#2436=EDGE_LOOP('',(#1060,#1061,#1062,#1063));
#2437=EDGE_LOOP('',(#1064,#1065,#1066,#1067));
#2438=EDGE_LOOP('',(#1068,#1069,#1070,#1071));
#2439=EDGE_LOOP('',(#1072,#1073,#1074,#1075));
#2440=EDGE_LOOP('',(#1076,#1077,#1078,#1079));
#2441=EDGE_LOOP('',(#1080,#1081,#1082,#1083));
#2442=EDGE_LOOP('',(#1084,#1085,#1086,#1087));
#2443=EDGE_LOOP('',(#1088,#1089,#1090,#1091));
#2444=EDGE_LOOP('',(#1092,#1093,#1094,#1095));
#2445=EDGE_LOOP('',(#1096,#1097,#1098,#1099));
#2446=EDGE_LOOP('',(#1100,#1101,#1102,#1103));
#2447=EDGE_LOOP('',(#1104,#1105,#1106,#1107));
#2448=EDGE_LOOP('',(#1108,#1109,#1110,#1111));
#2449=EDGE_LOOP('',(#1112,#1113,#1114,#1115));
#2450=EDGE_LOOP('',(#1116,#1117,#1118,#1119));
#2451=EDGE_LOOP('',(#1120,#1121,#1122,#1123));
#2452=EDGE_LOOP('',(#1124,#1125,#1126,#1127));
#2453=EDGE_LOOP('',(#1128,#1129,#1130,#1131));
#2454=EDGE_LOOP('',(#1132,#1133,#1134,#1135));
#2455=EDGE_LOOP('',(#1136,#1137,#1138,#1139));
#2456=EDGE_LOOP('',(#1140,#1141,#1142,#1143));
#2457=EDGE_LOOP('',(#1144,#1145,#1146,#1147));
#2458=EDGE_LOOP('',(#1148,#1149,#1150,#1151));
#2459=EDGE_LOOP('',(#1152,#1153,#1154,#1155));
#2460=EDGE_LOOP('',(#1156,#1157,#1158,#1159));
#2461=EDGE_LOOP('',(#1160,#1161,#1162,#1163));
#2462=EDGE_LOOP('',(#1164,#1165,#1166,#1167));
#2463=EDGE_LOOP('',(#1168,#1169,#1170,#1171));
#2464=EDGE_LOOP('',(#1172,#1173,#1174,#1175));
#2465=EDGE_LOOP('',(#1176,#1177,#1178,#1179));
#2466=EDGE_LOOP('',(#1180,#1181,#1182,#1183));
#2467=EDGE_LOOP('',(#1184,#1185,#1186,#1187));
#2468=EDGE_LOOP('',(#1188,#1189,#1190,#1191));
#2469=EDGE_LOOP('',(#1192,#1193,#1194,#1195));
#2470=EDGE_LOOP('',(#1196,#1197,#1198,#1199));
#2471=EDGE_LOOP('',(#1200,#1201,#1202,#1203));
#2472=EDGE_LOOP('',(#1204,#1205,#1206,#1207));
#2473=EDGE_LOOP('',(#1208,#1209,#1210,#1211));
#2474=EDGE_LOOP('',(#1212,#1213,#1214,#1215));
#2475=EDGE_LOOP('',(#1216,#1217,#1218,#1219));
#2476=EDGE_LOOP('',(#1220,#1221,#1222,#1223));
#2477=EDGE_LOOP('',(#1224,#1225,#1226,#1227));
#2478=EDGE_LOOP('',(#1228,#1229,#1230,#1231));
#2479=EDGE_LOOP('',(#1232,#1233,#1234,#1235));
#2480=EDGE_LOOP('',(#1236,#1237,#1238,#1239));
#2481=EDGE_LOOP('',(#1240,#1241,#1242,#1243));
#2482=EDGE_LOOP('',(#1244,#1245,#1246,#1247));
#2483=EDGE_LOOP('',(#1248,#1249,#1250,#1251));
#2484=EDGE_LOOP('',(#1252,#1253,#1254,#1255));
#2485=EDGE_LOOP('',(#1256,#1257,#1258,#1259));
#2486=EDGE_LOOP('',(#1260,#1261,#1262,#1263));
#2487=EDGE_LOOP('',(#1264,#1265,#1266,#1267));
#2488=EDGE_LOOP('',(#1268,#1269,#1270,#1271));
#2489=EDGE_LOOP('',(#1272,#1273,#1274,#1275));
#2490=EDGE_LOOP('',(#1276,#1277,#1278,#1279));
#2491=EDGE_LOOP('',(#1280,#1281,#1282,#1283));
#2492=EDGE_LOOP('',(#1284,#1285,#1286,#1287));
#2493=EDGE_LOOP('',(#1288,#1289,#1290,#1291));
#2494=EDGE_LOOP('',(#1292,#1293,#1294,#1295));
#2495=EDGE_LOOP('',(#1296,#1297,#1298,#1299));
#2496=EDGE_LOOP('',(#1300,#1301,#1302,#1303));
#2497=EDGE_LOOP('',(#1304,#1305,#1306,#1307));
#2498=EDGE_LOOP('',(#1308,#1309,#1310,#1311));
#2499=EDGE_LOOP('',(#1312,#1313,#1314,#1315));
#2500=EDGE_LOOP('',(#1316,#1317,#1318,#1319));
#2501=EDGE_LOOP('',(#1320,#1321,#1322,#1323));
#2502=EDGE_LOOP('',(#1324,#1325,#1326,#1327));
#2503=EDGE_LOOP('',(#1328,#1329,#1330,#1331));
#2504=EDGE_LOOP('',(#1332,#1333,#1334,#1335));
#2505=EDGE_LOOP('',(#1336,#1337,#1338,#1339));
#2506=EDGE_LOOP('',(#1340,#1341,#1342,#1343));
#2507=EDGE_LOOP('',(#1344,#1345,#1346,#1347));
#2508=EDGE_LOOP('',(#1348,#1349,#1350,#1351));
#2509=EDGE_LOOP('',(#1352,#1353,#1354,#1355));
#2510=EDGE_LOOP('',(#1356,#1357,#1358,#1359));
#2511=EDGE_LOOP('',(#1360,#1361,#1362,#1363));
#2512=EDGE_LOOP('',(#1364,#1365,#1366,#1367));
#2513=EDGE_LOOP('',(#1368,#1369,#1370,#1371));
#2514=EDGE_LOOP('',(#1372));
#2515=EDGE_LOOP('',(#1373));
#2516=EDGE_LOOP('',(#1374));
#2517=EDGE_LOOP('',(#1375));
#2518=EDGE_LOOP('',(#1376));
#2519=EDGE_LOOP('',(#1377));
#2520=EDGE_LOOP('',(#1378));
#2521=EDGE_LOOP('',(#1379));
#2522=EDGE_LOOP('',(#1380));
#2523=EDGE_LOOP('',(#1381));
#2524=EDGE_LOOP('',(#1382));
#2525=EDGE_LOOP('',(#1383));
#2526=FACE_BOUND('',#2358,.T.);
#2527=FACE_BOUND('',#2359,.T.);
#2528=FACE_BOUND('',#2360,.T.);
#2529=FACE_BOUND('',#2361,.T.);
#2530=FACE_BOUND('',#2362,.T.);
#2531=FACE_BOUND('',#2363,.T.);
#2532=FACE_BOUND('',#2364,.T.);
#2533=FACE_BOUND('',#2365,.T.);
#2534=FACE_BOUND('',#2366,.T.);
#2535=FACE_BOUND('',#2367,.T.);
#2536=FACE_BOUND('',#2368,.T.);
#2537=FACE_BOUND('',#2369,.T.);
#2538=FACE_BOUND('',#2370,.T.);
#2539=FACE_BOUND('',#2371,.T.);
#2540=FACE_BOUND('',#2372,.T.);
#2541=FACE_BOUND('',#2373,.T.);
#2542=FACE_BOUND('',#2374,.T.);
#2543=FACE_BOUND('',#2375,.T.);
#2544=FACE_BOUND('',#2376,.T.);
#2545=FACE_BOUND('',#2377,.T.);
#2546=FACE_BOUND('',#2378,.T.);
#2547=FACE_BOUND('',#2379,.T.);
#2548=FACE_BOUND('',#2380,.T.);
#2549=FACE_BOUND('',#2381,.T.);
#2550=FACE_BOUND('',#2382,.T.);
#2551=FACE_BOUND('',#2383,.T.);
#2552=FACE_BOUND('',#2384,.T.);
#2553=FACE_BOUND('',#2385,.T.);
#2554=FACE_BOUND('',#2386,.T.);
#2555=FACE_BOUND('',#2387,.T.);
#2556=FACE_BOUND('',#2388,.T.);
#2557=FACE_BOUND('',#2389,.T.);
#2558=FACE_BOUND('',#2390,.T.);
#2559=FACE_BOUND('',#2391,.T.);
#2560=FACE_BOUND('',#2392,.T.);
#2561=FACE_BOUND('',#2393,.T.);
#2562=FACE_BOUND('',#2394,.T.);
#2563=FACE_BOUND('',#2395,.T.);
#2564=FACE_BOUND('',#2396,.T.);
#2565=FACE_BOUND('',#2397,.T.);
#2566=FACE_BOUND('',#2398,.T.);
#2567=FACE_BOUND('',#2399,.T.);
#2568=FACE_BOUND('',#2400,.T.);
#2569=FACE_BOUND('',#2401,.T.);
#2570=FACE_BOUND('',#2402,.T.);
#2571=FACE_BOUND('',#2403,.T.);
#2572=FACE_BOUND('',#2404,.T.);
#2573=FACE_BOUND('',#2405,.T.);
#2574=FACE_BOUND('',#2406,.T.);
#2575=FACE_BOUND('',#2407,.T.);
#2576=FACE_BOUND('',#2408,.T.);
#2577=FACE_BOUND('',#2409,.T.);
#2578=FACE_BOUND('',#2410,.T.);
#2579=FACE_BOUND('',#2411,.T.);
#2580=FACE_BOUND('',#2412,.T.);
#2581=FACE_BOUND('',#2413,.T.);
#2582=FACE_BOUND('',#2414,.T.);
#2583=FACE_BOUND('',#2415,.T.);
#2584=FACE_BOUND('',#2416,.T.);
#2585=FACE_BOUND('',#2417,.T.);
#2586=FACE_BOUND('',#2418,.T.);
#2587=FACE_BOUND('',#2419,.T.);
#2588=FACE_BOUND('',#2420,.T.);
#2589=FACE_BOUND('',#2421,.T.);
#2590=FACE_BOUND('',#2422,.T.);
#2591=FACE_BOUND('',#2423,.T.);
#2592=FACE_BOUND('',#2424,.T.);
#2593=FACE_BOUND('',#2425,.T.);
#2594=FACE_BOUND('',#2426,.T.);
#2595=FACE_BOUND('',#2427,.T.);
#2596=FACE_BOUND('',#2428,.T.);
#2597=FACE_BOUND('',#2429,.T.);
#2598=FACE_BOUND('',#2430,.T.);
#2599=FACE_BOUND('',#2431,.T.);
#2600=FACE_BOUND('',#2432,.T.);
#2601=FACE_BOUND('',#2433,.T.);
#2602=FACE_BOUND('',#2434,.T.);
#2603=FACE_BOUND('',#2435,.T.);
#2604=FACE_BOUND('',#2436,.T.);
#2605=FACE_BOUND('',#2437,.T.);
#2606=FACE_BOUND('',#2438,.T.);
#2607=FACE_BOUND('',#2439,.T.);
#2608=FACE_BOUND('',#2440,.T.);
#2609=FACE_BOUND('',#2441,.T.);
#2610=FACE_BOUND('',#2442,.T.);
#2611=FACE_BOUND('',#2443,.T.);
#2612=FACE_BOUND('',#2444,.T.);
#2613=FACE_BOUND('',#2445,.T.);
#2614=FACE_BOUND('',#2446,.T.);
#2615=FACE_BOUND('',#2447,.T.);
#2616=FACE_BOUND('',#2448,.T.);
#2617=FACE_BOUND('',#2449,.T.);
#2618=FACE_BOUND('',#2450,.T.);
#2619=FACE_BOUND('',#2451,.T.);
#2620=FACE_BOUND('',#2452,.T.);
#2621=FACE_BOUND('',#2453,.T.);
#2622=FACE_BOUND('',#2454,.T.);
#2623=FACE_BOUND('',#2455,.T.);
#2624=FACE_BOUND('',#2456,.T.);
#2625=FACE_BOUND('',#2457,.T.);
#2626=FACE_BOUND('',#2458,.T.);
#2627=FACE_BOUND('',#2459,.T.);
#2628=FACE_BOUND('',#2460,.T.);
#2629=FACE_BOUND('',#2461,.T.);
#2630=FACE_BOUND('',#2462,.T.);
#2631=FACE_BOUND('',#2463,.T.);
#2632=FACE_BOUND('',#2464,.T.);
#2633=FACE_BOUND('',#2465,.T.);
#2634=FACE_BOUND('',#2466,.T.);
#2635=FACE_BOUND('',#2467,.T.);
#2636=FACE_BOUND('',#2468,.T.);
#2637=FACE_BOUND('',#2469,.T.);
#2638=FACE_BOUND('',#2470,.T.);
#2639=FACE_BOUND('',#2471,.T.);
#2640=FACE_BOUND('',#2472,.T.);
#2641=FACE_BOUND('',#2473,.T.);
#2642=FACE_BOUND('',#2474,.T.);
#2643=FACE_BOUND('',#2475,.T.);
#2644=FACE_BOUND('',#2476,.T.);
#2645=FACE_BOUND('',#2477,.T.);
#2646=FACE_BOUND('',#2478,.T.);
#2647=FACE_BOUND('',#2479,.T.);
#2648=FACE_BOUND('',#2480,.T.);
#2649=FACE_BOUND('',#2481,.T.);
#2650=FACE_BOUND('',#2482,.T.);
#2651=FACE_BOUND('',#2483,.T.);
#2652=FACE_BOUND('',#2484,.T.);
#2653=FACE_BOUND('',#2485,.T.);
#2654=FACE_BOUND('',#2486,.T.);
#2655=FACE_BOUND('',#2487,.T.);
#2656=FACE_BOUND('',#2488,.T.);
#2657=FACE_BOUND('',#2489,.T.);
#2658=FACE_BOUND('',#2490,.T.);
#2659=FACE_BOUND('',#2491,.T.);
#2660=FACE_BOUND('',#2492,.T.);
#2661=FACE_BOUND('',#2493,.T.);
#2662=FACE_BOUND('',#2494,.T.);
#2663=FACE_BOUND('',#2495,.T.);
#2664=FACE_BOUND('',#2496,.T.);
#2665=FACE_BOUND('',#2497,.T.);
#2666=FACE_BOUND('',#2498,.T.);
#2667=FACE_BOUND('',#2499,.T.);
#2668=FACE_BOUND('',#2500,.T.);
#2669=FACE_BOUND('',#2501,.T.);
#2670=FACE_BOUND('',#2502,.T.);
#2671=FACE_BOUND('',#2503,.T.);
#2672=FACE_BOUND('',#2504,.T.);
#2673=FACE_BOUND('',#2505,.T.);
#2674=FACE_BOUND('',#2506,.T.);
#2675=FACE_BOUND('',#2507,.T.);
#2676=FACE_BOUND('',#2508,.T.);
#2677=FACE_BOUND('',#2509,.T.);
#2678=FACE_BOUND('',#2510,.T.);
#2679=FACE_BOUND('',#2511,.T.);
#2680=FACE_BOUND('',#2512,.T.);
#2681=FACE_BOUND('',#2513,.T.);
#2682=FACE_BOUND('',#2514,.T.);
#2683=FACE_BOUND('',#2515,.T.);
#2684=FACE_BOUND('',#2516,.T.);
#2685=FACE_BOUND('',#2517,.T.);
#2686=FACE_BOUND('',#2518,.T.);
#2687=FACE_BOUND('',#2519,.T.);
#2688=FACE_BOUND('',#2520,.T.);
#2689=FACE_BOUND('',#2521,.T.);
#2690=FACE_BOUND('',#2522,.T.);
#2691=FACE_BOUND('',#2523,.T.);
#2692=FACE_BOUND('',#2524,.T.);
#2693=FACE_BOUND('',#2525,.T.);
#2694=CYLINDRICAL_SURFACE('',#2969,0.000875);
#2695=CYLINDRICAL_SURFACE('',#2972,0.0108);
#2696=CYLINDRICAL_SURFACE('',#2975,0.0108);
#2697=CYLINDRICAL_SURFACE('',#2978,0.0108);
#2698=CYLINDRICAL_SURFACE('',#2981,0.0108);
#2699=CYLINDRICAL_SURFACE('',#2984,0.0108);
#2700=CYLINDRICAL_SURFACE('',#2987,0.0108);
#2701=CYLINDRICAL_SURFACE('',#2990,0.0108);
#2702=CYLINDRICAL_SURFACE('',#2993,0.0108);
#2703=CYLINDRICAL_SURFACE('',#2996,0.0108);
#2704=CYLINDRICAL_SURFACE('',#2999,0.0108);
#2705=CYLINDRICAL_SURFACE('',#3002,0.0108);
#2706=CYLINDRICAL_SURFACE('',#3005,0.0108);
#2707=CYLINDRICAL_SURFACE('',#3008,0.0108);
#2708=CYLINDRICAL_SURFACE('',#3011,0.0108);
#2709=CYLINDRICAL_SURFACE('',#3014,0.0108);
#2710=CYLINDRICAL_SURFACE('',#3017,0.0108);
#2711=CYLINDRICAL_SURFACE('',#3020,0.0108);
#2712=CYLINDRICAL_SURFACE('',#3023,0.0108);
#2713=CYLINDRICAL_SURFACE('',#3026,0.0108);
#2714=CYLINDRICAL_SURFACE('',#3029,0.0108);
#2715=CYLINDRICAL_SURFACE('',#3032,0.0108);
#2716=CYLINDRICAL_SURFACE('',#3035,0.0108);
#2717=CYLINDRICAL_SURFACE('',#3038,0.0108);
#2718=CYLINDRICAL_SURFACE('',#3041,0.0108);
#2719=CYLINDRICAL_SURFACE('',#3122,0.0108);
#2720=CYLINDRICAL_SURFACE('',#3201,0.009);
#2721=CYLINDRICAL_SURFACE('',#3202,0.000303078238832003);
#2722=CYLINDRICAL_SURFACE('',#3203,0.000303078238832003);
#2723=CYLINDRICAL_SURFACE('',#3204,0.009);
#2724=CYLINDRICAL_SURFACE('',#3205,0.000303078238832003);
#2725=CYLINDRICAL_SURFACE('',#3206,0.000303078238832003);
#2726=CYLINDRICAL_SURFACE('',#3207,0.009);
#2727=CYLINDRICAL_SURFACE('',#3208,0.000303078238832003);
#2728=CYLINDRICAL_SURFACE('',#3209,0.000303078238832003);
#2729=CYLINDRICAL_SURFACE('',#3210,0.009);
#2730=CYLINDRICAL_SURFACE('',#3211,0.000303078238832003);
#2731=CYLINDRICAL_SURFACE('',#3212,0.000303078238832003);
#2732=CYLINDRICAL_SURFACE('',#3213,0.009);
#2733=CYLINDRICAL_SURFACE('',#3214,0.000303078238832003);
#2734=CYLINDRICAL_SURFACE('',#3215,0.000303078238832003);
#2735=CYLINDRICAL_SURFACE('',#3216,0.009);
#2736=CYLINDRICAL_SURFACE('',#3217,0.000303078238832003);
#2737=CYLINDRICAL_SURFACE('',#3218,0.000303078238832003);
#2738=CYLINDRICAL_SURFACE('',#3219,0.009);
#2739=CYLINDRICAL_SURFACE('',#3220,0.000303078238832003);
#2740=CYLINDRICAL_SURFACE('',#3221,0.000303078238832003);
#2741=CYLINDRICAL_SURFACE('',#3222,0.009);
#2742=CYLINDRICAL_SURFACE('',#3223,0.000303078238832003);
#2743=CYLINDRICAL_SURFACE('',#3224,0.000303078238832003);
#2744=CYLINDRICAL_SURFACE('',#3225,0.009);
#2745=CYLINDRICAL_SURFACE('',#3226,0.000303078238832003);
#2746=CYLINDRICAL_SURFACE('',#3227,0.000303078238832003);
#2747=CYLINDRICAL_SURFACE('',#3228,0.009);
#2748=CYLINDRICAL_SURFACE('',#3229,0.000303078238832003);
#2749=CYLINDRICAL_SURFACE('',#3230,0.000303078238832003);
#2750=CYLINDRICAL_SURFACE('',#3231,0.009);
#2751=CYLINDRICAL_SURFACE('',#3232,0.000303078238832003);
#2752=CYLINDRICAL_SURFACE('',#3233,0.000303078238832003);
#2753=CYLINDRICAL_SURFACE('',#3234,0.009);
#2754=CYLINDRICAL_SURFACE('',#3235,0.000303078238832003);
#2755=CYLINDRICAL_SURFACE('',#3236,0.000303078238832003);
#2756=CYLINDRICAL_SURFACE('',#3237,0.009);
#2757=CYLINDRICAL_SURFACE('',#3238,0.000303078238832003);
#2758=CYLINDRICAL_SURFACE('',#3239,0.000303078238832003);
#2759=CYLINDRICAL_SURFACE('',#3240,0.009);
#2760=CYLINDRICAL_SURFACE('',#3241,0.000303078238832003);
#2761=CYLINDRICAL_SURFACE('',#3242,0.000303078238832003);
#2762=CYLINDRICAL_SURFACE('',#3243,0.009);
#2763=CYLINDRICAL_SURFACE('',#3244,0.000303078238832003);
#2764=CYLINDRICAL_SURFACE('',#3245,0.000303078238832003);
#2765=CYLINDRICAL_SURFACE('',#3246,0.009);
#2766=CYLINDRICAL_SURFACE('',#3247,0.000303078238832003);
#2767=CYLINDRICAL_SURFACE('',#3248,0.000303078238832003);
#2768=CYLINDRICAL_SURFACE('',#3249,0.009);
#2769=CYLINDRICAL_SURFACE('',#3250,0.000303078238832003);
#2770=CYLINDRICAL_SURFACE('',#3251,0.000303078238832003);
#2771=CYLINDRICAL_SURFACE('',#3252,0.009);
#2772=CYLINDRICAL_SURFACE('',#3253,0.000303078238832003);
#2773=CYLINDRICAL_SURFACE('',#3254,0.000303078238832003);
#2774=CYLINDRICAL_SURFACE('',#3255,0.009);
#2775=CYLINDRICAL_SURFACE('',#3256,0.000303078238832003);
#2776=CYLINDRICAL_SURFACE('',#3257,0.000303078238832003);
#2777=CYLINDRICAL_SURFACE('',#3258,0.009);
#2778=CYLINDRICAL_SURFACE('',#3259,0.000303078238832003);
#2779=CYLINDRICAL_SURFACE('',#3260,0.000303078238832003);
#2780=CYLINDRICAL_SURFACE('',#3261,0.009);
#2781=CYLINDRICAL_SURFACE('',#3262,0.000303078238832003);
#2782=CYLINDRICAL_SURFACE('',#3263,0.000303078238832003);
#2783=CYLINDRICAL_SURFACE('',#3264,0.009);
#2784=CYLINDRICAL_SURFACE('',#3265,0.000303078238832003);
#2785=CYLINDRICAL_SURFACE('',#3266,0.000303078238832003);
#2786=CYLINDRICAL_SURFACE('',#3267,0.009);
#2787=CYLINDRICAL_SURFACE('',#3268,0.000303078238832003);
#2788=CYLINDRICAL_SURFACE('',#3269,0.000303078238832003);
#2789=CYLINDRICAL_SURFACE('',#3270,0.009);
#2790=CYLINDRICAL_SURFACE('',#3271,0.000303078238832003);
#2791=CYLINDRICAL_SURFACE('',#3272,0.000303078238832003);
#2792=CYLINDRICAL_SURFACE('',#3273,0.009);
#2793=CYLINDRICAL_SURFACE('',#3274,0.000303078238832003);
#2794=CYLINDRICAL_SURFACE('',#3275,0.000303078238832003);
#2795=CYLINDRICAL_SURFACE('',#3276,0.00245);
#2796=CYLINDRICAL_SURFACE('',#3285,0.003);
#2797=ADVANCED_FACE('',(#2526,#2527),#2694,.F.);
#2798=ADVANCED_FACE('',(#2528),#2695,.T.);
#2799=ADVANCED_FACE('',(#2529),#2696,.T.);
#2800=ADVANCED_FACE('',(#2530),#2697,.T.);
#2801=ADVANCED_FACE('',(#2531),#2698,.T.);
#2802=ADVANCED_FACE('',(#2532),#2699,.T.);
#2803=ADVANCED_FACE('',(#2533),#2700,.T.);
#2804=ADVANCED_FACE('',(#2534),#2701,.T.);
#2805=ADVANCED_FACE('',(#2535),#2702,.T.);
#2806=ADVANCED_FACE('',(#2536),#2703,.T.);
#2807=ADVANCED_FACE('',(#2537),#2704,.T.);
#2808=ADVANCED_FACE('',(#2538),#2705,.T.);
#2809=ADVANCED_FACE('',(#2539),#2706,.T.);
#2810=ADVANCED_FACE('',(#2540),#2707,.T.);
#2811=ADVANCED_FACE('',(#2541),#2708,.T.);
#2812=ADVANCED_FACE('',(#2542),#2709,.T.);
#2813=ADVANCED_FACE('',(#2543),#2710,.T.);
#2814=ADVANCED_FACE('',(#2544),#2711,.T.);
#2815=ADVANCED_FACE('',(#2545),#2712,.T.);
#2816=ADVANCED_FACE('',(#2546),#2713,.T.);
#2817=ADVANCED_FACE('',(#2547),#2714,.T.);
#2818=ADVANCED_FACE('',(#2548),#2715,.T.);
#2819=ADVANCED_FACE('',(#2549),#2716,.T.);
#2820=ADVANCED_FACE('',(#2550),#2717,.T.);
#2821=ADVANCED_FACE('',(#2551),#2718,.T.);
#2822=ADVANCED_FACE('',(#2552,#2553),#163,.T.);
#2823=ADVANCED_FACE('',(#2554),#2719,.T.);
#2824=ADVANCED_FACE('',(#2555,#2556),#164,.F.);
#2825=ADVANCED_FACE('',(#2557),#13,.T.);
#2826=ADVANCED_FACE('',(#2558),#14,.F.);
#2827=ADVANCED_FACE('',(#2559),#2720,.T.);
#2828=ADVANCED_FACE('',(#2560),#2721,.F.);
#2829=ADVANCED_FACE('',(#2561),#2722,.F.);
#2830=ADVANCED_FACE('',(#2562),#15,.T.);
#2831=ADVANCED_FACE('',(#2563),#16,.F.);
#2832=ADVANCED_FACE('',(#2564),#2723,.T.);
#2833=ADVANCED_FACE('',(#2565),#2724,.F.);
#2834=ADVANCED_FACE('',(#2566),#2725,.F.);
#2835=ADVANCED_FACE('',(#2567),#17,.T.);
#2836=ADVANCED_FACE('',(#2568),#18,.F.);
#2837=ADVANCED_FACE('',(#2569),#2726,.T.);
#2838=ADVANCED_FACE('',(#2570),#2727,.F.);
#2839=ADVANCED_FACE('',(#2571),#2728,.F.);
#2840=ADVANCED_FACE('',(#2572),#19,.T.);
#2841=ADVANCED_FACE('',(#2573),#20,.F.);
#2842=ADVANCED_FACE('',(#2574),#2729,.T.);
#2843=ADVANCED_FACE('',(#2575),#2730,.F.);
#2844=ADVANCED_FACE('',(#2576),#2731,.F.);
#2845=ADVANCED_FACE('',(#2577),#21,.T.);
#2846=ADVANCED_FACE('',(#2578),#22,.F.);
#2847=ADVANCED_FACE('',(#2579),#2732,.T.);
#2848=ADVANCED_FACE('',(#2580),#2733,.F.);
#2849=ADVANCED_FACE('',(#2581),#2734,.F.);
#2850=ADVANCED_FACE('',(#2582),#23,.T.);
#2851=ADVANCED_FACE('',(#2583),#24,.F.);
#2852=ADVANCED_FACE('',(#2584),#2735,.T.);
#2853=ADVANCED_FACE('',(#2585),#2736,.F.);
#2854=ADVANCED_FACE('',(#2586),#2737,.F.);
#2855=ADVANCED_FACE('',(#2587),#25,.T.);
#2856=ADVANCED_FACE('',(#2588),#26,.F.);
#2857=ADVANCED_FACE('',(#2589),#2738,.T.);
#2858=ADVANCED_FACE('',(#2590),#2739,.F.);
#2859=ADVANCED_FACE('',(#2591),#2740,.F.);
#2860=ADVANCED_FACE('',(#2592),#27,.T.);
#2861=ADVANCED_FACE('',(#2593),#28,.F.);
#2862=ADVANCED_FACE('',(#2594),#2741,.T.);
#2863=ADVANCED_FACE('',(#2595),#2742,.F.);
#2864=ADVANCED_FACE('',(#2596),#2743,.F.);
#2865=ADVANCED_FACE('',(#2597),#29,.T.);
#2866=ADVANCED_FACE('',(#2598),#30,.F.);
#2867=ADVANCED_FACE('',(#2599),#2744,.T.);
#2868=ADVANCED_FACE('',(#2600),#2745,.F.);
#2869=ADVANCED_FACE('',(#2601),#2746,.F.);
#2870=ADVANCED_FACE('',(#2602),#31,.T.);
#2871=ADVANCED_FACE('',(#2603),#32,.F.);
#2872=ADVANCED_FACE('',(#2604),#2747,.T.);
#2873=ADVANCED_FACE('',(#2605),#2748,.F.);
#2874=ADVANCED_FACE('',(#2606),#2749,.F.);
#2875=ADVANCED_FACE('',(#2607),#33,.T.);
#2876=ADVANCED_FACE('',(#2608),#34,.F.);
#2877=ADVANCED_FACE('',(#2609),#2750,.T.);
#2878=ADVANCED_FACE('',(#2610),#2751,.F.);
#2879=ADVANCED_FACE('',(#2611),#2752,.F.);
#2880=ADVANCED_FACE('',(#2612),#35,.T.);
#2881=ADVANCED_FACE('',(#2613),#36,.F.);
#2882=ADVANCED_FACE('',(#2614),#2753,.T.);
#2883=ADVANCED_FACE('',(#2615),#2754,.F.);
#2884=ADVANCED_FACE('',(#2616),#2755,.F.);
#2885=ADVANCED_FACE('',(#2617),#37,.T.);
#2886=ADVANCED_FACE('',(#2618),#38,.F.);
#2887=ADVANCED_FACE('',(#2619),#2756,.T.);
#2888=ADVANCED_FACE('',(#2620),#2757,.F.);
#2889=ADVANCED_FACE('',(#2621),#2758,.F.);
#2890=ADVANCED_FACE('',(#2622),#39,.T.);
#2891=ADVANCED_FACE('',(#2623),#40,.F.);
#2892=ADVANCED_FACE('',(#2624),#2759,.T.);
#2893=ADVANCED_FACE('',(#2625),#2760,.F.);
#2894=ADVANCED_FACE('',(#2626),#2761,.F.);
#2895=ADVANCED_FACE('',(#2627),#41,.T.);
#2896=ADVANCED_FACE('',(#2628),#42,.F.);
#2897=ADVANCED_FACE('',(#2629),#2762,.T.);
#2898=ADVANCED_FACE('',(#2630),#2763,.F.);
#2899=ADVANCED_FACE('',(#2631),#2764,.F.);
#2900=ADVANCED_FACE('',(#2632),#43,.T.);
#2901=ADVANCED_FACE('',(#2633),#44,.F.);
#2902=ADVANCED_FACE('',(#2634),#2765,.T.);
#2903=ADVANCED_FACE('',(#2635),#2766,.F.);
#2904=ADVANCED_FACE('',(#2636),#2767,.F.);
#2905=ADVANCED_FACE('',(#2637),#45,.T.);
#2906=ADVANCED_FACE('',(#2638),#46,.F.);
#2907=ADVANCED_FACE('',(#2639),#2768,.T.);
#2908=ADVANCED_FACE('',(#2640),#2769,.F.);
#2909=ADVANCED_FACE('',(#2641),#2770,.F.);
#2910=ADVANCED_FACE('',(#2642),#47,.T.);
#2911=ADVANCED_FACE('',(#2643),#48,.F.);
#2912=ADVANCED_FACE('',(#2644),#2771,.T.);
#2913=ADVANCED_FACE('',(#2645),#2772,.F.);
#2914=ADVANCED_FACE('',(#2646),#2773,.F.);
#2915=ADVANCED_FACE('',(#2647),#49,.T.);
#2916=ADVANCED_FACE('',(#2648),#50,.F.);
#2917=ADVANCED_FACE('',(#2649),#2774,.T.);
#2918=ADVANCED_FACE('',(#2650),#2775,.F.);
#2919=ADVANCED_FACE('',(#2651),#2776,.F.);
#2920=ADVANCED_FACE('',(#2652),#51,.T.);
#2921=ADVANCED_FACE('',(#2653),#52,.F.);
#2922=ADVANCED_FACE('',(#2654),#2777,.T.);
#2923=ADVANCED_FACE('',(#2655),#2778,.F.);
#2924=ADVANCED_FACE('',(#2656),#2779,.F.);
#2925=ADVANCED_FACE('',(#2657),#53,.T.);
#2926=ADVANCED_FACE('',(#2658),#54,.F.);
#2927=ADVANCED_FACE('',(#2659),#2780,.T.);
#2928=ADVANCED_FACE('',(#2660),#2781,.F.);
#2929=ADVANCED_FACE('',(#2661),#2782,.F.);
#2930=ADVANCED_FACE('',(#2662),#55,.T.);
#2931=ADVANCED_FACE('',(#2663),#56,.F.);
#2932=ADVANCED_FACE('',(#2664),#2783,.T.);
#2933=ADVANCED_FACE('',(#2665),#2784,.F.);
#2934=ADVANCED_FACE('',(#2666),#2785,.F.);
#2935=ADVANCED_FACE('',(#2667),#57,.T.);
#2936=ADVANCED_FACE('',(#2668),#58,.F.);
#2937=ADVANCED_FACE('',(#2669),#2786,.T.);
#2938=ADVANCED_FACE('',(#2670),#2787,.F.);
#2939=ADVANCED_FACE('',(#2671),#2788,.F.);
#2940=ADVANCED_FACE('',(#2672),#59,.T.);
#2941=ADVANCED_FACE('',(#2673),#60,.F.);
#2942=ADVANCED_FACE('',(#2674),#2789,.T.);
#2943=ADVANCED_FACE('',(#2675),#2790,.F.);
#2944=ADVANCED_FACE('',(#2676),#2791,.F.);
#2945=ADVANCED_FACE('',(#2677),#61,.T.);
#2946=ADVANCED_FACE('',(#2678),#62,.F.);
#2947=ADVANCED_FACE('',(#2679),#2792,.T.);
#2948=ADVANCED_FACE('',(#2680),#2793,.F.);
#2949=ADVANCED_FACE('',(#2681),#2794,.F.);
#2950=ADVANCED_FACE('',(#2682,#2683),#2795,.F.);
#2951=ADVANCED_FACE('',(#2684,#2685),#165,.T.);
#2952=ADVANCED_FACE('',(#2686,#2687),#166,.F.);
#2953=ADVANCED_FACE('',(#2688,#2689),#12,.T.);
#2954=ADVANCED_FACE('',(#2690,#2691),#167,.T.);
#2955=ADVANCED_FACE('',(#2692,#2693),#2796,.F.);
#2956=CLOSED_SHELL('',(#2797,#2798,#2799,#2800,#2801,#2802,#2803,#2804,
#2805,#2806,#2807,#2808,#2809,#2810,#2811,#2812,#2813,#2814,#2815,#2816,
#2817,#2818,#2819,#2820,#2821,#2822,#2823,#2824,#2825,#2826,#2827,#2828,
#2829,#2830,#2831,#2832,#2833,#2834,#2835,#2836,#2837,#2838,#2839,#2840,
#2841,#2842,#2843,#2844,#2845,#2846,#2847,#2848,#2849,#2850,#2851,#2852,
#2853,#2854,#2855,#2856,#2857,#2858,#2859,#2860,#2861,#2862,#2863,#2864,
#2865,#2866,#2867,#2868,#2869,#2870,#2871,#2872,#2873,#2874,#2875,#2876,
#2877,#2878,#2879,#2880,#2881,#2882,#2883,#2884,#2885,#2886,#2887,#2888,
#2889,#2890,#2891,#2892,#2893,#2894,#2895,#2896,#2897,#2898,#2899,#2900,
#2901,#2902,#2903,#2904,#2905,#2906,#2907,#2908,#2909,#2910,#2911,#2912,
#2913,#2914,#2915,#2916,#2917,#2918,#2919,#2920,#2921,#2922,#2923,#2924,
#2925,#2926,#2927,#2928,#2929,#2930,#2931,#2932,#2933,#2934,#2935,#2936,
#2937,#2938,#2939,#2940,#2941,#2942,#2943,#2944,#2945,#2946,#2947,#2948,
#2949,#2950,#2951,#2952,#2953,#2954,#2955));
#2957=STYLED_ITEM('',(#2958),#2965);
#2958=PRESENTATION_STYLE_ASSIGNMENT((#2959));
#2959=SURFACE_STYLE_USAGE(.BOTH.,#2960);
#2960=SURFACE_SIDE_STYLE('',(#2961));
#2961=SURFACE_STYLE_FILL_AREA(#2962);
#2962=FILL_AREA_STYLE('',(#2963));
#2963=FILL_AREA_STYLE_COLOUR('',#2964);
#2964=COLOUR_RGB('',0.8,0.776470588235294,0.713725490196078);
#2965=MANIFOLD_SOLID_BREP('Spur gear (25 teeth)',#2956);
#2966=SHAPE_DEFINITION_REPRESENTATION(#9054,#2967);
#2967=SHAPE_REPRESENTATION('Spur gear (25 teeth)',(#2968),#9049);
#2968=AXIS2_PLACEMENT_3D('',#4072,#3286,#3287);
#2969=AXIS2_PLACEMENT_3D('',#4073,#3288,#3289);
#2970=AXIS2_PLACEMENT_3D('',#4074,#3290,#3291);
#2971=AXIS2_PLACEMENT_3D('',#4076,#3292,#3293);
#2972=AXIS2_PLACEMENT_3D('',#4078,#3294,#3295);
#2973=AXIS2_PLACEMENT_3D('',#4082,#3297,#3298);
#2974=AXIS2_PLACEMENT_3D('',#4086,#3300,#3301);
#2975=AXIS2_PLACEMENT_3D('',#4087,#3302,#3303);
#2976=AXIS2_PLACEMENT_3D('',#4088,#3304,#3305);
#2977=AXIS2_PLACEMENT_3D('',#4093,#3307,#3308);
#2978=AXIS2_PLACEMENT_3D('',#4096,#3310,#3311);
#2979=AXIS2_PLACEMENT_3D('',#4100,#3313,#3314);
#2980=AXIS2_PLACEMENT_3D('',#4104,#3316,#3317);
#2981=AXIS2_PLACEMENT_3D('',#4105,#3318,#3319);
#2982=AXIS2_PLACEMENT_3D('',#4109,#3321,#3322);
#2983=AXIS2_PLACEMENT_3D('',#4113,#3324,#3325);
#2984=AXIS2_PLACEMENT_3D('',#4114,#3326,#3327);
#2985=AXIS2_PLACEMENT_3D('',#4118,#3329,#3330);
#2986=AXIS2_PLACEMENT_3D('',#4122,#3332,#3333);
#2987=AXIS2_PLACEMENT_3D('',#4123,#3334,#3335);
#2988=AXIS2_PLACEMENT_3D('',#4127,#3337,#3338);
#2989=AXIS2_PLACEMENT_3D('',#4131,#3340,#3341);
#2990=AXIS2_PLACEMENT_3D('',#4132,#3342,#3343);
#2991=AXIS2_PLACEMENT_3D('',#4136,#3345,#3346);
#2992=AXIS2_PLACEMENT_3D('',#4140,#3348,#3349);
#2993=AXIS2_PLACEMENT_3D('',#4141,#3350,#3351);
#2994=AXIS2_PLACEMENT_3D('',#4142,#3352,#3353);
#2995=AXIS2_PLACEMENT_3D('',#4147,#3355,#3356);
#2996=AXIS2_PLACEMENT_3D('',#4150,#3358,#3359);
#2997=AXIS2_PLACEMENT_3D('',#4154,#3361,#3362);
#2998=AXIS2_PLACEMENT_3D('',#4158,#3364,#3365);
#2999=AXIS2_PLACEMENT_3D('',#4159,#3366,#3367);
#3000=AXIS2_PLACEMENT_3D('',#4163,#3369,#3370);
#3001=AXIS2_PLACEMENT_3D('',#4167,#3372,#3373);
#3002=AXIS2_PLACEMENT_3D('',#4168,#3374,#3375);
#3003=AXIS2_PLACEMENT_3D('',#4172,#3377,#3378);
#3004=AXIS2_PLACEMENT_3D('',#4176,#3380,#3381);
#3005=AXIS2_PLACEMENT_3D('',#4177,#3382,#3383);
#3006=AXIS2_PLACEMENT_3D('',#4181,#3385,#3386);
#3007=AXIS2_PLACEMENT_3D('',#4185,#3388,#3389);
#3008=AXIS2_PLACEMENT_3D('',#4186,#3390,#3391);
#3009=AXIS2_PLACEMENT_3D('',#4190,#3393,#3394);
#3010=AXIS2_PLACEMENT_3D('',#4194,#3396,#3397);
#3011=AXIS2_PLACEMENT_3D('',#4195,#3398,#3399);
#3012=AXIS2_PLACEMENT_3D('',#4196,#3400,#3401);
#3013=AXIS2_PLACEMENT_3D('',#4201,#3403,#3404);
#3014=AXIS2_PLACEMENT_3D('',#4204,#3406,#3407);
#3015=AXIS2_PLACEMENT_3D('',#4208,#3409,#3410);
#3016=AXIS2_PLACEMENT_3D('',#4212,#3412,#3413);
#3017=AXIS2_PLACEMENT_3D('',#4213,#3414,#3415);
#3018=AXIS2_PLACEMENT_3D('',#4214,#3416,#3417);
#3019=AXIS2_PLACEMENT_3D('',#4219,#3419,#3420);
#3020=AXIS2_PLACEMENT_3D('',#4222,#3422,#3423);
#3021=AXIS2_PLACEMENT_3D('',#4223,#3424,#3425);
#3022=AXIS2_PLACEMENT_3D('',#4228,#3427,#3428);
#3023=AXIS2_PLACEMENT_3D('',#4231,#3430,#3431);
#3024=AXIS2_PLACEMENT_3D('',#4232,#3432,#3433);
#3025=AXIS2_PLACEMENT_3D('',#4237,#3435,#3436);
#3026=AXIS2_PLACEMENT_3D('',#4240,#3438,#3439);
#3027=AXIS2_PLACEMENT_3D('',#4241,#3440,#3441);
#3028=AXIS2_PLACEMENT_3D('',#4246,#3443,#3444);
#3029=AXIS2_PLACEMENT_3D('',#4249,#3446,#3447);
#3030=AXIS2_PLACEMENT_3D('',#4250,#3448,#3449);
#3031=AXIS2_PLACEMENT_3D('',#4255,#3451,#3452);
#3032=AXIS2_PLACEMENT_3D('',#4258,#3454,#3455);
#3033=AXIS2_PLACEMENT_3D('',#4262,#3457,#3458);
#3034=AXIS2_PLACEMENT_3D('',#4266,#3460,#3461);
#3035=AXIS2_PLACEMENT_3D('',#4267,#3462,#3463);
#3036=AXIS2_PLACEMENT_3D('',#4271,#3465,#3466);
#3037=AXIS2_PLACEMENT_3D('',#4275,#3468,#3469);
#3038=AXIS2_PLACEMENT_3D('',#4276,#3470,#3471);
#3039=AXIS2_PLACEMENT_3D('',#4277,#3472,#3473);
#3040=AXIS2_PLACEMENT_3D('',#4282,#3475,#3476);
#3041=AXIS2_PLACEMENT_3D('',#4285,#3478,#3479);
#3042=AXIS2_PLACEMENT_3D('',#4286,#3480,#3481);
#3043=AXIS2_PLACEMENT_3D('',#4291,#3483,#3484);
#3044=AXIS2_PLACEMENT_3D('',#4294,#3486,#3487);
#3045=AXIS2_PLACEMENT_3D('',#4295,#3488,#3489);
#3046=AXIS2_PLACEMENT_3D('',#4297,#3490,#3491);
#3047=AXIS2_PLACEMENT_3D('',#4365,#3492,#3493);
#3048=AXIS2_PLACEMENT_3D('',#4367,#3494,#3495);
#3049=AXIS2_PLACEMENT_3D('',#4369,#3496,#3497);
#3050=AXIS2_PLACEMENT_3D('',#4436,#3498,#3499);
#3051=AXIS2_PLACEMENT_3D('',#4438,#3500,#3501);
#3052=AXIS2_PLACEMENT_3D('',#4440,#3502,#3503);
#3053=AXIS2_PLACEMENT_3D('',#4507,#3504,#3505);
#3054=AXIS2_PLACEMENT_3D('',#4509,#3506,#3507);
#3055=AXIS2_PLACEMENT_3D('',#4511,#3508,#3509);
#3056=AXIS2_PLACEMENT_3D('',#4578,#3510,#3511);
#3057=AXIS2_PLACEMENT_3D('',#4580,#3512,#3513);
#3058=AXIS2_PLACEMENT_3D('',#4582,#3514,#3515);
#3059=AXIS2_PLACEMENT_3D('',#4649,#3516,#3517);
#3060=AXIS2_PLACEMENT_3D('',#4651,#3518,#3519);
#3061=AXIS2_PLACEMENT_3D('',#4653,#3520,#3521);
#3062=AXIS2_PLACEMENT_3D('',#4720,#3522,#3523);
#3063=AXIS2_PLACEMENT_3D('',#4722,#3524,#3525);
#3064=AXIS2_PLACEMENT_3D('',#4724,#3526,#3527);
#3065=AXIS2_PLACEMENT_3D('',#4791,#3528,#3529);
#3066=AXIS2_PLACEMENT_3D('',#4793,#3530,#3531);
#3067=AXIS2_PLACEMENT_3D('',#4795,#3532,#3533);
#3068=AXIS2_PLACEMENT_3D('',#4862,#3534,#3535);
#3069=AXIS2_PLACEMENT_3D('',#4864,#3536,#3537);
#3070=AXIS2_PLACEMENT_3D('',#4866,#3538,#3539);
#3071=AXIS2_PLACEMENT_3D('',#4933,#3540,#3541);
#3072=AXIS2_PLACEMENT_3D('',#4935,#3542,#3543);
#3073=AXIS2_PLACEMENT_3D('',#4937,#3544,#3545);
#3074=AXIS2_PLACEMENT_3D('',#4972,#3546,#3547);
#3075=AXIS2_PLACEMENT_3D('',#5007,#3548,#3549);
#3076=AXIS2_PLACEMENT_3D('',#5009,#3550,#3551);
#3077=AXIS2_PLACEMENT_3D('',#5011,#3552,#3553);
#3078=AXIS2_PLACEMENT_3D('',#5078,#3554,#3555);
#3079=AXIS2_PLACEMENT_3D('',#5080,#3556,#3557);
#3080=AXIS2_PLACEMENT_3D('',#5082,#3558,#3559);
#3081=AXIS2_PLACEMENT_3D('',#5149,#3560,#3561);
#3082=AXIS2_PLACEMENT_3D('',#5151,#3562,#3563);
#3083=AXIS2_PLACEMENT_3D('',#5153,#3564,#3565);
#3084=AXIS2_PLACEMENT_3D('',#5220,#3566,#3567);
#3085=AXIS2_PLACEMENT_3D('',#5222,#3568,#3569);
#3086=AXIS2_PLACEMENT_3D('',#5224,#3570,#3571);
#3087=AXIS2_PLACEMENT_3D('',#5291,#3572,#3573);
#3088=AXIS2_PLACEMENT_3D('',#5293,#3574,#3575);
#3089=AXIS2_PLACEMENT_3D('',#5295,#3576,#3577);
#3090=AXIS2_PLACEMENT_3D('',#5362,#3578,#3579);
#3091=AXIS2_PLACEMENT_3D('',#5364,#3580,#3581);
#3092=AXIS2_PLACEMENT_3D('',#5366,#3582,#3583);
#3093=AXIS2_PLACEMENT_3D('',#5433,#3584,#3585);
#3094=AXIS2_PLACEMENT_3D('',#5435,#3586,#3587);
#3095=AXIS2_PLACEMENT_3D('',#5437,#3588,#3589);
#3096=AXIS2_PLACEMENT_3D('',#5504,#3590,#3591);
#3097=AXIS2_PLACEMENT_3D('',#5506,#3592,#3593);
#3098=AXIS2_PLACEMENT_3D('',#5508,#3594,#3595);
#3099=AXIS2_PLACEMENT_3D('',#5575,#3596,#3597);
#3100=AXIS2_PLACEMENT_3D('',#5577,#3598,#3599);
#3101=AXIS2_PLACEMENT_3D('',#5579,#3600,#3601);
#3102=AXIS2_PLACEMENT_3D('',#5646,#3602,#3603);
#3103=AXIS2_PLACEMENT_3D('',#5648,#3604,#3605);
#3104=AXIS2_PLACEMENT_3D('',#5650,#3606,#3607);
#3105=AXIS2_PLACEMENT_3D('',#5717,#3608,#3609);
#3106=AXIS2_PLACEMENT_3D('',#5719,#3610,#3611);
#3107=AXIS2_PLACEMENT_3D('',#5721,#3612,#3613);
#3108=AXIS2_PLACEMENT_3D('',#5788,#3614,#3615);
#3109=AXIS2_PLACEMENT_3D('',#5790,#3616,#3617);
#3110=AXIS2_PLACEMENT_3D('',#5792,#3618,#3619);
#3111=AXIS2_PLACEMENT_3D('',#5859,#3620,#3621);
#3112=AXIS2_PLACEMENT_3D('',#5861,#3622,#3623);
#3113=AXIS2_PLACEMENT_3D('',#5863,#3624,#3625);
#3114=AXIS2_PLACEMENT_3D('',#5930,#3626,#3627);
#3115=AXIS2_PLACEMENT_3D('',#5932,#3628,#3629);
#3116=AXIS2_PLACEMENT_3D('',#5934,#3630,#3631);
#3117=AXIS2_PLACEMENT_3D('',#6001,#3632,#3633);
#3118=AXIS2_PLACEMENT_3D('',#6003,#3634,#3635);
#3119=AXIS2_PLACEMENT_3D('',#6005,#3636,#3637);
#3120=AXIS2_PLACEMENT_3D('',#6072,#3638,#3639);
#3121=AXIS2_PLACEMENT_3D('',#6074,#3640,#3641);
#3122=AXIS2_PLACEMENT_3D('',#6075,#3642,#3643);
#3123=AXIS2_PLACEMENT_3D('',#6078,#3645,#3646);
#3124=AXIS2_PLACEMENT_3D('',#6081,#3648,#3649);
#3125=AXIS2_PLACEMENT_3D('',#6082,#3650,#3651);
#3126=AXIS2_PLACEMENT_3D('',#6084,#3652,#3653);
#3127=AXIS2_PLACEMENT_3D('',#6152,#3654,#3655);
#3128=AXIS2_PLACEMENT_3D('',#6154,#3656,#3657);
#3129=AXIS2_PLACEMENT_3D('',#6156,#3658,#3659);
#3130=AXIS2_PLACEMENT_3D('',#6223,#3660,#3661);
#3131=AXIS2_PLACEMENT_3D('',#6225,#3662,#3663);
#3132=AXIS2_PLACEMENT_3D('',#6227,#3664,#3665);
#3133=AXIS2_PLACEMENT_3D('',#6294,#3666,#3667);
#3134=AXIS2_PLACEMENT_3D('',#6296,#3668,#3669);
#3135=AXIS2_PLACEMENT_3D('',#6298,#3670,#3671);
#3136=AXIS2_PLACEMENT_3D('',#6365,#3672,#3673);
#3137=AXIS2_PLACEMENT_3D('',#6367,#3674,#3675);
#3138=AXIS2_PLACEMENT_3D('',#6369,#3676,#3677);
#3139=AXIS2_PLACEMENT_3D('',#6436,#3678,#3679);
#3140=AXIS2_PLACEMENT_3D('',#6438,#3680,#3681);
#3141=AXIS2_PLACEMENT_3D('',#6440,#3682,#3683);
#3142=AXIS2_PLACEMENT_3D('',#6507,#3684,#3685);
#3143=AXIS2_PLACEMENT_3D('',#6509,#3686,#3687);
#3144=AXIS2_PLACEMENT_3D('',#6511,#3688,#3689);
#3145=AXIS2_PLACEMENT_3D('',#6578,#3690,#3691);
#3146=AXIS2_PLACEMENT_3D('',#6580,#3692,#3693);
#3147=AXIS2_PLACEMENT_3D('',#6582,#3694,#3695);
#3148=AXIS2_PLACEMENT_3D('',#6649,#3696,#3697);
#3149=AXIS2_PLACEMENT_3D('',#6651,#3698,#3699);
#3150=AXIS2_PLACEMENT_3D('',#6653,#3700,#3701);
#3151=AXIS2_PLACEMENT_3D('',#6720,#3702,#3703);
#3152=AXIS2_PLACEMENT_3D('',#6722,#3704,#3705);
#3153=AXIS2_PLACEMENT_3D('',#6724,#3706,#3707);
#3154=AXIS2_PLACEMENT_3D('',#6791,#3708,#3709);
#3155=AXIS2_PLACEMENT_3D('',#6793,#3710,#3711);
#3156=AXIS2_PLACEMENT_3D('',#6795,#3712,#3713);
#3157=AXIS2_PLACEMENT_3D('',#6862,#3714,#3715);
#3158=AXIS2_PLACEMENT_3D('',#6864,#3716,#3717);
#3159=AXIS2_PLACEMENT_3D('',#6866,#3718,#3719);
#3160=AXIS2_PLACEMENT_3D('',#6933,#3720,#3721);
#3161=AXIS2_PLACEMENT_3D('',#6935,#3722,#3723);
#3162=AXIS2_PLACEMENT_3D('',#6937,#3724,#3725);
#3163=AXIS2_PLACEMENT_3D('',#7004,#3726,#3727);
#3164=AXIS2_PLACEMENT_3D('',#7006,#3728,#3729);
#3165=AXIS2_PLACEMENT_3D('',#7008,#3730,#3731);
#3166=AXIS2_PLACEMENT_3D('',#7075,#3732,#3733);
#3167=AXIS2_PLACEMENT_3D('',#7077,#3734,#3735);
#3168=AXIS2_PLACEMENT_3D('',#7079,#3736,#3737);
#3169=AXIS2_PLACEMENT_3D('',#7146,#3738,#3739);
#3170=AXIS2_PLACEMENT_3D('',#7148,#3740,#3741);
#3171=AXIS2_PLACEMENT_3D('',#7150,#3742,#3743);
#3172=AXIS2_PLACEMENT_3D('',#7217,#3744,#3745);
#3173=AXIS2_PLACEMENT_3D('',#7219,#3746,#3747);
#3174=AXIS2_PLACEMENT_3D('',#7221,#3748,#3749);
#3175=AXIS2_PLACEMENT_3D('',#7288,#3750,#3751);
#3176=AXIS2_PLACEMENT_3D('',#7290,#3752,#3753);
#3177=AXIS2_PLACEMENT_3D('',#7292,#3754,#3755);
#3178=AXIS2_PLACEMENT_3D('',#7359,#3756,#3757);
#3179=AXIS2_PLACEMENT_3D('',#7361,#3758,#3759);
#3180=AXIS2_PLACEMENT_3D('',#7363,#3760,#3761);
#3181=AXIS2_PLACEMENT_3D('',#7430,#3762,#3763);
#3182=AXIS2_PLACEMENT_3D('',#7432,#3764,#3765);
#3183=AXIS2_PLACEMENT_3D('',#7434,#3766,#3767);
#3184=AXIS2_PLACEMENT_3D('',#7501,#3768,#3769);
#3185=AXIS2_PLACEMENT_3D('',#7503,#3770,#3771);
#3186=AXIS2_PLACEMENT_3D('',#7505,#3772,#3773);
#3187=AXIS2_PLACEMENT_3D('',#7572,#3774,#3775);
#3188=AXIS2_PLACEMENT_3D('',#7574,#3776,#3777);
#3189=AXIS2_PLACEMENT_3D('',#7576,#3778,#3779);
#3190=AXIS2_PLACEMENT_3D('',#7643,#3780,#3781);
#3191=AXIS2_PLACEMENT_3D('',#7645,#3782,#3783);
#3192=AXIS2_PLACEMENT_3D('',#7647,#3784,#3785);
#3193=AXIS2_PLACEMENT_3D('',#7714,#3786,#3787);
#3194=AXIS2_PLACEMENT_3D('',#7716,#3788,#3789);
#3195=AXIS2_PLACEMENT_3D('',#7718,#3790,#3791);
#3196=AXIS2_PLACEMENT_3D('',#7785,#3792,#3793);
#3197=AXIS2_PLACEMENT_3D('',#7787,#3794,#3795);
#3198=AXIS2_PLACEMENT_3D('',#7789,#3796,#3797);
#3199=AXIS2_PLACEMENT_3D('',#7856,#3798,#3799);
#3200=AXIS2_PLACEMENT_3D('',#7858,#3800,#3801);
#3201=AXIS2_PLACEMENT_3D('',#7901,#3804,#3805);
#3202=AXIS2_PLACEMENT_3D('',#7904,#3808,#3809);
#3203=AXIS2_PLACEMENT_3D('',#7905,#3810,#3811);
#3204=AXIS2_PLACEMENT_3D('',#7948,#3814,#3815);
#3205=AXIS2_PLACEMENT_3D('',#7951,#3818,#3819);
#3206=AXIS2_PLACEMENT_3D('',#7952,#3820,#3821);
#3207=AXIS2_PLACEMENT_3D('',#7995,#3824,#3825);
#3208=AXIS2_PLACEMENT_3D('',#7998,#3828,#3829);
#3209=AXIS2_PLACEMENT_3D('',#7999,#3830,#3831);
#3210=AXIS2_PLACEMENT_3D('',#8042,#3834,#3835);
#3211=AXIS2_PLACEMENT_3D('',#8045,#3838,#3839);
#3212=AXIS2_PLACEMENT_3D('',#8046,#3840,#3841);
#3213=AXIS2_PLACEMENT_3D('',#8089,#3844,#3845);
#3214=AXIS2_PLACEMENT_3D('',#8092,#3848,#3849);
#3215=AXIS2_PLACEMENT_3D('',#8093,#3850,#3851);
#3216=AXIS2_PLACEMENT_3D('',#8136,#3854,#3855);
#3217=AXIS2_PLACEMENT_3D('',#8139,#3858,#3859);
#3218=AXIS2_PLACEMENT_3D('',#8140,#3860,#3861);
#3219=AXIS2_PLACEMENT_3D('',#8183,#3864,#3865);
#3220=AXIS2_PLACEMENT_3D('',#8186,#3868,#3869);
#3221=AXIS2_PLACEMENT_3D('',#8187,#3870,#3871);
#3222=AXIS2_PLACEMENT_3D('',#8230,#3874,#3875);
#3223=AXIS2_PLACEMENT_3D('',#8233,#3878,#3879);
#3224=AXIS2_PLACEMENT_3D('',#8234,#3880,#3881);
#3225=AXIS2_PLACEMENT_3D('',#8277,#3884,#3885);
#3226=AXIS2_PLACEMENT_3D('',#8280,#3888,#3889);
#3227=AXIS2_PLACEMENT_3D('',#8281,#3890,#3891);
#3228=AXIS2_PLACEMENT_3D('',#8324,#3894,#3895);
#3229=AXIS2_PLACEMENT_3D('',#8327,#3898,#3899);
#3230=AXIS2_PLACEMENT_3D('',#8328,#3900,#3901);
#3231=AXIS2_PLACEMENT_3D('',#8371,#3904,#3905);
#3232=AXIS2_PLACEMENT_3D('',#8374,#3908,#3909);
#3233=AXIS2_PLACEMENT_3D('',#8375,#3910,#3911);
#3234=AXIS2_PLACEMENT_3D('',#8418,#3914,#3915);
#3235=AXIS2_PLACEMENT_3D('',#8421,#3918,#3919);
#3236=AXIS2_PLACEMENT_3D('',#8422,#3920,#3921);
#3237=AXIS2_PLACEMENT_3D('',#8465,#3924,#3925);
#3238=AXIS2_PLACEMENT_3D('',#8468,#3928,#3929);
#3239=AXIS2_PLACEMENT_3D('',#8469,#3930,#3931);
#3240=AXIS2_PLACEMENT_3D('',#8512,#3934,#3935);
#3241=AXIS2_PLACEMENT_3D('',#8515,#3938,#3939);
#3242=AXIS2_PLACEMENT_3D('',#8516,#3940,#3941);
#3243=AXIS2_PLACEMENT_3D('',#8559,#3944,#3945);
#3244=AXIS2_PLACEMENT_3D('',#8562,#3948,#3949);
#3245=AXIS2_PLACEMENT_3D('',#8563,#3950,#3951);
#3246=AXIS2_PLACEMENT_3D('',#8606,#3954,#3955);
#3247=AXIS2_PLACEMENT_3D('',#8609,#3958,#3959);
#3248=AXIS2_PLACEMENT_3D('',#8610,#3960,#3961);
#3249=AXIS2_PLACEMENT_3D('',#8653,#3964,#3965);
#3250=AXIS2_PLACEMENT_3D('',#8656,#3968,#3969);
#3251=AXIS2_PLACEMENT_3D('',#8657,#3970,#3971);
#3252=AXIS2_PLACEMENT_3D('',#8700,#3974,#3975);
#3253=AXIS2_PLACEMENT_3D('',#8703,#3978,#3979);
#3254=AXIS2_PLACEMENT_3D('',#8704,#3980,#3981);
#3255=AXIS2_PLACEMENT_3D('',#8747,#3984,#3985);
#3256=AXIS2_PLACEMENT_3D('',#8750,#3988,#3989);
#3257=AXIS2_PLACEMENT_3D('',#8751,#3990,#3991);
#3258=AXIS2_PLACEMENT_3D('',#8794,#3994,#3995);
#3259=AXIS2_PLACEMENT_3D('',#8797,#3998,#3999);
#3260=AXIS2_PLACEMENT_3D('',#8798,#4000,#4001);
#3261=AXIS2_PLACEMENT_3D('',#8841,#4004,#4005);
#3262=AXIS2_PLACEMENT_3D('',#8844,#4008,#4009);
#3263=AXIS2_PLACEMENT_3D('',#8845,#4010,#4011);
#3264=AXIS2_PLACEMENT_3D('',#8888,#4014,#4015);
#3265=AXIS2_PLACEMENT_3D('',#8891,#4018,#4019);
#3266=AXIS2_PLACEMENT_3D('',#8892,#4020,#4021);
#3267=AXIS2_PLACEMENT_3D('',#8935,#4024,#4025);
#3268=AXIS2_PLACEMENT_3D('',#8938,#4028,#4029);
#3269=AXIS2_PLACEMENT_3D('',#8939,#4030,#4031);
#3270=AXIS2_PLACEMENT_3D('',#8982,#4034,#4035);
#3271=AXIS2_PLACEMENT_3D('',#8985,#4038,#4039);
#3272=AXIS2_PLACEMENT_3D('',#8986,#4040,#4041);
#3273=AXIS2_PLACEMENT_3D('',#9029,#4044,#4045);
#3274=AXIS2_PLACEMENT_3D('',#9032,#4048,#4049);
#3275=AXIS2_PLACEMENT_3D('',#9033,#4050,#4051);
#3276=AXIS2_PLACEMENT_3D('',#9034,#4052,#4053);
#3277=AXIS2_PLACEMENT_3D('',#9035,#4054,#4055);
#3278=AXIS2_PLACEMENT_3D('',#9037,#4056,#4057);
#3279=AXIS2_PLACEMENT_3D('',#9039,#4058,#4059);
#3280=AXIS2_PLACEMENT_3D('',#9040,#4060,#4061);
#3281=AXIS2_PLACEMENT_3D('',#9042,#4062,#4063);
#3282=AXIS2_PLACEMENT_3D('',#9043,#4064,#4065);
#3283=AXIS2_PLACEMENT_3D('',#9044,#4066,#4067);
#3284=AXIS2_PLACEMENT_3D('',#9045,#4068,#4069);
#3285=AXIS2_PLACEMENT_3D('',#9047,#4070,#4071);
#3286=DIRECTION('',(0.,0.,1.));
#3287=DIRECTION('',(1.,0.,0.));
#3288=DIRECTION('',(0.,1.,0.));
#3289=DIRECTION('',(0.,0.,1.));
#3290=DIRECTION('',(0.,1.,0.));
#3291=DIRECTION('',(0.,0.,1.));
#3292=DIRECTION('',(0.,-1.,0.));
#3293=DIRECTION('',(0.,0.,-1.));
#3294=DIRECTION('',(0.,1.,0.));
#3295=DIRECTION('',(0.,0.,1.));
#3296=DIRECTION('',(0.,1.,0.));
#3297=DIRECTION('',(0.,-1.,0.));
#3298=DIRECTION('',(0.,0.,-1.));
#3299=DIRECTION('',(0.,1.,0.));
#3300=DIRECTION('',(0.,-1.,0.));
#3301=DIRECTION('',(0.,0.,-1.));
#3302=DIRECTION('',(0.,1.,0.));
#3303=DIRECTION('',(0.,0.,1.));
#3304=DIRECTION('',(0.,-1.,0.));
#3305=DIRECTION('',(0.,0.,-1.));
#3306=DIRECTION('',(0.,1.,0.));
#3307=DIRECTION('',(0.,-1.,0.));
#3308=DIRECTION('',(0.,0.,-1.));
#3309=DIRECTION('',(0.,1.,0.));
#3310=DIRECTION('',(0.,1.,0.));
#3311=DIRECTION('',(0.,0.,1.));
#3312=DIRECTION('',(0.,1.,0.));
#3313=DIRECTION('',(0.,-1.,0.));
#3314=DIRECTION('',(0.,0.,-1.));
#3315=DIRECTION('',(0.,1.,0.));
#3316=DIRECTION('',(0.,-1.,0.));
#3317=DIRECTION('',(0.,0.,-1.));
#3318=DIRECTION('',(0.,1.,0.));
#3319=DIRECTION('',(0.,0.,1.));
#3320=DIRECTION('',(0.,1.,0.));
#3321=DIRECTION('',(0.,-1.,0.));
#3322=DIRECTION('',(0.,0.,-1.));
#3323=DIRECTION('',(0.,1.,0.));
#3324=DIRECTION('',(0.,-1.,0.));
#3325=DIRECTION('',(0.,0.,-1.));
#3326=DIRECTION('',(0.,1.,0.));
#3327=DIRECTION('',(0.,0.,1.));
#3328=DIRECTION('',(0.,1.,0.));
#3329=DIRECTION('',(0.,-1.,0.));
#3330=DIRECTION('',(0.,0.,-1.));
#3331=DIRECTION('',(0.,1.,0.));
#3332=DIRECTION('',(0.,-1.,0.));
#3333=DIRECTION('',(0.,0.,-1.));
#3334=DIRECTION('',(0.,1.,0.));
#3335=DIRECTION('',(0.,0.,1.));
#3336=DIRECTION('',(0.,1.,0.));
#3337=DIRECTION('',(0.,-1.,0.));
#3338=DIRECTION('',(0.,0.,-1.));
#3339=DIRECTION('',(0.,1.,0.));
#3340=DIRECTION('',(0.,-1.,0.));
#3341=DIRECTION('',(0.,0.,-1.));
#3342=DIRECTION('',(0.,1.,0.));
#3343=DIRECTION('',(0.,0.,1.));
#3344=DIRECTION('',(0.,1.,0.));
#3345=DIRECTION('',(0.,-1.,0.));
#3346=DIRECTION('',(0.,0.,-1.));
#3347=DIRECTION('',(0.,1.,0.));
#3348=DIRECTION('',(0.,-1.,0.));
#3349=DIRECTION('',(0.,0.,-1.));
#3350=DIRECTION('',(0.,1.,0.));
#3351=DIRECTION('',(0.,0.,1.));
#3352=DIRECTION('',(0.,-1.,0.));
#3353=DIRECTION('',(0.,0.,-1.));
#3354=DIRECTION('',(0.,1.,0.));
#3355=DIRECTION('',(0.,-1.,0.));
#3356=DIRECTION('',(0.,0.,-1.));
#3357=DIRECTION('',(0.,1.,0.));
#3358=DIRECTION('',(0.,1.,0.));
#3359=DIRECTION('',(0.,0.,1.));
#3360=DIRECTION('',(0.,1.,0.));
#3361=DIRECTION('',(0.,-1.,0.));
#3362=DIRECTION('',(0.,0.,-1.));
#3363=DIRECTION('',(0.,1.,0.));
#3364=DIRECTION('',(0.,-1.,0.));
#3365=DIRECTION('',(0.,0.,-1.));
#3366=DIRECTION('',(0.,1.,0.));
#3367=DIRECTION('',(0.,0.,1.));
#3368=DIRECTION('',(0.,1.,0.));
#3369=DIRECTION('',(0.,-1.,0.));
#3370=DIRECTION('',(0.,0.,-1.));
#3371=DIRECTION('',(0.,1.,0.));
#3372=DIRECTION('',(0.,-1.,0.));
#3373=DIRECTION('',(0.,0.,-1.));
#3374=DIRECTION('',(0.,1.,0.));
#3375=DIRECTION('',(0.,0.,1.));
#3376=DIRECTION('',(0.,1.,0.));
#3377=DIRECTION('',(0.,-1.,0.));
#3378=DIRECTION('',(0.,0.,-1.));
#3379=DIRECTION('',(0.,1.,0.));
#3380=DIRECTION('',(0.,-1.,0.));
#3381=DIRECTION('',(0.,0.,-1.));
#3382=DIRECTION('',(0.,1.,0.));
#3383=DIRECTION('',(0.,0.,1.));
#3384=DIRECTION('',(0.,1.,0.));
#3385=DIRECTION('',(0.,-1.,0.));
#3386=DIRECTION('',(0.,0.,-1.));
#3387=DIRECTION('',(0.,1.,0.));
#3388=DIRECTION('',(0.,-1.,0.));
#3389=DIRECTION('',(0.,0.,-1.));
#3390=DIRECTION('',(0.,1.,0.));
#3391=DIRECTION('',(0.,0.,1.));
#3392=DIRECTION('',(0.,1.,0.));
#3393=DIRECTION('',(0.,-1.,0.));
#3394=DIRECTION('',(0.,0.,-1.));
#3395=DIRECTION('',(0.,1.,0.));
#3396=DIRECTION('',(0.,-1.,0.));
#3397=DIRECTION('',(0.,0.,-1.));
#3398=DIRECTION('',(0.,1.,0.));
#3399=DIRECTION('',(0.,0.,1.));
#3400=DIRECTION('',(0.,-1.,0.));
#3401=DIRECTION('',(0.,0.,-1.));
#3402=DIRECTION('',(0.,1.,0.));
#3403=DIRECTION('',(0.,-1.,0.));
#3404=DIRECTION('',(0.,0.,-1.));
#3405=DIRECTION('',(0.,1.,0.));
#3406=DIRECTION('',(0.,1.,0.));
#3407=DIRECTION('',(0.,0.,1.));
#3408=DIRECTION('',(0.,1.,0.));
#3409=DIRECTION('',(0.,-1.,0.));
#3410=DIRECTION('',(0.,0.,-1.));
#3411=DIRECTION('',(0.,1.,0.));
#3412=DIRECTION('',(0.,-1.,0.));
#3413=DIRECTION('',(0.,0.,-1.));
#3414=DIRECTION('',(0.,1.,0.));
#3415=DIRECTION('',(0.,0.,1.));
#3416=DIRECTION('',(0.,-1.,0.));
#3417=DIRECTION('',(0.,0.,-1.));
#3418=DIRECTION('',(0.,1.,0.));
#3419=DIRECTION('',(0.,-1.,0.));
#3420=DIRECTION('',(0.,0.,-1.));
#3421=DIRECTION('',(0.,1.,0.));
#3422=DIRECTION('',(0.,1.,0.));
#3423=DIRECTION('',(0.,0.,1.));
#3424=DIRECTION('',(0.,-1.,0.));
#3425=DIRECTION('',(0.,0.,-1.));
#3426=DIRECTION('',(0.,1.,0.));
#3427=DIRECTION('',(0.,-1.,0.));
#3428=DIRECTION('',(0.,0.,-1.));
#3429=DIRECTION('',(0.,1.,0.));
#3430=DIRECTION('',(0.,1.,0.));
#3431=DIRECTION('',(0.,0.,1.));
#3432=DIRECTION('',(0.,-1.,0.));
#3433=DIRECTION('',(0.,0.,-1.));
#3434=DIRECTION('',(0.,1.,0.));
#3435=DIRECTION('',(0.,-1.,0.));
#3436=DIRECTION('',(0.,0.,-1.));
#3437=DIRECTION('',(0.,1.,0.));
#3438=DIRECTION('',(0.,1.,0.));
#3439=DIRECTION('',(0.,0.,1.));
#3440=DIRECTION('',(0.,-1.,0.));
#3441=DIRECTION('',(0.,0.,-1.));
#3442=DIRECTION('',(0.,1.,0.));
#3443=DIRECTION('',(0.,-1.,0.));
#3444=DIRECTION('',(0.,0.,-1.));
#3445=DIRECTION('',(0.,1.,0.));
#3446=DIRECTION('',(0.,1.,0.));
#3447=DIRECTION('',(0.,0.,1.));
#3448=DIRECTION('',(0.,-1.,0.));
#3449=DIRECTION('',(0.,0.,-1.));
#3450=DIRECTION('',(0.,1.,0.));
#3451=DIRECTION('',(0.,-1.,0.));
#3452=DIRECTION('',(0.,0.,-1.));
#3453=DIRECTION('',(0.,1.,0.));
#3454=DIRECTION('',(0.,1.,0.));
#3455=DIRECTION('',(0.,0.,1.));
#3456=DIRECTION('',(0.,1.,0.));
#3457=DIRECTION('',(0.,-1.,0.));
#3458=DIRECTION('',(0.,0.,-1.));
#3459=DIRECTION('',(0.,1.,0.));
#3460=DIRECTION('',(0.,-1.,0.));
#3461=DIRECTION('',(0.,0.,-1.));
#3462=DIRECTION('',(0.,1.,0.));
#3463=DIRECTION('',(0.,0.,1.));
#3464=DIRECTION('',(0.,1.,0.));
#3465=DIRECTION('',(0.,-1.,0.));
#3466=DIRECTION('',(0.,0.,-1.));
#3467=DIRECTION('',(0.,1.,0.));
#3468=DIRECTION('',(0.,-1.,0.));
#3469=DIRECTION('',(0.,0.,-1.));
#3470=DIRECTION('',(0.,1.,0.));
#3471=DIRECTION('',(0.,0.,1.));
#3472=DIRECTION('',(0.,-1.,0.));
#3473=DIRECTION('',(0.,0.,-1.));
#3474=DIRECTION('',(0.,1.,0.));
#3475=DIRECTION('',(0.,-1.,0.));
#3476=DIRECTION('',(0.,0.,-1.));
#3477=DIRECTION('',(0.,1.,0.));
#3478=DIRECTION('',(0.,1.,0.));
#3479=DIRECTION('',(0.,0.,1.));
#3480=DIRECTION('',(0.,-1.,0.));
#3481=DIRECTION('',(0.,0.,-1.));
#3482=DIRECTION('',(0.,1.,0.));
#3483=DIRECTION('',(0.,-1.,0.));
#3484=DIRECTION('',(0.,0.,-1.));
#3485=DIRECTION('',(0.,1.,0.));
#3486=DIRECTION('',(0.,-1.,0.));
#3487=DIRECTION('',(1.,0.,0.));
#3488=DIRECTION('',(0.,-1.,0.));
#3489=DIRECTION('',(0.,0.,-1.));
#3490=DIRECTION('',(0.,-1.,0.));
#3491=DIRECTION('',(-0.587785252292473,0.,0.809016994374948));
#3492=DIRECTION('',(0.,-1.,0.));
#3493=DIRECTION('',(-0.770513242775789,0.,0.63742398974869));
#3494=DIRECTION('',(0.,-1.,0.));
#3495=DIRECTION('',(-0.770513242775789,0.,0.63742398974869));
#3496=DIRECTION('',(0.,-1.,0.));
#3497=DIRECTION('',(-0.770513242775789,0.,0.63742398974869));
#3498=DIRECTION('',(0.,-1.,0.));
#3499=DIRECTION('',(-0.90482705246602,0.,0.425779291565072));
#3500=DIRECTION('',(0.,-1.,0.));
#3501=DIRECTION('',(-0.90482705246602,0.,0.425779291565072));
#3502=DIRECTION('',(0.,-1.,0.));
#3503=DIRECTION('',(-0.90482705246602,0.,0.425779291565072));
#3504=DIRECTION('',(0.,-1.,0.));
#3505=DIRECTION('',(-0.982287250728689,0.,0.187381314585725));
#3506=DIRECTION('',(0.,-1.,0.));
#3507=DIRECTION('',(-0.982287250728689,0.,0.187381314585725));
#3508=DIRECTION('',(0.,-1.,0.));
#3509=DIRECTION('',(-0.982287250728689,0.,0.187381314585725));
#3510=DIRECTION('',(0.,-1.,0.));
#3511=DIRECTION('',(-0.998026728428272,0.,-0.0627905195293137));
#3512=DIRECTION('',(0.,-1.,0.));
#3513=DIRECTION('',(-0.998026728428272,0.,-0.0627905195293137));
#3514=DIRECTION('',(0.,-1.,0.));
#3515=DIRECTION('',(-0.998026728428272,0.,-0.0627905195293137));
#3516=DIRECTION('',(0.,-1.,0.));
#3517=DIRECTION('',(-0.951056516295154,0.,-0.309016994374948));
#3518=DIRECTION('',(0.,-1.,0.));
#3519=DIRECTION('',(-0.951056516295154,0.,-0.309016994374948));
#3520=DIRECTION('',(0.,-1.,0.));
#3521=DIRECTION('',(-0.951056516295154,0.,-0.309016994374948));
#3522=DIRECTION('',(0.,-1.,0.));
#3523=DIRECTION('',(-0.844327925502015,0.,-0.535826794978997));
#3524=DIRECTION('',(0.,-1.,0.));
#3525=DIRECTION('',(-0.844327925502015,0.,-0.535826794978997));
#3526=DIRECTION('',(0.,-1.,0.));
#3527=DIRECTION('',(-0.844327925502015,0.,-0.535826794978997));
#3528=DIRECTION('',(0.,-1.,0.));
#3529=DIRECTION('',(-0.684547105928688,0.,-0.728968627421412));
#3530=DIRECTION('',(0.,-1.,0.));
#3531=DIRECTION('',(-0.684547105928688,0.,-0.728968627421412));
#3532=DIRECTION('',(0.,-1.,0.));
#3533=DIRECTION('',(-0.684547105928688,0.,-0.728968627421412));
#3534=DIRECTION('',(0.,-1.,0.));
#3535=DIRECTION('',(-0.481753674101715,0.,-0.876306680043864));
#3536=DIRECTION('',(0.,-1.,0.));
#3537=DIRECTION('',(-0.481753674101715,0.,-0.876306680043864));
#3538=DIRECTION('',(0.,-1.,0.));
#3539=DIRECTION('',(-0.481753674101715,0.,-0.876306680043864));
#3540=DIRECTION('',(0.,-1.,0.));
#3541=DIRECTION('',(-0.248689887164854,0.,-0.968583161128631));
#3542=DIRECTION('',(0.,-1.,0.));
#3543=DIRECTION('',(-0.248689887164854,0.,-0.968583161128631));
#3544=DIRECTION('',(0.,-1.,0.));
#3545=DIRECTION('',(-0.248689887164854,0.,-0.968583161128631));
#3546=DIRECTION('',(0.,-1.,0.));
#3547=DIRECTION('',(0.,0.,-1.));
#3548=DIRECTION('',(0.,-1.,0.));
#3549=DIRECTION('',(0.,0.,-1.));
#3550=DIRECTION('',(0.,-1.,0.));
#3551=DIRECTION('',(0.,0.,-1.));
#3552=DIRECTION('',(0.,-1.,0.));
#3553=DIRECTION('',(0.,0.,-1.));
#3554=DIRECTION('',(0.,-1.,0.));
#3555=DIRECTION('',(0.248689887164855,0.,-0.968583161128631));
#3556=DIRECTION('',(0.,-1.,0.));
#3557=DIRECTION('',(0.248689887164855,0.,-0.968583161128631));
#3558=DIRECTION('',(0.,-1.,0.));
#3559=DIRECTION('',(0.248689887164855,0.,-0.968583161128631));
#3560=DIRECTION('',(0.,-1.,0.));
#3561=DIRECTION('',(0.481753674101715,0.,-0.876306680043864));
#3562=DIRECTION('',(0.,-1.,0.));
#3563=DIRECTION('',(0.481753674101715,0.,-0.876306680043864));
#3564=DIRECTION('',(0.,-1.,0.));
#3565=DIRECTION('',(0.481753674101715,0.,-0.876306680043864));
#3566=DIRECTION('',(0.,-1.,0.));
#3567=DIRECTION('',(0.684547105928689,0.,-0.728968627421412));
#3568=DIRECTION('',(0.,-1.,0.));
#3569=DIRECTION('',(0.684547105928689,0.,-0.728968627421412));
#3570=DIRECTION('',(0.,-1.,0.));
#3571=DIRECTION('',(0.684547105928689,0.,-0.728968627421412));
#3572=DIRECTION('',(0.,-1.,0.));
#3573=DIRECTION('',(0.844327925502015,0.,-0.535826794978997));
#3574=DIRECTION('',(0.,-1.,0.));
#3575=DIRECTION('',(0.844327925502015,0.,-0.535826794978997));
#3576=DIRECTION('',(0.,-1.,0.));
#3577=DIRECTION('',(0.844327925502015,0.,-0.535826794978997));
#3578=DIRECTION('',(0.,-1.,0.));
#3579=DIRECTION('',(0.951056516295154,0.,-0.309016994374948));
#3580=DIRECTION('',(0.,-1.,0.));
#3581=DIRECTION('',(0.951056516295154,0.,-0.309016994374948));
#3582=DIRECTION('',(0.,-1.,0.));
#3583=DIRECTION('',(0.951056516295154,0.,-0.309016994374948));
#3584=DIRECTION('',(0.,-1.,0.));
#3585=DIRECTION('',(0.998026728428272,0.,-0.0627905195293133));
#3586=DIRECTION('',(0.,-1.,0.));
#3587=DIRECTION('',(0.998026728428272,0.,-0.0627905195293133));
#3588=DIRECTION('',(0.,-1.,0.));
#3589=DIRECTION('',(0.998026728428272,0.,-0.0627905195293133));
#3590=DIRECTION('',(0.,-1.,0.));
#3591=DIRECTION('',(0.982287250728689,0.,0.187381314585725));
#3592=DIRECTION('',(0.,-1.,0.));
#3593=DIRECTION('',(0.982287250728689,0.,0.187381314585725));
#3594=DIRECTION('',(0.,-1.,0.));
#3595=DIRECTION('',(0.982287250728689,0.,0.187381314585725));
#3596=DIRECTION('',(0.,-1.,0.));
#3597=DIRECTION('',(0.904827052466019,0.,0.425779291565072));
#3598=DIRECTION('',(0.,-1.,0.));
#3599=DIRECTION('',(0.904827052466019,0.,0.425779291565072));
#3600=DIRECTION('',(0.,-1.,0.));
#3601=DIRECTION('',(0.904827052466019,0.,0.425779291565072));
#3602=DIRECTION('',(0.,-1.,0.));
#3603=DIRECTION('',(0.770513242775789,0.,0.63742398974869));
#3604=DIRECTION('',(0.,-1.,0.));
#3605=DIRECTION('',(0.770513242775789,0.,0.63742398974869));
#3606=DIRECTION('',(0.,-1.,0.));
#3607=DIRECTION('',(0.770513242775789,0.,0.63742398974869));
#3608=DIRECTION('',(0.,-1.,0.));
#3609=DIRECTION('',(0.587785252292473,0.,0.809016994374947));
#3610=DIRECTION('',(0.,-1.,0.));
#3611=DIRECTION('',(0.587785252292473,0.,0.809016994374947));
#3612=DIRECTION('',(0.,-1.,0.));
#3613=DIRECTION('',(0.587785252292473,0.,0.809016994374947));
#3614=DIRECTION('',(0.,-1.,0.));
#3615=DIRECTION('',(0.368124552684678,0.,0.929776485888252));
#3616=DIRECTION('',(0.,-1.,0.));
#3617=DIRECTION('',(0.368124552684678,0.,0.929776485888252));
#3618=DIRECTION('',(0.,-1.,0.));
#3619=DIRECTION('',(0.368124552684678,0.,0.929776485888252));
#3620=DIRECTION('',(0.,-1.,0.));
#3621=DIRECTION('',(0.125333233564304,0.,0.992114701314478));
#3622=DIRECTION('',(0.,-1.,0.));
#3623=DIRECTION('',(0.125333233564304,0.,0.992114701314478));
#3624=DIRECTION('',(0.,-1.,0.));
#3625=DIRECTION('',(0.125333233564304,0.,0.992114701314478));
#3626=DIRECTION('',(0.,-1.,0.));
#3627=DIRECTION('',(-0.125333233564304,0.,0.992114701314478));
#3628=DIRECTION('',(0.,-1.,0.));
#3629=DIRECTION('',(-0.125333233564304,0.,0.992114701314478));
#3630=DIRECTION('',(0.,-1.,0.));
#3631=DIRECTION('',(-0.125333233564304,0.,0.992114701314478));
#3632=DIRECTION('',(0.,-1.,0.));
#3633=DIRECTION('',(-0.368124552684678,0.,0.929776485888251));
#3634=DIRECTION('',(0.,-1.,0.));
#3635=DIRECTION('',(-0.368124552684678,0.,0.929776485888251));
#3636=DIRECTION('',(0.,-1.,0.));
#3637=DIRECTION('',(-0.368124552684678,0.,0.929776485888251));
#3638=DIRECTION('',(0.,-1.,0.));
#3639=DIRECTION('',(-0.587785252292473,0.,0.809016994374948));
#3640=DIRECTION('',(0.,-1.,0.));
#3641=DIRECTION('',(-0.587785252292473,0.,0.809016994374948));
#3642=DIRECTION('',(0.,1.,0.));
#3643=DIRECTION('',(0.,0.,1.));
#3644=DIRECTION('',(0.,1.,0.));
#3645=DIRECTION('',(0.,-1.,0.));
#3646=DIRECTION('',(0.,0.,-1.));
#3647=DIRECTION('',(0.,1.,0.));
#3648=DIRECTION('',(0.,-1.,0.));
#3649=DIRECTION('',(1.,0.,0.));
#3650=DIRECTION('',(0.,1.,0.));
#3651=DIRECTION('',(0.,0.,1.));
#3652=DIRECTION('',(0.,-1.,0.));
#3653=DIRECTION('',(-0.587785252292473,0.,0.809016994374948));
#3654=DIRECTION('',(0.,-1.,0.));
#3655=DIRECTION('',(-0.368124552684678,0.,0.929776485888251));
#3656=DIRECTION('',(0.,-1.,0.));
#3657=DIRECTION('',(-0.368124552684678,0.,0.929776485888251));
#3658=DIRECTION('',(0.,-1.,0.));
#3659=DIRECTION('',(-0.368124552684678,0.,0.929776485888251));
#3660=DIRECTION('',(0.,-1.,0.));
#3661=DIRECTION('',(-0.125333233564304,0.,0.992114701314478));
#3662=DIRECTION('',(0.,-1.,0.));
#3663=DIRECTION('',(-0.125333233564304,0.,0.992114701314478));
#3664=DIRECTION('',(0.,-1.,0.));
#3665=DIRECTION('',(-0.125333233564304,0.,0.992114701314478));
#3666=DIRECTION('',(0.,-1.,0.));
#3667=DIRECTION('',(0.125333233564304,0.,0.992114701314478));
#3668=DIRECTION('',(0.,-1.,0.));
#3669=DIRECTION('',(0.125333233564304,0.,0.992114701314478));
#3670=DIRECTION('',(0.,-1.,0.));
#3671=DIRECTION('',(0.125333233564304,0.,0.992114701314478));
#3672=DIRECTION('',(0.,-1.,0.));
#3673=DIRECTION('',(0.368124552684678,0.,0.929776485888252));
#3674=DIRECTION('',(0.,-1.,0.));
#3675=DIRECTION('',(0.368124552684678,0.,0.929776485888252));
#3676=DIRECTION('',(0.,-1.,0.));
#3677=DIRECTION('',(0.368124552684678,0.,0.929776485888252));
#3678=DIRECTION('',(0.,-1.,0.));
#3679=DIRECTION('',(0.587785252292473,0.,0.809016994374947));
#3680=DIRECTION('',(0.,-1.,0.));
#3681=DIRECTION('',(0.587785252292473,0.,0.809016994374947));
#3682=DIRECTION('',(0.,-1.,0.));
#3683=DIRECTION('',(0.587785252292473,0.,0.809016994374947));
#3684=DIRECTION('',(0.,-1.,0.));
#3685=DIRECTION('',(0.770513242775789,0.,0.63742398974869));
#3686=DIRECTION('',(0.,-1.,0.));
#3687=DIRECTION('',(0.770513242775789,0.,0.63742398974869));
#3688=DIRECTION('',(0.,-1.,0.));
#3689=DIRECTION('',(0.770513242775789,0.,0.63742398974869));
#3690=DIRECTION('',(0.,-1.,0.));
#3691=DIRECTION('',(0.904827052466019,0.,0.425779291565072));
#3692=DIRECTION('',(0.,-1.,0.));
#3693=DIRECTION('',(0.904827052466019,0.,0.425779291565072));
#3694=DIRECTION('',(0.,-1.,0.));
#3695=DIRECTION('',(0.904827052466019,0.,0.425779291565072));
#3696=DIRECTION('',(0.,-1.,0.));
#3697=DIRECTION('',(0.982287250728689,0.,0.187381314585725));
#3698=DIRECTION('',(0.,-1.,0.));
#3699=DIRECTION('',(0.982287250728689,0.,0.187381314585725));
#3700=DIRECTION('',(0.,-1.,0.));
#3701=DIRECTION('',(0.982287250728689,0.,0.187381314585725));
#3702=DIRECTION('',(0.,-1.,0.));
#3703=DIRECTION('',(0.998026728428272,0.,-0.0627905195293133));
#3704=DIRECTION('',(0.,-1.,0.));
#3705=DIRECTION('',(0.998026728428272,0.,-0.0627905195293133));
#3706=DIRECTION('',(0.,-1.,0.));
#3707=DIRECTION('',(0.998026728428272,0.,-0.0627905195293133));
#3708=DIRECTION('',(0.,-1.,0.));
#3709=DIRECTION('',(0.951056516295154,0.,-0.309016994374948));
#3710=DIRECTION('',(0.,-1.,0.));
#3711=DIRECTION('',(0.951056516295154,0.,-0.309016994374948));
#3712=DIRECTION('',(0.,-1.,0.));
#3713=DIRECTION('',(0.951056516295154,0.,-0.309016994374948));
#3714=DIRECTION('',(0.,-1.,0.));
#3715=DIRECTION('',(0.844327925502015,0.,-0.535826794978997));
#3716=DIRECTION('',(0.,-1.,0.));
#3717=DIRECTION('',(0.844327925502015,0.,-0.535826794978997));
#3718=DIRECTION('',(0.,-1.,0.));
#3719=DIRECTION('',(0.844327925502015,0.,-0.535826794978997));
#3720=DIRECTION('',(0.,-1.,0.));
#3721=DIRECTION('',(0.684547105928689,0.,-0.728968627421412));
#3722=DIRECTION('',(0.,-1.,0.));
#3723=DIRECTION('',(0.684547105928689,0.,-0.728968627421412));
#3724=DIRECTION('',(0.,-1.,0.));
#3725=DIRECTION('',(0.684547105928689,0.,-0.728968627421412));
#3726=DIRECTION('',(0.,-1.,0.));
#3727=DIRECTION('',(0.481753674101715,0.,-0.876306680043864));
#3728=DIRECTION('',(0.,-1.,0.));
#3729=DIRECTION('',(0.481753674101715,0.,-0.876306680043864));
#3730=DIRECTION('',(0.,-1.,0.));
#3731=DIRECTION('',(0.481753674101715,0.,-0.876306680043864));
#3732=DIRECTION('',(0.,-1.,0.));
#3733=DIRECTION('',(0.248689887164855,0.,-0.968583161128631));
#3734=DIRECTION('',(0.,-1.,0.));
#3735=DIRECTION('',(0.248689887164855,0.,-0.968583161128631));
#3736=DIRECTION('',(0.,-1.,0.));
#3737=DIRECTION('',(0.248689887164855,0.,-0.968583161128631));
#3738=DIRECTION('',(0.,-1.,0.));
#3739=DIRECTION('',(0.,0.,-1.));
#3740=DIRECTION('',(0.,-1.,0.));
#3741=DIRECTION('',(0.,0.,-1.));
#3742=DIRECTION('',(0.,-1.,0.));
#3743=DIRECTION('',(0.,0.,-1.));
#3744=DIRECTION('',(0.,-1.,0.));
#3745=DIRECTION('',(-0.248689887164854,0.,-0.968583161128631));
#3746=DIRECTION('',(0.,-1.,0.));
#3747=DIRECTION('',(-0.248689887164854,0.,-0.968583161128631));
#3748=DIRECTION('',(0.,-1.,0.));
#3749=DIRECTION('',(-0.248689887164854,0.,-0.968583161128631));
#3750=DIRECTION('',(0.,-1.,0.));
#3751=DIRECTION('',(-0.481753674101715,0.,-0.876306680043864));
#3752=DIRECTION('',(0.,-1.,0.));
#3753=DIRECTION('',(-0.481753674101715,0.,-0.876306680043864));
#3754=DIRECTION('',(0.,-1.,0.));
#3755=DIRECTION('',(-0.481753674101715,0.,-0.876306680043864));
#3756=DIRECTION('',(0.,-1.,0.));
#3757=DIRECTION('',(-0.684547105928688,0.,-0.728968627421412));
#3758=DIRECTION('',(0.,-1.,0.));
#3759=DIRECTION('',(-0.684547105928688,0.,-0.728968627421412));
#3760=DIRECTION('',(0.,-1.,0.));
#3761=DIRECTION('',(-0.684547105928688,0.,-0.728968627421412));
#3762=DIRECTION('',(0.,-1.,0.));
#3763=DIRECTION('',(-0.844327925502015,0.,-0.535826794978997));
#3764=DIRECTION('',(0.,-1.,0.));
#3765=DIRECTION('',(-0.844327925502015,0.,-0.535826794978997));
#3766=DIRECTION('',(0.,-1.,0.));
#3767=DIRECTION('',(-0.844327925502015,0.,-0.535826794978997));
#3768=DIRECTION('',(0.,-1.,0.));
#3769=DIRECTION('',(-0.951056516295154,0.,-0.309016994374948));
#3770=DIRECTION('',(0.,-1.,0.));
#3771=DIRECTION('',(-0.951056516295154,0.,-0.309016994374948));
#3772=DIRECTION('',(0.,-1.,0.));
#3773=DIRECTION('',(-0.951056516295154,0.,-0.309016994374948));
#3774=DIRECTION('',(0.,-1.,0.));
#3775=DIRECTION('',(-0.998026728428272,0.,-0.0627905195293137));
#3776=DIRECTION('',(0.,-1.,0.));
#3777=DIRECTION('',(-0.998026728428272,0.,-0.0627905195293137));
#3778=DIRECTION('',(0.,-1.,0.));
#3779=DIRECTION('',(-0.998026728428272,0.,-0.0627905195293137));
#3780=DIRECTION('',(0.,-1.,0.));
#3781=DIRECTION('',(-0.982287250728689,0.,0.187381314585725));
#3782=DIRECTION('',(0.,-1.,0.));
#3783=DIRECTION('',(-0.982287250728689,0.,0.187381314585725));
#3784=DIRECTION('',(0.,-1.,0.));
#3785=DIRECTION('',(-0.982287250728689,0.,0.187381314585725));
#3786=DIRECTION('',(0.,-1.,0.));
#3787=DIRECTION('',(-0.90482705246602,0.,0.425779291565072));
#3788=DIRECTION('',(0.,-1.,0.));
#3789=DIRECTION('',(-0.90482705246602,0.,0.425779291565072));
#3790=DIRECTION('',(0.,-1.,0.));
#3791=DIRECTION('',(-0.90482705246602,0.,0.425779291565072));
#3792=DIRECTION('',(0.,-1.,0.));
#3793=DIRECTION('',(-0.770513242775789,0.,0.63742398974869));
#3794=DIRECTION('',(0.,-1.,0.));
#3795=DIRECTION('',(-0.770513242775789,0.,0.63742398974869));
#3796=DIRECTION('',(0.,-1.,0.));
#3797=DIRECTION('',(-0.770513242775789,0.,0.63742398974869));
#3798=DIRECTION('',(0.,-1.,0.));
#3799=DIRECTION('',(-0.587785252292473,0.,0.809016994374948));
#3800=DIRECTION('',(0.,-1.,0.));
#3801=DIRECTION('',(-0.587785252292473,0.,0.809016994374948));
#3802=DIRECTION('',(0.,1.,0.));
#3803=DIRECTION('',(0.,1.,0.));
#3804=DIRECTION('',(0.,1.,0.));
#3805=DIRECTION('',(0.,0.,1.));
#3806=DIRECTION('',(0.,1.,0.));
#3807=DIRECTION('',(0.,1.,0.));
#3808=DIRECTION('',(0.,1.,0.));
#3809=DIRECTION('',(0.,0.,1.));
#3810=DIRECTION('',(0.,1.,0.));
#3811=DIRECTION('',(0.,0.,1.));
#3812=DIRECTION('',(0.,1.,0.));
#3813=DIRECTION('',(0.,1.,0.));
#3814=DIRECTION('',(0.,1.,0.));
#3815=DIRECTION('',(0.684547105928688,0.,0.728968627421412));
#3816=DIRECTION('',(0.,1.,0.));
#3817=DIRECTION('',(0.,1.,0.));
#3818=DIRECTION('',(0.,1.,0.));
#3819=DIRECTION('',(0.684547105928688,0.,0.728968627421412));
#3820=DIRECTION('',(0.,1.,0.));
#3821=DIRECTION('',(0.684547105928688,0.,0.728968627421412));
#3822=DIRECTION('',(0.,1.,0.));
#3823=DIRECTION('',(0.,1.,0.));
#3824=DIRECTION('',(0.,1.,0.));
#3825=DIRECTION('',(0.844327925502015,0.,0.535826794978997));
#3826=DIRECTION('',(0.,1.,0.));
#3827=DIRECTION('',(0.,1.,0.));
#3828=DIRECTION('',(0.,1.,0.));
#3829=DIRECTION('',(0.844327925502015,0.,0.535826794978997));
#3830=DIRECTION('',(0.,1.,0.));
#3831=DIRECTION('',(0.844327925502015,0.,0.535826794978997));
#3832=DIRECTION('',(0.,1.,0.));
#3833=DIRECTION('',(0.,1.,0.));
#3834=DIRECTION('',(0.,1.,0.));
#3835=DIRECTION('',(0.481753674101715,0.,0.876306680043864));
#3836=DIRECTION('',(0.,1.,0.));
#3837=DIRECTION('',(0.,1.,0.));
#3838=DIRECTION('',(0.,1.,0.));
#3839=DIRECTION('',(0.481753674101715,0.,0.876306680043864));
#3840=DIRECTION('',(0.,1.,0.));
#3841=DIRECTION('',(0.481753674101715,0.,0.876306680043864));
#3842=DIRECTION('',(0.,1.,0.));
#3843=DIRECTION('',(0.,1.,0.));
#3844=DIRECTION('',(0.,1.,0.));
#3845=DIRECTION('',(0.248689887164854,0.,0.968583161128631));
#3846=DIRECTION('',(0.,1.,0.));
#3847=DIRECTION('',(0.,1.,0.));
#3848=DIRECTION('',(0.,1.,0.));
#3849=DIRECTION('',(0.248689887164854,0.,0.968583161128631));
#3850=DIRECTION('',(0.,1.,0.));
#3851=DIRECTION('',(0.248689887164854,0.,0.968583161128631));
#3852=DIRECTION('',(0.,1.,0.));
#3853=DIRECTION('',(0.,1.,0.));
#3854=DIRECTION('',(0.,1.,0.));
#3855=DIRECTION('',(0.951056516295154,0.,0.309016994374948));
#3856=DIRECTION('',(0.,1.,0.));
#3857=DIRECTION('',(0.,1.,0.));
#3858=DIRECTION('',(0.,1.,0.));
#3859=DIRECTION('',(0.951056516295154,0.,0.309016994374948));
#3860=DIRECTION('',(0.,1.,0.));
#3861=DIRECTION('',(0.951056516295154,0.,0.309016994374948));
#3862=DIRECTION('',(0.,1.,0.));
#3863=DIRECTION('',(0.,1.,0.));
#3864=DIRECTION('',(0.,1.,0.));
#3865=DIRECTION('',(0.998026728428272,0.,0.0627905195293137));
#3866=DIRECTION('',(0.,1.,0.));
#3867=DIRECTION('',(0.,1.,0.));
#3868=DIRECTION('',(0.,1.,0.));
#3869=DIRECTION('',(0.998026728428272,0.,0.0627905195293137));
#3870=DIRECTION('',(0.,1.,0.));
#3871=DIRECTION('',(0.998026728428272,0.,0.0627905195293137));
#3872=DIRECTION('',(0.,1.,0.));
#3873=DIRECTION('',(0.,1.,0.));
#3874=DIRECTION('',(0.,1.,0.));
#3875=DIRECTION('',(0.982287250728689,0.,-0.187381314585725));
#3876=DIRECTION('',(0.,1.,0.));
#3877=DIRECTION('',(0.,1.,0.));
#3878=DIRECTION('',(0.,1.,0.));
#3879=DIRECTION('',(0.982287250728689,0.,-0.187381314585725));
#3880=DIRECTION('',(0.,1.,0.));
#3881=DIRECTION('',(0.982287250728689,0.,-0.187381314585725));
#3882=DIRECTION('',(0.,1.,0.));
#3883=DIRECTION('',(0.,1.,0.));
#3884=DIRECTION('',(0.,1.,0.));
#3885=DIRECTION('',(0.90482705246602,0.,-0.425779291565072));
#3886=DIRECTION('',(0.,1.,0.));
#3887=DIRECTION('',(0.,1.,0.));
#3888=DIRECTION('',(0.,1.,0.));
#3889=DIRECTION('',(0.90482705246602,0.,-0.425779291565072));
#3890=DIRECTION('',(0.,1.,0.));
#3891=DIRECTION('',(0.90482705246602,0.,-0.425779291565072));
#3892=DIRECTION('',(0.,1.,0.));
#3893=DIRECTION('',(0.,1.,0.));
#3894=DIRECTION('',(0.,1.,0.));
#3895=DIRECTION('',(-0.684547105928689,0.,0.728968627421412));
#3896=DIRECTION('',(0.,1.,0.));
#3897=DIRECTION('',(0.,1.,0.));
#3898=DIRECTION('',(0.,1.,0.));
#3899=DIRECTION('',(-0.684547105928689,0.,0.728968627421412));
#3900=DIRECTION('',(0.,1.,0.));
#3901=DIRECTION('',(-0.684547105928689,0.,0.728968627421412));
#3902=DIRECTION('',(0.,1.,0.));
#3903=DIRECTION('',(0.,1.,0.));
#3904=DIRECTION('',(0.,1.,0.));
#3905=DIRECTION('',(-0.844327925502015,0.,0.535826794978997));
#3906=DIRECTION('',(0.,1.,0.));
#3907=DIRECTION('',(0.,1.,0.));
#3908=DIRECTION('',(0.,1.,0.));
#3909=DIRECTION('',(-0.844327925502015,0.,0.535826794978997));
#3910=DIRECTION('',(0.,1.,0.));
#3911=DIRECTION('',(-0.844327925502015,0.,0.535826794978997));
#3912=DIRECTION('',(0.,1.,0.));
#3913=DIRECTION('',(0.,1.,0.));
#3914=DIRECTION('',(0.,1.,0.));
#3915=DIRECTION('',(-0.481753674101715,0.,0.876306680043864));
#3916=DIRECTION('',(0.,1.,0.));
#3917=DIRECTION('',(0.,1.,0.));
#3918=DIRECTION('',(0.,1.,0.));
#3919=DIRECTION('',(-0.481753674101715,0.,0.876306680043864));
#3920=DIRECTION('',(0.,1.,0.));
#3921=DIRECTION('',(-0.481753674101715,0.,0.876306680043864));
#3922=DIRECTION('',(0.,1.,0.));
#3923=DIRECTION('',(0.,1.,0.));
#3924=DIRECTION('',(0.,1.,0.));
#3925=DIRECTION('',(-0.248689887164855,0.,0.968583161128631));
#3926=DIRECTION('',(0.,1.,0.));
#3927=DIRECTION('',(0.,1.,0.));
#3928=DIRECTION('',(0.,1.,0.));
#3929=DIRECTION('',(-0.248689887164855,0.,0.968583161128631));
#3930=DIRECTION('',(0.,1.,0.));
#3931=DIRECTION('',(-0.248689887164855,0.,0.968583161128631));
#3932=DIRECTION('',(0.,1.,0.));
#3933=DIRECTION('',(0.,1.,0.));
#3934=DIRECTION('',(0.,1.,0.));
#3935=DIRECTION('',(-0.951056516295154,0.,0.309016994374948));
#3936=DIRECTION('',(0.,1.,0.));
#3937=DIRECTION('',(0.,1.,0.));
#3938=DIRECTION('',(0.,1.,0.));
#3939=DIRECTION('',(-0.951056516295154,0.,0.309016994374948));
#3940=DIRECTION('',(0.,1.,0.));
#3941=DIRECTION('',(-0.951056516295154,0.,0.309016994374948));
#3942=DIRECTION('',(0.,1.,0.));
#3943=DIRECTION('',(0.,1.,0.));
#3944=DIRECTION('',(0.,1.,0.));
#3945=DIRECTION('',(-0.998026728428272,0.,0.0627905195293133));
#3946=DIRECTION('',(0.,1.,0.));
#3947=DIRECTION('',(0.,1.,0.));
#3948=DIRECTION('',(0.,1.,0.));
#3949=DIRECTION('',(-0.998026728428272,0.,0.0627905195293133));
#3950=DIRECTION('',(0.,1.,0.));
#3951=DIRECTION('',(-0.998026728428272,0.,0.0627905195293133));
#3952=DIRECTION('',(0.,1.,0.));
#3953=DIRECTION('',(0.,1.,0.));
#3954=DIRECTION('',(0.,1.,0.));
#3955=DIRECTION('',(-0.982287250728689,0.,-0.187381314585725));
#3956=DIRECTION('',(0.,1.,0.));
#3957=DIRECTION('',(0.,1.,0.));
#3958=DIRECTION('',(0.,1.,0.));
#3959=DIRECTION('',(-0.982287250728689,0.,-0.187381314585725));
#3960=DIRECTION('',(0.,1.,0.));
#3961=DIRECTION('',(-0.982287250728689,0.,-0.187381314585725));
#3962=DIRECTION('',(0.,1.,0.));
#3963=DIRECTION('',(0.,1.,0.));
#3964=DIRECTION('',(0.,1.,0.));
#3965=DIRECTION('',(-0.904827052466019,0.,-0.425779291565072));
#3966=DIRECTION('',(0.,1.,0.));
#3967=DIRECTION('',(0.,1.,0.));
#3968=DIRECTION('',(0.,1.,0.));
#3969=DIRECTION('',(-0.904827052466019,0.,-0.425779291565072));
#3970=DIRECTION('',(0.,1.,0.));
#3971=DIRECTION('',(-0.904827052466019,0.,-0.425779291565072));
#3972=DIRECTION('',(0.,1.,0.));
#3973=DIRECTION('',(0.,1.,0.));
#3974=DIRECTION('',(0.,1.,0.));
#3975=DIRECTION('',(-0.587785252292473,0.,-0.809016994374947));
#3976=DIRECTION('',(0.,1.,0.));
#3977=DIRECTION('',(0.,1.,0.));
#3978=DIRECTION('',(0.,1.,0.));
#3979=DIRECTION('',(-0.587785252292473,0.,-0.809016994374947));
#3980=DIRECTION('',(0.,1.,0.));
#3981=DIRECTION('',(-0.587785252292473,0.,-0.809016994374947));
#3982=DIRECTION('',(0.,1.,0.));
#3983=DIRECTION('',(0.,1.,0.));
#3984=DIRECTION('',(0.,1.,0.));
#3985=DIRECTION('',(-0.770513242775789,0.,-0.63742398974869));
#3986=DIRECTION('',(0.,1.,0.));
#3987=DIRECTION('',(0.,1.,0.));
#3988=DIRECTION('',(0.,1.,0.));
#3989=DIRECTION('',(-0.770513242775789,0.,-0.63742398974869));
#3990=DIRECTION('',(0.,1.,0.));
#3991=DIRECTION('',(-0.770513242775789,0.,-0.63742398974869));
#3992=DIRECTION('',(0.,1.,0.));
#3993=DIRECTION('',(0.,1.,0.));
#3994=DIRECTION('',(0.,1.,0.));
#3995=DIRECTION('',(-0.368124552684678,0.,-0.929776485888252));
#3996=DIRECTION('',(0.,1.,0.));
#3997=DIRECTION('',(0.,1.,0.));
#3998=DIRECTION('',(0.,1.,0.));
#3999=DIRECTION('',(-0.368124552684678,0.,-0.929776485888252));
#4000=DIRECTION('',(0.,1.,0.));
#4001=DIRECTION('',(-0.368124552684678,0.,-0.929776485888252));
#4002=DIRECTION('',(0.,1.,0.));
#4003=DIRECTION('',(0.,1.,0.));
#4004=DIRECTION('',(0.,1.,0.));
#4005=DIRECTION('',(-0.125333233564304,0.,-0.992114701314478));
#4006=DIRECTION('',(0.,1.,0.));
#4007=DIRECTION('',(0.,1.,0.));
#4008=DIRECTION('',(0.,1.,0.));
#4009=DIRECTION('',(-0.125333233564304,0.,-0.992114701314478));
#4010=DIRECTION('',(0.,1.,0.));
#4011=DIRECTION('',(-0.125333233564304,0.,-0.992114701314478));
#4012=DIRECTION('',(0.,1.,0.));
#4013=DIRECTION('',(0.,1.,0.));
#4014=DIRECTION('',(0.,1.,0.));
#4015=DIRECTION('',(0.125333233564304,0.,-0.992114701314478));
#4016=DIRECTION('',(0.,1.,0.));
#4017=DIRECTION('',(0.,1.,0.));
#4018=DIRECTION('',(0.,1.,0.));
#4019=DIRECTION('',(0.125333233564304,0.,-0.992114701314478));
#4020=DIRECTION('',(0.,1.,0.));
#4021=DIRECTION('',(0.125333233564304,0.,-0.992114701314478));
#4022=DIRECTION('',(0.,1.,0.));
#4023=DIRECTION('',(0.,1.,0.));
#4024=DIRECTION('',(0.,1.,0.));
#4025=DIRECTION('',(0.368124552684678,0.,-0.929776485888251));
#4026=DIRECTION('',(0.,1.,0.));
#4027=DIRECTION('',(0.,1.,0.));
#4028=DIRECTION('',(0.,1.,0.));
#4029=DIRECTION('',(0.368124552684678,0.,-0.929776485888251));
#4030=DIRECTION('',(0.,1.,0.));
#4031=DIRECTION('',(0.368124552684678,0.,-0.929776485888251));
#4032=DIRECTION('',(0.,1.,0.));
#4033=DIRECTION('',(0.,1.,0.));
#4034=DIRECTION('',(0.,1.,0.));
#4035=DIRECTION('',(0.770513242775789,0.,-0.63742398974869));
#4036=DIRECTION('',(0.,1.,0.));
#4037=DIRECTION('',(0.,1.,0.));
#4038=DIRECTION('',(0.,1.,0.));
#4039=DIRECTION('',(0.770513242775789,0.,-0.63742398974869));
#4040=DIRECTION('',(0.,1.,0.));
#4041=DIRECTION('',(0.770513242775789,0.,-0.63742398974869));
#4042=DIRECTION('',(0.,1.,0.));
#4043=DIRECTION('',(0.,1.,0.));
#4044=DIRECTION('',(0.,1.,0.));
#4045=DIRECTION('',(0.587785252292473,0.,-0.809016994374948));
#4046=DIRECTION('',(0.,1.,0.));
#4047=DIRECTION('',(0.,1.,0.));
#4048=DIRECTION('',(0.,1.,0.));
#4049=DIRECTION('',(0.587785252292473,0.,-0.809016994374948));
#4050=DIRECTION('',(0.,1.,0.));
#4051=DIRECTION('',(0.587785252292473,0.,-0.809016994374948));
#4052=DIRECTION('',(0.,-1.,0.));
#4053=DIRECTION('',(0.,0.,-1.));
#4054=DIRECTION('',(0.,1.,0.));
#4055=DIRECTION('',(0.,0.,1.));
#4056=DIRECTION('',(0.,1.,0.));
#4057=DIRECTION('',(0.,0.,1.));
#4058=DIRECTION('',(0.,1.,0.));
#4059=DIRECTION('',(-1.,0.,0.));
#4060=DIRECTION('',(0.,1.,0.));
#4061=DIRECTION('',(0.,0.,1.));
#4062=DIRECTION('',(0.,-1.,0.));
#4063=DIRECTION('',(1.,0.,0.));
#4064=DIRECTION('',(0.,1.,0.));
#4065=DIRECTION('',(0.,0.,1.));
#4066=DIRECTION('',(0.,-1.,0.));
#4067=DIRECTION('',(1.,0.,0.));
#4068=DIRECTION('',(0.,-1.,0.));
#4069=DIRECTION('',(0.,0.,-1.));
#4070=DIRECTION('',(0.,-1.,0.));
#4071=DIRECTION('',(0.,0.,-1.));
#4072=CARTESIAN_POINT('',(0.,0.,0.));
#4073=CARTESIAN_POINT('',(0.,-0.025,5.35782974626967E-20));
#4074=CARTESIAN_POINT('',(0.,0.,5.35782974626967E-20));
#4075=CARTESIAN_POINT('',(0.,0.,0.000875));
#4076=CARTESIAN_POINT('',(0.,-0.005,5.35782974626967E-20));
#4077=CARTESIAN_POINT('',(0.,-0.005,-0.000875));
#4078=CARTESIAN_POINT('',(0.,-0.008,6.61309271539571E-19));
#4079=CARTESIAN_POINT('',(-0.00932209502737266,-0.008,-0.00545330581396586));
#4080=CARTESIAN_POINT('',(-0.00932209502737266,-0.008,-0.00545330581396586));
#4081=CARTESIAN_POINT('',(-0.00932209502737266,0.,-0.00545330581396586));
#4082=CARTESIAN_POINT('',(0.,-0.008,6.61309271539571E-19));
#4083=CARTESIAN_POINT('',(-0.00959940668604061,-0.008,-0.00494887777945655));
#4084=CARTESIAN_POINT('',(-0.00959940668604061,-0.008,-0.00494887777945655));
#4085=CARTESIAN_POINT('',(-0.00959940668604061,0.,-0.00494887777945655));
#4086=CARTESIAN_POINT('',(0.,0.,6.61309271539571E-19));
#4087=CARTESIAN_POINT('',(0.,-0.008,6.61309271539571E-19));
#4088=CARTESIAN_POINT('',(0.,-0.008,6.61309271539571E-19));
#4089=CARTESIAN_POINT('',(-0.00806708781635883,-0.008,-0.00718067504926626));
#4090=CARTESIAN_POINT('',(-0.00767304226240349,-0.008,-0.00760029094438956));
#4091=CARTESIAN_POINT('',(-0.00806708781635883,-0.008,-0.00718067504926626));
#4092=CARTESIAN_POINT('',(-0.00806708781635883,0.,-0.00718067504926626));
#4093=CARTESIAN_POINT('',(0.,0.,6.61309271539571E-19));
#4094=CARTESIAN_POINT('',(-0.00767304226240349,0.,-0.00760029094438956));
#4095=CARTESIAN_POINT('',(-0.00767304226240349,-0.008,-0.00760029094438956));
#4096=CARTESIAN_POINT('',(0.,-0.008,6.61309271539571E-19));
#4097=CARTESIAN_POINT('',(-0.0103854062775047,-0.008,-0.00296366942339484));
#4098=CARTESIAN_POINT('',(-0.0103854062775047,-0.008,-0.00296366942339484));
#4099=CARTESIAN_POINT('',(-0.0103854062775047,0.,-0.00296366942339484));
#4100=CARTESIAN_POINT('',(0.,-0.008,6.61309271539571E-19));
#4101=CARTESIAN_POINT('',(-0.0105285595294902,-0.008,-0.00240612431806427));
#4102=CARTESIAN_POINT('',(-0.0105285595294902,-0.008,-0.00240612431806427));
#4103=CARTESIAN_POINT('',(-0.0105285595294902,0.,-0.00240612431806427));
#4104=CARTESIAN_POINT('',(0.,0.,6.61309271539571E-19));
#4105=CARTESIAN_POINT('',(0.,-0.008,6.61309271539571E-19));
#4106=CARTESIAN_POINT('',(-0.0107961642563686,-0.008,-0.000287814783338217));
#4107=CARTESIAN_POINT('',(-0.0107961642563686,-0.008,-0.000287814783338217));
#4108=CARTESIAN_POINT('',(-0.0107961642563686,0.,-0.000287814783338217));
#4109=CARTESIAN_POINT('',(0.,-0.008,6.61309271539571E-19));
#4110=CARTESIAN_POINT('',(-0.0107961642563686,-0.008,0.000287814783338215));
#4111=CARTESIAN_POINT('',(-0.0107961642563686,-0.008,0.000287814783338215));
#4112=CARTESIAN_POINT('',(-0.0107961642563686,0.,0.000287814783338215));
#4113=CARTESIAN_POINT('',(0.,0.,6.61309271539571E-19));
#4114=CARTESIAN_POINT('',(0.,-0.008,6.61309271539571E-19));
#4115=CARTESIAN_POINT('',(-0.0105285595294902,-0.008,0.00240612431806427));
#4116=CARTESIAN_POINT('',(-0.0105285595294902,-0.008,0.00240612431806427));
#4117=CARTESIAN_POINT('',(-0.0105285595294902,0.,0.00240612431806427));
#4118=CARTESIAN_POINT('',(0.,-0.008,6.61309271539571E-19));
#4119=CARTESIAN_POINT('',(-0.0103854062775047,-0.008,0.00296366942339484));
#4120=CARTESIAN_POINT('',(-0.0103854062775047,-0.008,0.00296366942339484));
#4121=CARTESIAN_POINT('',(-0.0103854062775047,0.,0.00296366942339484));
#4122=CARTESIAN_POINT('',(0.,0.,6.61309271539571E-19));
#4123=CARTESIAN_POINT('',(0.,-0.008,6.61309271539571E-19));
#4124=CARTESIAN_POINT('',(-0.00959940668604061,-0.008,0.00494887777945655));
#4125=CARTESIAN_POINT('',(-0.00959940668604061,-0.008,0.00494887777945655));
#4126=CARTESIAN_POINT('',(-0.00959940668604061,0.,0.00494887777945655));
#4127=CARTESIAN_POINT('',(0.,-0.008,6.61309271539571E-19));
#4128=CARTESIAN_POINT('',(-0.00932209502737266,-0.008,0.00545330581396587));
#4129=CARTESIAN_POINT('',(-0.00932209502737266,-0.008,0.00545330581396587));
#4130=CARTESIAN_POINT('',(-0.00932209502737266,0.,0.00545330581396587));
#4131=CARTESIAN_POINT('',(0.,0.,6.61309271539571E-19));
#4132=CARTESIAN_POINT('',(0.,-0.008,6.61309271539571E-19));
#4133=CARTESIAN_POINT('',(-0.00602788415050158,-0.008,0.00896128409705505));
#4134=CARTESIAN_POINT('',(-0.00602788415050158,-0.008,0.00896128409705505));
#4135=CARTESIAN_POINT('',(-0.00602788415050158,0.,0.00896128409705505));
#4136=CARTESIAN_POINT('',(0.,-0.008,6.61309271539571E-19));
#4137=CARTESIAN_POINT('',(-0.00554186403261205,-0.008,0.00926972184286243));
#4138=CARTESIAN_POINT('',(-0.00554186403261205,-0.008,0.00926972184286243));
#4139=CARTESIAN_POINT('',(-0.00554186403261205,0.,0.00926972184286243));
#4140=CARTESIAN_POINT('',(0.,0.,6.61309271539571E-19));
#4141=CARTESIAN_POINT('',(0.,-0.008,6.61309271539571E-19));
#4142=CARTESIAN_POINT('',(0.,-0.008,6.61309271539571E-19));
#4143=CARTESIAN_POINT('',(-0.00767304226240349,-0.008,0.00760029094438956));
#4144=CARTESIAN_POINT('',(-0.00806708781635882,-0.008,0.00718067504926626));
#4145=CARTESIAN_POINT('',(-0.00767304226240349,-0.008,0.00760029094438956));
#4146=CARTESIAN_POINT('',(-0.00767304226240349,0.,0.00760029094438956));
#4147=CARTESIAN_POINT('',(0.,0.,6.61309271539571E-19));
#4148=CARTESIAN_POINT('',(-0.00806708781635882,0.,0.00718067504926626));
#4149=CARTESIAN_POINT('',(-0.00806708781635882,-0.008,0.00718067504926626));
#4150=CARTESIAN_POINT('',(0.,-0.008,6.61309271539571E-19));
#4151=CARTESIAN_POINT('',(-0.00360992635446117,-0.008,0.0101788227077284));
#4152=CARTESIAN_POINT('',(-0.00360992635446117,-0.008,0.0101788227077284));
#4153=CARTESIAN_POINT('',(-0.00360992635446117,0.,0.0101788227077284));
#4154=CARTESIAN_POINT('',(0.,-0.008,6.61309271539571E-19));
#4155=CARTESIAN_POINT('',(-0.00306247010410139,-0.008,0.0103567020262961));
#4156=CARTESIAN_POINT('',(-0.00306247010410139,-0.008,0.0103567020262961));
#4157=CARTESIAN_POINT('',(-0.00306247010410139,0.,0.0103567020262961));
#4158=CARTESIAN_POINT('',(0.,0.,6.61309271539571E-19));
#4159=CARTESIAN_POINT('',(0.,-0.008,6.61309271539571E-19));
#4160=CARTESIAN_POINT('',(-0.000965143609189522,-0.008,0.0107567884525838));
#4161=CARTESIAN_POINT('',(-0.000965143609189522,-0.008,0.0107567884525838));
#4162=CARTESIAN_POINT('',(-0.000965143609189522,0.,0.0107567884525838));
#4163=CARTESIAN_POINT('',(0.,-0.008,6.61309271539571E-19));
#4164=CARTESIAN_POINT('',(-0.000390649915972859,-0.008,0.0107929325321319));
#4165=CARTESIAN_POINT('',(-0.000390649915972859,-0.008,0.0107929325321319));
#4166=CARTESIAN_POINT('',(-0.000390649915972859,0.,0.0107929325321319));
#4167=CARTESIAN_POINT('',(0.,0.,6.61309271539571E-19));
#4168=CARTESIAN_POINT('',(0.,-0.008,6.61309271539571E-19));
#4169=CARTESIAN_POINT('',(0.0017402826585974,-0.008,0.0106588656182628));
#4170=CARTESIAN_POINT('',(0.0017402826585974,-0.008,0.0106588656182628));
#4171=CARTESIAN_POINT('',(0.0017402826585974,0.,0.0106588656182628));
#4172=CARTESIAN_POINT('',(0.,-0.008,6.61309271539571E-19));
#4173=CARTESIAN_POINT('',(0.00230571624308614,-0.008,0.0105510033933446));
#4174=CARTESIAN_POINT('',(0.00230571624308614,-0.008,0.0105510033933446));
#4175=CARTESIAN_POINT('',(0.00230571624308614,0.,0.0105510033933446));
#4176=CARTESIAN_POINT('',(0.,0.,6.61309271539571E-19));
#4177=CARTESIAN_POINT('',(0.,-0.008,6.61309271539571E-19));
#4178=CARTESIAN_POINT('',(0.00433636056663274,-0.008,0.00989120705658074));
#4179=CARTESIAN_POINT('',(0.00433636056663274,-0.008,0.00989120705658074));
#4180=CARTESIAN_POINT('',(0.00433636056663274,0.,0.00989120705658074));
#4181=CARTESIAN_POINT('',(0.,-0.008,6.61309271539571E-19));
#4182=CARTESIAN_POINT('',(0.00485720577076087,-0.008,0.00964611590747734));
#4183=CARTESIAN_POINT('',(0.00485720577076087,-0.008,0.00964611590747734));
#4184=CARTESIAN_POINT('',(0.00485720577076087,0.,0.00964611590747734));
#4185=CARTESIAN_POINT('',(0.,0.,6.61309271539571E-19));
#4186=CARTESIAN_POINT('',(0.,-0.008,6.61309271539571E-19));
#4187=CARTESIAN_POINT('',(0.0106749605190858,-0.008,0.00163866345414753));
#4188=CARTESIAN_POINT('',(0.0106749605190858,-0.008,0.00163866345414753));
#4189=CARTESIAN_POINT('',(0.0106749605190858,0.,0.00163866345414753));
#4190=CARTESIAN_POINT('',(0.,-0.008,6.61309271539571E-19));
#4191=CARTESIAN_POINT('',(0.0107471060340126,-0.008,0.00106757289853656));
#4192=CARTESIAN_POINT('',(0.0107471060340126,-0.008,0.00106757289853656));
#4193=CARTESIAN_POINT('',(0.0107471060340126,0.,0.00106757289853656));
#4194=CARTESIAN_POINT('',(0.,0.,6.61309271539571E-19));
#4195=CARTESIAN_POINT('',(0.,-0.008,6.61309271539571E-19));
#4196=CARTESIAN_POINT('',(0.,-0.008,6.61309271539571E-19));
#4197=CARTESIAN_POINT('',(0.0101439713517312,-0.008,0.00370672971974712));
#4198=CARTESIAN_POINT('',(0.00993206797498637,-0.008,0.00424193655542492));
#4199=CARTESIAN_POINT('',(0.0101439713517312,-0.008,0.00370672971974712));
#4200=CARTESIAN_POINT('',(0.0101439713517312,0.,0.00370672971974712));
#4201=CARTESIAN_POINT('',(0.,0.,6.61309271539571E-19));
#4202=CARTESIAN_POINT('',(0.00993206797498637,0.,0.00424193655542492));
#4203=CARTESIAN_POINT('',(0.00993206797498637,-0.008,0.00424193655542492));
#4204=CARTESIAN_POINT('',(0.,-0.008,6.61309271539571E-19));
#4205=CARTESIAN_POINT('',(0.00665996899224796,-0.008,0.00850204757821877));
#4206=CARTESIAN_POINT('',(0.00665996899224796,-0.008,0.00850204757821877));
#4207=CARTESIAN_POINT('',(0.00665996899224796,0.,0.00850204757821877));
#4208=CARTESIAN_POINT('',(0.,-0.008,6.61309271539571E-19));
#4209=CARTESIAN_POINT('',(0.00710349919630544,-0.008,0.00813512748321057));
#4210=CARTESIAN_POINT('',(0.00710349919630544,-0.008,0.00813512748321057));
#4211=CARTESIAN_POINT('',(0.00710349919630544,0.,0.00813512748321057));
#4212=CARTESIAN_POINT('',(0.,0.,6.61309271539571E-19));
#4213=CARTESIAN_POINT('',(0.,-0.008,6.61309271539571E-19));
#4214=CARTESIAN_POINT('',(0.,-0.008,6.61309271539571E-19));
#4215=CARTESIAN_POINT('',(0.00890345364250356,-0.008,0.00611297908026767));
#4216=CARTESIAN_POINT('',(0.00856510707242764,-0.008,0.00657867318217359));
#4217=CARTESIAN_POINT('',(0.00890345364250356,-0.008,0.00611297908026767));
#4218=CARTESIAN_POINT('',(0.00890345364250356,0.,0.00611297908026767));
#4219=CARTESIAN_POINT('',(0.,0.,6.61309271539571E-19));
#4220=CARTESIAN_POINT('',(0.00856510707242764,0.,0.00657867318217359));
#4221=CARTESIAN_POINT('',(0.00856510707242764,-0.008,0.00657867318217359));
#4222=CARTESIAN_POINT('',(0.,-0.008,6.61309271539571E-19));
#4223=CARTESIAN_POINT('',(0.,-0.008,6.61309271539571E-19));
#4224=CARTESIAN_POINT('',(-0.00602788415050158,-0.008,-0.00896128409705506));
#4225=CARTESIAN_POINT('',(-0.00554186403261204,-0.008,-0.00926972184286244));
#4226=CARTESIAN_POINT('',(-0.00602788415050158,-0.008,-0.00896128409705506));
#4227=CARTESIAN_POINT('',(-0.00602788415050158,0.,-0.00896128409705506));
#4228=CARTESIAN_POINT('',(0.,0.,6.61309271539571E-19));
#4229=CARTESIAN_POINT('',(-0.00554186403261204,0.,-0.00926972184286244));
#4230=CARTESIAN_POINT('',(-0.00554186403261204,-0.008,-0.00926972184286244));
#4231=CARTESIAN_POINT('',(0.,-0.008,6.61309271539571E-19));
#4232=CARTESIAN_POINT('',(0.,-0.008,6.61309271539571E-19));
#4233=CARTESIAN_POINT('',(-0.00360992635446116,-0.008,-0.0101788227077284));
#4234=CARTESIAN_POINT('',(-0.00306247010410139,-0.008,-0.0103567020262961));
#4235=CARTESIAN_POINT('',(-0.00360992635446116,-0.008,-0.0101788227077284));
#4236=CARTESIAN_POINT('',(-0.00360992635446116,0.,-0.0101788227077284));
#4237=CARTESIAN_POINT('',(0.,0.,6.61309271539571E-19));
#4238=CARTESIAN_POINT('',(-0.00306247010410139,0.,-0.0103567020262961));
#4239=CARTESIAN_POINT('',(-0.00306247010410139,-0.008,-0.0103567020262961));
#4240=CARTESIAN_POINT('',(0.,-0.008,6.61309271539571E-19));
#4241=CARTESIAN_POINT('',(0.,-0.008,6.61309271539571E-19));
#4242=CARTESIAN_POINT('',(-0.000965143609189523,-0.008,-0.0107567884525838));
#4243=CARTESIAN_POINT('',(-0.000390649915972854,-0.008,-0.0107929325321319));
#4244=CARTESIAN_POINT('',(-0.000965143609189523,-0.008,-0.0107567884525838));
#4245=CARTESIAN_POINT('',(-0.000965143609189523,0.,-0.0107567884525838));
#4246=CARTESIAN_POINT('',(0.,0.,6.61309271539571E-19));
#4247=CARTESIAN_POINT('',(-0.000390649915972854,0.,-0.0107929325321319));
#4248=CARTESIAN_POINT('',(-0.000390649915972854,-0.008,-0.0107929325321319));
#4249=CARTESIAN_POINT('',(0.,-0.008,6.61309271539571E-19));
#4250=CARTESIAN_POINT('',(0.,-0.008,6.61309271539571E-19));
#4251=CARTESIAN_POINT('',(0.00174028265859741,-0.008,-0.0106588656182628));
#4252=CARTESIAN_POINT('',(0.00230571624308614,-0.008,-0.0105510033933446));
#4253=CARTESIAN_POINT('',(0.00174028265859741,-0.008,-0.0106588656182628));
#4254=CARTESIAN_POINT('',(0.00174028265859741,0.,-0.0106588656182628));
#4255=CARTESIAN_POINT('',(0.,0.,6.61309271539571E-19));
#4256=CARTESIAN_POINT('',(0.00230571624308614,0.,-0.0105510033933446));
#4257=CARTESIAN_POINT('',(0.00230571624308614,-0.008,-0.0105510033933446));
#4258=CARTESIAN_POINT('',(0.,-0.008,6.61309271539571E-19));
#4259=CARTESIAN_POINT('',(0.0101439713517312,-0.008,-0.00370672971974712));
#4260=CARTESIAN_POINT('',(0.0101439713517312,-0.008,-0.00370672971974712));
#4261=CARTESIAN_POINT('',(0.0101439713517312,0.,-0.00370672971974712));
#4262=CARTESIAN_POINT('',(0.,-0.008,6.61309271539571E-19));
#4263=CARTESIAN_POINT('',(0.00993206797498637,-0.008,-0.00424193655542492));
#4264=CARTESIAN_POINT('',(0.00993206797498637,-0.008,-0.00424193655542492));
#4265=CARTESIAN_POINT('',(0.00993206797498637,0.,-0.00424193655542492));
#4266=CARTESIAN_POINT('',(0.,0.,6.61309271539571E-19));
#4267=CARTESIAN_POINT('',(0.,-0.008,6.61309271539571E-19));
#4268=CARTESIAN_POINT('',(0.00890345364250356,-0.008,-0.00611297908026767));
#4269=CARTESIAN_POINT('',(0.00890345364250356,-0.008,-0.00611297908026767));
#4270=CARTESIAN_POINT('',(0.00890345364250356,0.,-0.00611297908026767));
#4271=CARTESIAN_POINT('',(0.,-0.008,6.61309271539571E-19));
#4272=CARTESIAN_POINT('',(0.00856510707242765,-0.008,-0.00657867318217358));
#4273=CARTESIAN_POINT('',(0.00856510707242765,-0.008,-0.00657867318217358));
#4274=CARTESIAN_POINT('',(0.00856510707242765,0.,-0.00657867318217358));
#4275=CARTESIAN_POINT('',(0.,0.,6.61309271539571E-19));
#4276=CARTESIAN_POINT('',(0.,-0.008,6.61309271539571E-19));
#4277=CARTESIAN_POINT('',(0.,-0.008,6.61309271539571E-19));
#4278=CARTESIAN_POINT('',(0.00433636056663274,-0.008,-0.00989120705658074));
#4279=CARTESIAN_POINT('',(0.00485720577076087,-0.008,-0.00964611590747734));
#4280=CARTESIAN_POINT('',(0.00433636056663274,-0.008,-0.00989120705658074));
#4281=CARTESIAN_POINT('',(0.00433636056663274,0.,-0.00989120705658074));
#4282=CARTESIAN_POINT('',(0.,0.,6.61309271539571E-19));
#4283=CARTESIAN_POINT('',(0.00485720577076087,0.,-0.00964611590747734));
#4284=CARTESIAN_POINT('',(0.00485720577076087,-0.008,-0.00964611590747734));
#4285=CARTESIAN_POINT('',(0.,-0.008,6.61309271539571E-19));
#4286=CARTESIAN_POINT('',(0.,-0.008,6.61309271539571E-19));
#4287=CARTESIAN_POINT('',(0.00665996899224796,-0.008,-0.00850204757821877));
#4288=CARTESIAN_POINT('',(0.00710349919630544,-0.008,-0.00813512748321057));
#4289=CARTESIAN_POINT('',(0.00665996899224796,-0.008,-0.00850204757821877));
#4290=CARTESIAN_POINT('',(0.00665996899224796,0.,-0.00850204757821877));
#4291=CARTESIAN_POINT('',(0.,0.,6.61309271539571E-19));
#4292=CARTESIAN_POINT('',(0.00710349919630544,0.,-0.00813512748321057));
#4293=CARTESIAN_POINT('',(0.00710349919630544,-0.008,-0.00813512748321057));
#4294=CARTESIAN_POINT('',(0.,-0.008,0.));
#4295=CARTESIAN_POINT('',(0.,-0.008,2.37275317334799E-19));
#4296=CARTESIAN_POINT('',(0.,-0.008,-0.003));
#4297=CARTESIAN_POINT('',(-0.00744167669878675,-0.008,-0.00558289464602047));
#4298=CARTESIAN_POINT('',(-0.00725195662309166,-0.008,-0.00581924758493124));
#4299=CARTESIAN_POINT('',(-0.00719923971073572,-0.008,-0.00540101357037417));
#4300=CARTESIAN_POINT('',(-0.00701934950966304,-0.008,-0.00563282632975608));
#4301=CARTESIAN_POINT('',(-0.00716479042920036,-0.008,-0.00574932523630475));
#4302=CARTESIAN_POINT('',(-0.00732752438059943,-0.008,-0.00587967594817214));
#4303=CARTESIAN_POINT('',(-0.00733419649602137,-0.008,-0.00588571534518549));
#4304=CARTESIAN_POINT('',(-0.00734220712927763,-0.008,-0.00589275794949649));
#4305=CARTESIAN_POINT('',(-0.00735151669955506,-0.008,-0.00590140373840031));
#4306=CARTESIAN_POINT('',(-0.00736381524446563,-0.008,-0.00591322354015248));
#4307=CARTESIAN_POINT('',(-0.00737838563175519,-0.008,-0.00592782528675812));
#4308=CARTESIAN_POINT('',(-0.00739530871901897,-0.008,-0.00594546675122895));
#4309=CARTESIAN_POINT('',(-0.00741440933449286,-0.008,-0.00596619610966423));
#4310=CARTESIAN_POINT('',(-0.00743558719798558,-0.008,-0.00599012155978001));
#4311=CARTESIAN_POINT('',(-0.00745871586498042,-0.008,-0.00601732878205112));
#4312=CARTESIAN_POINT('',(-0.00748367307445644,-0.008,-0.00604790552712054));
#4313=CARTESIAN_POINT('',(-0.0075103318975311,-0.008,-0.00608193424810788));
#4314=CARTESIAN_POINT('',(-0.00753856343883539,-0.008,-0.00611949415219399));
#4315=CARTESIAN_POINT('',(-0.00756823617813201,-0.008,-0.00616066051432666));
#4316=CARTESIAN_POINT('',(-0.00759921628650847,-0.008,-0.00620550478658341));
#4317=CARTESIAN_POINT('',(-0.00763136766600654,-0.008,-0.00625409448321621));
#4318=CARTESIAN_POINT('',(-0.00766455207060351,-0.008,-0.00630649313350852));
#4319=CARTESIAN_POINT('',(-0.00769862920666801,-0.008,-0.00636276021840463));
#4320=CARTESIAN_POINT('',(-0.00773345684003164,-0.008,-0.00642295111728115));
#4321=CARTESIAN_POINT('',(-0.00776889090796289,-0.008,-0.00648711704734864));
#4322=CARTESIAN_POINT('',(-0.00780478561273206,-0.008,-0.00655530503968428));
#4323=CARTESIAN_POINT('',(-0.00784099359499677,-0.008,-0.00662755778814954));
#4324=CARTESIAN_POINT('',(-0.00787736580422402,-0.008,-0.00670391400299255));
#4325=CARTESIAN_POINT('',(-0.0079137525451075,-0.008,-0.00678440682917746));
#4326=CARTESIAN_POINT('',(-0.00794999999499083,-0.008,-0.00686906974052262));
#4327=CARTESIAN_POINT('',(-0.0079859641660829,-0.008,-0.00695791366086475));
#4328=CARTESIAN_POINT('',(-0.00802145778293506,-0.008,-0.00705101475485829));
#4329=CARTESIAN_POINT('',(-0.0080484106013898,-0.008,-0.00712584383584538));
#4330=CARTESIAN_POINT('',(-0.00806340175250743,-0.008,-0.00716977435191765));
#4331=CARTESIAN_POINT('',(-0.00806708781635883,-0.008,-0.00718067504926626));
#4332=CARTESIAN_POINT('',(-0.00606245983616066,-0.008,-0.00665181033515981));
#4333=CARTESIAN_POINT('',(-0.00618786116962747,-0.008,-0.00678964923339846));
#4334=CARTESIAN_POINT('',(-0.00632817281349418,-0.008,-0.00694387727759831));
#4335=CARTESIAN_POINT('',(-0.0063346192387308,-0.008,-0.00695015701024845));
#4336=CARTESIAN_POINT('',(-0.00634215093789484,-0.008,-0.00695770962756631));
#4337=CARTESIAN_POINT('',(-0.00635136421906352,-0.008,-0.00696645795395635));
#4338=CARTESIAN_POINT('',(-0.0063639329291613,-0.008,-0.00697799005900512));
#4339=CARTESIAN_POINT('',(-0.00637942074474312,-0.008,-0.00699161484370825));
#4340=CARTESIAN_POINT('',(-0.00639809000725495,-0.008,-0.00700739682040565));
#4341=CARTESIAN_POINT('',(-0.00641997779860547,-0.008,-0.00702515813799237));
#4342=CARTESIAN_POINT('',(-0.00644518580636193,-0.008,-0.00704479192036636));
#4343=CARTESIAN_POINT('',(-0.0064737916024114,-0.008,-0.00706616659259877));
#4344=CARTESIAN_POINT('',(-0.00650587508740802,-0.008,-0.0070891546250144));
#4345=CARTESIAN_POINT('',(-0.00654151058183851,-0.008,-0.00711362416192164));
#4346=CARTESIAN_POINT('',(-0.00658076904317927,-0.008,-0.00713944158883701));
#4347=CARTESIAN_POINT('',(-0.00662371733961613,-0.008,-0.00716647091849527));
#4348=CARTESIAN_POINT('',(-0.00667041837904531,-0.008,-0.00719457409955167));
#4349=CARTESIAN_POINT('',(-0.00672093099683333,-0.008,-0.00722361106335125));
#4350=CARTESIAN_POINT('',(-0.00677530991636353,-0.008,-0.00725343984763151));
#4351=CARTESIAN_POINT('',(-0.00683360569209815,-0.008,-0.00728391670075914));
#4352=CARTESIAN_POINT('',(-0.00689586466317793,-0.008,-0.00731489619193255));
#4353=CARTESIAN_POINT('',(-0.00696212889997418,-0.008,-0.00734623132673986));
#4354=CARTESIAN_POINT('',(-0.00703243618604382,-0.008,-0.00737777364204412));
#4355=CARTESIAN_POINT('',(-0.00710681987823206,-0.008,-0.00740937338851321));
#4356=CARTESIAN_POINT('',(-0.00718530925144081,-0.008,-0.00744087937909469));
#4357=CARTESIAN_POINT('',(-0.00726792798578413,-0.008,-0.00747214013268227));
#4358=CARTESIAN_POINT('',(-0.00735469983042294,-0.008,-0.00750300002831497));
#4359=CARTESIAN_POINT('',(-0.00744562664657005,-0.008,-0.00753331467641532));
#4360=CARTESIAN_POINT('',(-0.00754077268946363,-0.008,-0.00756289238866177));
#4361=CARTESIAN_POINT('',(-0.00761714649382602,-0.008,-0.00758509346501499));
#4362=CARTESIAN_POINT('',(-0.00766193162522682,-0.008,-0.00759729661459293));
#4363=CARTESIAN_POINT('',(-0.00767304226240349,-0.008,-0.00760029094438956));
#4364=CARTESIAN_POINT('',(-0.00626311875307102,-0.008,-0.00687225296412036));
#4365=CARTESIAN_POINT('',(-0.00603914482481353,-0.008,-0.00707643939440999));
#4366=CARTESIAN_POINT('',(-0.00584239990549039,-0.008,-0.0068459012076078));
#4367=CARTESIAN_POINT('',(3.20691568466599E-17,-0.008,3.4257534434071E-17));
#4368=CARTESIAN_POINT('',(-0.00562988490135497,-0.008,-0.00702170890862725));
#4369=CARTESIAN_POINT('',(-0.00581947330143604,-0.008,-0.00725816748302923));
#4370=CARTESIAN_POINT('',(-0.00557693504508092,-0.008,-0.00743991349552394));
#4371=CARTESIAN_POINT('',(-0.00539799679276987,-0.008,-0.00720150197009251));
#4372=CARTESIAN_POINT('',(-0.00550989631844836,-0.008,-0.00735051053513434));
#4373=CARTESIAN_POINT('',(-0.00563510077969127,-0.008,-0.00751723632770155));
#4374=CARTESIAN_POINT('',(-0.00564006134137627,-0.008,-0.00752474527358348));
#4375=CARTESIAN_POINT('',(-0.00564606888138682,-0.008,-0.00753355878501022));
#4376=CARTESIAN_POINT('',(-0.00565293585412793,-0.008,-0.00754424814653899));
#4377=CARTESIAN_POINT('',(-0.00566190855247063,-0.008,-0.00755875513123012));
#4378=CARTESIAN_POINT('',(-0.00567238987753465,-0.008,-0.0075765216450864));
#4379=CARTESIAN_POINT('',(-0.005684394041084,-0.008,-0.00759781747117261));
#4380=CARTESIAN_POINT('',(-0.00569773939378893,-0.008,-0.007622645708601));
#4381=CARTESIAN_POINT('',(-0.005712301898267,-0.008,-0.00765108621718797));
#4382=CARTESIAN_POINT('',(-0.00572793777462087,-0.008,-0.00768319054012606));
#4383=CARTESIAN_POINT('',(-0.00574450678018693,-0.008,-0.00771901326613096));
#4384=CARTESIAN_POINT('',(-0.00576186546852984,-0.008,-0.00775860269197643));
#4385=CARTESIAN_POINT('',(-0.00577986929574079,-0.008,-0.0078020034814293));
#4386=CARTESIAN_POINT('',(-0.00579837215341429,-0.008,-0.00784925583678348));
#4387=CARTESIAN_POINT('',(-0.00581722664771015,-0.008,-0.00790039568342093));
#4388=CARTESIAN_POINT('',(-0.00583628416632606,-0.008,-0.00795545456832338));
#4389=CARTESIAN_POINT('',(-0.00585539500740198,-0.008,-0.00801445964449723));
#4390=CARTESIAN_POINT('',(-0.00587440849257963,-0.008,-0.00807743363457618));
#4391=CARTESIAN_POINT('',(-0.00589317308394765,-0.008,-0.0081443948058926));
#4392=CARTESIAN_POINT('',(-0.00591153650756784,-0.008,-0.00821535693962974));
#4393=CARTESIAN_POINT('',(-0.00592934585006098,-0.008,-0.00829032933087607));
#4394=CARTESIAN_POINT('',(-0.00594644776411786,-0.008,-0.00836931668540866));
#4395=CARTESIAN_POINT('',(-0.00596268825505477,-0.008,-0.00845231942996178));
#4396=CARTESIAN_POINT('',(-0.00597791408770136,-0.008,-0.00853933244048074));
#4397=CARTESIAN_POINT('',(-0.00599196794742273,-0.008,-0.00863034988500329));
#4398=CARTESIAN_POINT('',(-0.00600470765342128,-0.008,-0.0087253465358662));
#4399=CARTESIAN_POINT('',(-0.00601593287247166,-0.008,-0.00882434959136103));
#4400=CARTESIAN_POINT('',(-0.00602342968286455,-0.008,-0.00890353067254814));
#4401=CARTESIAN_POINT('',(-0.00602702478431792,-0.008,-0.00894980917835535));
#4402=CARTESIAN_POINT('',(-0.00602788415050158,-0.008,-0.00896128409705506));
#4403=CARTESIAN_POINT('',(-0.00421775855063094,-0.008,-0.00795050393425345));
#4404=CARTESIAN_POINT('',(-0.00430494103056008,-0.008,-0.00811519841350611));
#4405=CARTESIAN_POINT('',(-0.00440248957120993,-0.008,-0.00829947518697302));
#4406=CARTESIAN_POINT('',(-0.00440717176413941,-0.008,-0.00830716079103905));
#4407=CARTESIAN_POINT('',(-0.0044125885815758,-0.008,-0.00831634918641084));
#4408=CARTESIAN_POINT('',(-0.00441933679027171,-0.008,-0.00832711391789454));
#4409=CARTESIAN_POINT('',(-0.00442864271332618,-0.008,-0.00834140943175317));
#4410=CARTESIAN_POINT('',(-0.00444025560453093,-0.008,-0.0083584578319001));
#4411=CARTESIAN_POINT('',(-0.00445441351982646,-0.008,-0.00837838684556605));
#4412=CARTESIAN_POINT('',(-0.00447119660589634,-0.008,-0.00840103343106124));
#4413=CARTESIAN_POINT('',(-0.00449072993461163,-0.008,-0.00842631935866257));
#4414=CARTESIAN_POINT('',(-0.00451312136215017,-0.008,-0.00845413647845332));
#4415=CARTESIAN_POINT('',(-0.00453847999428063,-0.008,-0.00848438113782225));
#4416=CARTESIAN_POINT('',(-0.00456691060775206,-0.008,-0.00851694410632019));
#4417=CARTESIAN_POINT('',(-0.00459851515935206,-0.008,-0.00855171361361519));
#4418=CARTESIAN_POINT('',(-0.00463339223513711,-0.008,-0.00858857457417358));
#4419=CARTESIAN_POINT('',(-0.00467163709860953,-0.008,-0.00862740891834509));
#4420=CARTESIAN_POINT('',(-0.00471334157037261,-0.008,-0.00866809560974976));
#4421=CARTESIAN_POINT('',(-0.00475859395915301,-0.008,-0.00871051075528268));
#4422=CARTESIAN_POINT('',(-0.00480747898072904,-0.008,-0.00875452769191592));
#4423=CARTESIAN_POINT('',(-0.00486007768558177,-0.008,-0.00880001708189965));
#4424=CARTESIAN_POINT('',(-0.00491646737838813,-0.008,-0.00884684701139763));
#4425=CARTESIAN_POINT('',(-0.0049767215769459,-0.008,-0.00889488307790386));
#4426=CARTESIAN_POINT('',(-0.00504090983127817,-0.008,-0.00894398853224696));
#4427=CARTESIAN_POINT('',(-0.00510909809525298,-0.008,-0.00899402421756579));
#4428=CARTESIAN_POINT('',(-0.00518134697684929,-0.008,-0.00904484930081645));
#4429=CARTESIAN_POINT('',(-0.0052577181804637,-0.008,-0.00909631895633278));
#4430=CARTESIAN_POINT('',(-0.00533824941706332,-0.008,-0.00914829379366621));
#4431=CARTESIAN_POINT('',(-0.0054230505941369,-0.008,-0.00920060412636421));
#4432=CARTESIAN_POINT('',(-0.00549150379182042,-0.008,-0.00924110110786811));
#4433=CARTESIAN_POINT('',(-0.00553184711607258,-0.008,-0.00926405848233676));
#4434=CARTESIAN_POINT('',(-0.00554186403261204,-0.008,-0.00926972184286244));
#4435=CARTESIAN_POINT('',(-0.0043572915461581,-0.008,-0.00821392279606463));
#4436=CARTESIAN_POINT('',(-0.00408957507040675,-0.008,-0.0083559942832279));
#4437=CARTESIAN_POINT('',(-0.00395634377017576,-0.008,-0.00808377040570744));
#4438=CARTESIAN_POINT('',(2.25421429403124E-17,-0.008,4.11565459922934E-17));
#4439=CARTESIAN_POINT('',(-0.00370678371835378,-0.008,-0.00820120445211234));
#4440=CARTESIAN_POINT('',(-0.00383161099403043,-0.008,-0.0084773829634065));
#4441=CARTESIAN_POINT('',(-0.00355149412765539,-0.008,-0.00859310227910504));
#4442=CARTESIAN_POINT('',(-0.00343746808494346,-0.008,-0.00831768075637645));
#4443=CARTESIAN_POINT('',(-0.00350879515802709,-0.008,-0.0084898362237547));
#4444=CARTESIAN_POINT('',(-0.00358860307234413,-0.008,-0.00868246110230016));
#4445=CARTESIAN_POINT('',(-0.00359154038995786,-0.008,-0.00869096778236494));
#4446=CARTESIAN_POINT('',(-0.00359516736088964,-0.008,-0.00870099841557066));
#4447=CARTESIAN_POINT('',(-0.00359916025894216,-0.008,-0.00871305969782679));
#4448=CARTESIAN_POINT('',(-0.00360424332308085,-0.008,-0.00872934233825578));
#4449=CARTESIAN_POINT('',(-0.00360997700571795,-0.008,-0.00874915728395644));
#4450=CARTESIAN_POINT('',(-0.00361630797980881,-0.008,-0.00877276937658446));
#4451=CARTESIAN_POINT('',(-0.00362305953215357,-0.008,-0.00880013644353647));
#4452=CARTESIAN_POINT('',(-0.00363009166190348,-0.008,-0.00883130498884323));
#4453=CARTESIAN_POINT('',(-0.00363725228800035,-0.008,-0.00886628917976667));
#4454=CARTESIAN_POINT('',(-0.00364439199810018,-0.008,-0.0089051070130854));
#4455=CARTESIAN_POINT('',(-0.00365135984148198,-0.008,-0.0089477695945634));
#4456=CARTESIAN_POINT('',(-0.00365800470792248,-0.008,-0.00899428423816476));
#4457=CARTESIAN_POINT('',(-0.00366417508137647,-0.008,-0.00904465354747154));
#4458=CARTESIAN_POINT('',(-0.00366971926437315,-0.008,-0.00909887566384626));
#4459=CARTESIAN_POINT('',(-0.00367448546812359,-0.008,-0.00915694418478753));
#4460=CARTESIAN_POINT('',(-0.00367832194124891,-0.008,-0.00921884818090142));
#4461=CARTESIAN_POINT('',(-0.0036810770883393,-0.008,-0.00928457218876442));
#4462=CARTESIAN_POINT('',(-0.00368259958942472,-0.008,-0.00935409621586096));
#4463=CARTESIAN_POINT('',(-0.00368273852729184,-0.008,-0.00942739574142457));
#4464=CARTESIAN_POINT('',(-0.00368134348102194,-0.008,-0.00950444174051042));
#4465=CARTESIAN_POINT('',(-0.00367826475071433,-0.008,-0.00958520063512989));
#4466=CARTESIAN_POINT('',(-0.003673353073587,-0.008,-0.00966963454169011));
#4467=CARTESIAN_POINT('',(-0.00366646130293482,-0.008,-0.00975770038908075));
#4468=CARTESIAN_POINT('',(-0.00365743851680145,-0.008,-0.00984935340600259));
#4469=CARTESIAN_POINT('',(-0.00364615327512525,-0.008,-0.00994453379843931));
#4470=CARTESIAN_POINT('',(-0.00363240477457744,-0.008,-0.0100432180893509));
#4471=CARTESIAN_POINT('',(-0.00361997452474015,-0.008,-0.0101217759321994));
#4472=CARTESIAN_POINT('',(-0.00361194768308308,-0.008,-0.0101674945790213));
#4473=CARTESIAN_POINT('',(-0.00360992635446116,-0.008,-0.0101788227077284));
#4474=CARTESIAN_POINT('',(-0.00210803998353421,-0.008,-0.00874963813124983));
#4475=CARTESIAN_POINT('',(-0.00215152561407699,-0.008,-0.00893083983168114));
#4476=CARTESIAN_POINT('',(-0.00220018171794252,-0.008,-0.00913358654701561));
#4477=CARTESIAN_POINT('',(-0.00220280547916319,-0.008,-0.00914219510772838));
#4478=CARTESIAN_POINT('',(-0.00220576705631076,-0.008,-0.00915244194048034));
#4479=CARTESIAN_POINT('',(-0.00220962617776335,-0.008,-0.00916454668938868));
#4480=CARTESIAN_POINT('',(-0.00221508458840419,-0.008,-0.00918070737234621));
#4481=CARTESIAN_POINT('',(-0.00222209287456826,-0.008,-0.00920010817425607));
#4482=CARTESIAN_POINT('',(-0.00223084984876031,-0.008,-0.00922293201166815));
#4483=CARTESIAN_POINT('',(-0.00224147368652789,-0.008,-0.00924904089681685));
#4484=CARTESIAN_POINT('',(-0.00225410498532028,-0.008,-0.00927839016181917));
#4485=CARTESIAN_POINT('',(-0.00226887510860573,-0.008,-0.00931090187722761));
#4486=CARTESIAN_POINT('',(-0.00228591551175075,-0.008,-0.0093465027803696));
#4487=CARTESIAN_POINT('',(-0.00230535484425823,-0.008,-0.00938511312938931));
#4488=CARTESIAN_POINT('',(-0.00232731965590704,-0.008,-0.00942665002104729));
#4489=CARTESIAN_POINT('',(-0.00235193405609979,-0.008,-0.0094710265027888));
#4490=CARTESIAN_POINT('',(-0.00237931967818871,-0.008,-0.00951815190540838));
#4491=CARTESIAN_POINT('',(-0.00240959555858765,-0.008,-0.00956793182996201));
#4492=CARTESIAN_POINT('',(-0.00244287804260453,-0.008,-0.00962026823716176));
#4493=CARTESIAN_POINT('',(-0.00247928068432982,-0.008,-0.00967505951128897));
#4494=CARTESIAN_POINT('',(-0.00251891415288509,-0.008,-0.00973220053441207));
#4495=CARTESIAN_POINT('',(-0.00256188612991576,-0.008,-0.00979158276190193));
#4496=CARTESIAN_POINT('',(-0.00260830124806684,-0.008,-0.00985309429688727));
#4497=CARTESIAN_POINT('',(-0.00265826088045556,-0.008,-0.00991661998281076));
#4498=CARTESIAN_POINT('',(-0.00271186351579199,-0.008,-0.00998204143673997));
#4499=CARTESIAN_POINT('',(-0.00276920288169781,-0.008,-0.0100492373227515));
#4500=CARTESIAN_POINT('',(-0.00283037476069108,-0.008,-0.0101180827104032));
#4501=CARTESIAN_POINT('',(-0.00289545034397447,-0.008,-0.01018845196679));
#4502=CARTESIAN_POINT('',(-0.00296457828539561,-0.008,-0.0102602080693522));
#4503=CARTESIAN_POINT('',(-0.00302080971023656,-0.008,-0.0103164563817214));
#4504=CARTESIAN_POINT('',(-0.00305417630790494,-0.008,-0.0103487254848116));
#4505=CARTESIAN_POINT('',(-0.00306247010410139,-0.008,-0.0103567020262961));
#4506=CARTESIAN_POINT('',(-0.00217767968640274,-0.008,-0.00903948165003723));
#4507=CARTESIAN_POINT('',(-0.0018830422739213,-0.008,-0.0091105113200333));
#4508=CARTESIAN_POINT('',(-0.00182169600536643,-0.008,-0.00881370657918858));
#4509=CARTESIAN_POINT('',(1.15987232888227E-17,-0.008,4.54695404026317E-17));
#4510=CARTESIAN_POINT('',(-0.00155077168173153,-0.008,-0.0088653881579511));
#4511=CARTESIAN_POINT('',(-0.00160299447619039,-0.008,-0.00916393329455932));
#4512=CARTESIAN_POINT('',(-0.00130289977270754,-0.008,-0.00920635484327047));
#4513=CARTESIAN_POINT('',(-0.00126095061521678,-0.008,-0.00891122907044727));
#4514=CARTESIAN_POINT('',(-0.00128722349338106,-0.008,-0.00909571427900303));
#4515=CARTESIAN_POINT('',(-0.00131662023600274,-0.008,-0.00930213491398298));
#4516=CARTESIAN_POINT('',(-0.00131734974707682,-0.008,-0.00931110482223677));
#4517=CARTESIAN_POINT('',(-0.00131836825300712,-0.008,-0.00932172231564705));
#4518=CARTESIAN_POINT('',(-0.00131923618790156,-0.008,-0.0093343976639081));
#4519=CARTESIAN_POINT('',(-0.00132011023022219,-0.008,-0.00935143286189344));
#4520=CARTESIAN_POINT('',(-0.00132073600206527,-0.008,-0.00937205119352584));
#4521=CARTESIAN_POINT('',(-0.00132099598831184,-0.008,-0.00939649591807664));
#4522=CARTESIAN_POINT('',(-0.00132072951543211,-0.008,-0.00942468224108665));
#4523=CARTESIAN_POINT('',(-0.00131978941587932,-0.008,-0.00945662038878168));
#4524=CARTESIAN_POINT('',(-0.00131802486324659,-0.008,-0.00949228626231189));
#4525=CARTESIAN_POINT('',(-0.0013152866636366,-0.008,-0.00953166013571503));
#4526=CARTESIAN_POINT('',(-0.00131142584683167,-0.008,-0.0095747152259293));
#4527=CARTESIAN_POINT('',(-0.00130629423110514,-0.008,-0.0096214210375528));
#4528=CARTESIAN_POINT('',(-0.00129974441308249,-0.008,-0.00967174241186306));
#4529=CARTESIAN_POINT('',(-0.00129162992337221,-0.008,-0.00972563982298824));
#4530=CARTESIAN_POINT('',(-0.00128180533414669,-0.008,-0.00978306932123649));
#4531=CARTESIAN_POINT('',(-0.00127012637960538,-0.008,-0.00984398258154763));
#4532=CARTESIAN_POINT('',(-0.00125645007258409,-0.008,-0.00990832692606464));
#4533=CARTESIAN_POINT('',(-0.00124063481904434,-0.008,-0.00997604535862735));
#4534=CARTESIAN_POINT('',(-0.00122254054118122,-0.008,-0.0100470765972495));
#4535=CARTESIAN_POINT('',(-0.00120202876203604,-0.008,-0.0101213551206969));
#4536=CARTESIAN_POINT('',(-0.00117896283531197,-0.008,-0.0101988111770439));
#4537=CARTESIAN_POINT('',(-0.00115320760885818,-0.008,-0.0102793709527358));
#4538=CARTESIAN_POINT('',(-0.00112463127020346,-0.008,-0.0103629561359231));
#4539=CARTESIAN_POINT('',(-0.00109309877305161,-0.008,-0.0104494858291148));
#4540=CARTESIAN_POINT('',(-0.00105849767693937,-0.008,-0.0105388694290195));
#4541=CARTESIAN_POINT('',(-0.00102063932564624,-0.008,-0.0106310342584145));
#4542=CARTESIAN_POINT('',(-0.000989063053891319,-0.008,-0.0107040327847427));
#4543=CARTESIAN_POINT('',(-0.000969918625105777,-0.008,-0.0107463189018579));
#4544=CARTESIAN_POINT('',(-0.000965143609189523,-0.008,-0.0107567884525838));
#4545=CARTESIAN_POINT('',(0.000134134488556723,-0.008,-0.0089990003855417));
#4546=CARTESIAN_POINT('',(0.000137078069496268,-0.008,-0.00918532373790031));
#4547=CARTESIAN_POINT('',(0.000140371644365562,-0.008,-0.00939380107332762));
#4548=CARTESIAN_POINT('',(0.000139971175420709,-0.008,-0.00940279168315748));
#4549=CARTESIAN_POINT('',(0.000139650925346077,-0.008,-0.00941345310710258));
#4550=CARTESIAN_POINT('',(0.000138923373930517,-0.008,-0.00942613728754349));
#4551=CARTESIAN_POINT('',(0.000137655447718482,-0.008,-0.00944314770445486));
#4552=CARTESIAN_POINT('',(0.000135692122989473,-0.008,-0.00946368188439251));
#4553=CARTESIAN_POINT('',(0.000132886322795294,-0.008,-0.00948796643990591));
#4554=CARTESIAN_POINT('',(0.000129089268128684,-0.008,-0.00951589710743246));
#4555=CARTESIAN_POINT('',(0.000124153670216987,-0.008,-0.00954746558757664));
#4556=CARTESIAN_POINT('',(0.000117932912351372,-0.008,-0.00958262906795393));
#4557=CARTESIAN_POINT('',(0.000110281449391605,-0.008,-0.00962134927919361));
#4558=CARTESIAN_POINT('',(0.00010105484260239,-0.008,-0.00966358097850725));
#4559=CARTESIAN_POINT('',(9.0109900801592E-5,-0.008,-0.00970927533886333));
#4560=CARTESIAN_POINT('',(7.73047894906807E-5,-0.008,-0.00975837900423485));
#4561=CARTESIAN_POINT('',(6.24991481383822E-5,-0.008,-0.00981083440294082));
#4562=CARTESIAN_POINT('',(4.55542040159417E-5,-0.008,-0.00986657970490595));
#4563=CARTESIAN_POINT('',(2.6332885637779E-5,-0.008,-0.00992554888482832));
#4564=CARTESIAN_POINT('',(4.69993562237595E-6,-0.008,-0.00998767175918789));
#4565=CARTESIAN_POINT('',(-1.94779800444148E-5,-0.008,-0.0100528740348175));
#4566=CARTESIAN_POINT('',(-4.63321539426723E-5,-0.008,-0.0101210773565535));
#4567=CARTESIAN_POINT('',(-7.59917591107659E-5,-0.008,-0.0101921993640512));
#4568=CARTESIAN_POINT('',(-0.000108583622114271,-0.008,-0.0102661537290774));
#4569=CARTESIAN_POINT('',(-0.000144232578097441,-0.008,-0.0103428502810634));
#4570=CARTESIAN_POINT('',(-0.000183059585073458,-0.008,-0.0104221948051885));
#4571=CARTESIAN_POINT('',(-0.000225188485314011,-0.008,-0.0105040901160738));
#4572=CARTESIAN_POINT('',(-0.000270719477052233,-0.008,-0.0105884322323351));
#4573=CARTESIAN_POINT('',(-0.00031983062002665,-0.008,-0.010675125404937));
#4574=CARTESIAN_POINT('',(-0.000360307044797551,-0.008,-0.0107435907598386));
#4575=CARTESIAN_POINT('',(-0.000384600369836887,-0.008,-0.0107831440051257));
#4576=CARTESIAN_POINT('',(-0.000390649915972854,-0.008,-0.0107929325321319));
#4577=CARTESIAN_POINT('',(0.000138763796994968,-0.008,-0.00929705662705001));
#4578=CARTESIAN_POINT('',(0.000441808993979681,-0.008,-0.00929258142448417));
#4579=CARTESIAN_POINT('',(0.000427415619189326,-0.008,-0.00898984515375393));
#4580=CARTESIAN_POINT('',(-7.34868040241672E-20,-0.008,4.69255163642007E-17));
#4581=CARTESIAN_POINT('',(0.000702681042993215,-0.008,-0.00897252692120887));
#4582=CARTESIAN_POINT('',(0.000726344079989995,-0.008,-0.00927467999422585));
#4583=CARTESIAN_POINT('',(0.0010275605666897,-0.008,-0.00924113827402855));
#4584=CARTESIAN_POINT('',(0.000994797019115945,-0.008,-0.00894485208881388));
#4585=CARTESIAN_POINT('',(0.00101522915743096,-0.008,-0.00913007515440447));
#4586=CARTESIAN_POINT('',(0.00103809069195723,-0.008,-0.00933732137816112));
#4587=CARTESIAN_POINT('',(0.00103961482528653,-0.008,-0.00934619090227931));
#4588=CARTESIAN_POINT('',(0.00104126878083111,-0.008,-0.00935672811973479));
#4589=CARTESIAN_POINT('',(0.00104358034463622,-0.008,-0.00936922109525285));
#4590=CARTESIAN_POINT('',(0.00104697024342714,-0.008,-0.00938593846665403));
#4591=CARTESIAN_POINT('',(0.00105149170192442,-0.008,-0.00940606465861279));
#4592=CARTESIAN_POINT('',(0.00105731903941418,-0.008,-0.00942980606314145));
#4593=CARTESIAN_POINT('',(0.00106458679404733,-0.008,-0.00945704059187268));
#4594=CARTESIAN_POINT('',(0.00107344005299048,-0.008,-0.00948774155067602));
#4595=CARTESIAN_POINT('',(0.00108401891102134,-0.008,-0.0095218480888092));
#4596=CARTESIAN_POINT('',(0.00109646296918925,-0.008,-0.00955930399702385));
#4597=CARTESIAN_POINT('',(0.00111090985686197,-0.008,-0.00960004628631068));
#4598=CARTESIAN_POINT('',(0.00112749551646665,-0.008,-0.00964400856804004));
#4599=CARTESIAN_POINT('',(0.00114635397681105,-0.008,-0.00969112013033681));
#4600=CARTESIAN_POINT('',(0.00116761727599678,-0.008,-0.00974130626365063));
#4601=CARTESIAN_POINT('',(0.00119141534312491,-0.008,-0.00979448823262002));
#4602=CARTESIAN_POINT('',(0.00121787589366684,-0.008,-0.00985058335295975));
#4603=CARTESIAN_POINT('',(0.00124712432213172,-0.008,-0.00990950504232283));
#4604=CARTESIAN_POINT('',(0.0012792835997523,-0.008,-0.00997116288218281));
#4605=CARTESIAN_POINT('',(0.00131447416332141,-0.008,-0.0100354626799062));
#4606=CARTESIAN_POINT('',(0.00135281384482113,-0.008,-0.0101023065349097));
#4607=CARTESIAN_POINT('',(0.00139441765095507,-0.008,-0.0101715929041005));
#4608=CARTESIAN_POINT('',(0.00143939813113611,-0.008,-0.0102432166819393));
#4609=CARTESIAN_POINT('',(0.00148786348133928,-0.008,-0.0103170692364587));
#4610=CARTESIAN_POINT('',(0.00153992438674516,-0.008,-0.0103930386270631));
#4611=CARTESIAN_POINT('',(0.00159566722317076,-0.008,-0.0104710091341239));
#4612=CARTESIAN_POINT('',(0.00165525664576418,-0.008,-0.0105508634468129));
#4613=CARTESIAN_POINT('',(0.00170399488615298,-0.008,-0.0106137158907417));
#4614=CARTESIAN_POINT('',(0.00173305398719811,-0.008,-0.0106499124858946));
#4615=CARTESIAN_POINT('',(0.00174028265859741,-0.008,-0.0106588656182628));
#4616=CARTESIAN_POINT('',(0.00236788079741949,-0.008,-0.00868292234960166));
#4617=CARTESIAN_POINT('',(0.00241706863382519,-0.008,-0.00886265997240954));
#4618=CARTESIAN_POINT('',(0.00247210494000735,-0.008,-0.00906376853021878));
#4619=CARTESIAN_POINT('',(0.00247395292627494,-0.008,-0.00907257627608497));
#4620=CARTESIAN_POINT('',(0.00247629412576323,-0.008,-0.00908298239474677));
#4621=CARTESIAN_POINT('',(0.00247874385911589,-0.008,-0.009095449013014));
#4622=CARTESIAN_POINT('',(0.00248174608579968,-0.008,-0.00911224033682473));
#4623=CARTESIAN_POINT('',(0.00248495108541905,-0.008,-0.00913261765674525));
#4624=CARTESIAN_POINT('',(0.00248827275796795,-0.008,-0.00915683704242472));
#4625=CARTESIAN_POINT('',(0.0024915410693116,-0.008,-0.00918483450576662));
#4626=CARTESIAN_POINT('',(0.00249461129404925,-0.008,-0.00921663863734444));
#4627=CARTESIAN_POINT('',(0.00249733077469851,-0.008,-0.00925224443189624));
#4628=CARTESIAN_POINT('',(0.00249954902148188,-0.008,-0.00929165101795845));
#4629=CARTESIAN_POINT('',(0.00250111488204858,-0.008,-0.00933485049458082));
#4630=CARTESIAN_POINT('',(0.00250187752104182,-0.008,-0.00938183117892172));
#4631=CARTESIAN_POINT('',(0.00250168629085032,-0.008,-0.00943257666403732));
#4632=CARTESIAN_POINT('',(0.00250039092313215,-0.008,-0.00948706609321151));
#4633=CARTESIAN_POINT('',(0.00249784162844456,-0.008,-0.0095452740902488));
#4634=CARTESIAN_POINT('',(0.00249388922182988,-0.008,-0.00960717079244579));
#4635=CARTESIAN_POINT('',(0.00248838524133426,-0.008,-0.00967272185836975));
#4636=CARTESIAN_POINT('',(0.00248118206591745,-0.008,-0.00974188848773096));
#4637=CARTESIAN_POINT('',(0.00247213304166037,-0.008,-0.00981462743817415));
#4638=CARTESIAN_POINT('',(0.00246109257154838,-0.008,-0.0098908910608847));
#4639=CARTESIAN_POINT('',(0.00244791634454708,-0.008,-0.00997062728027386));
#4640=CARTESIAN_POINT('',(0.00243246102292928,-0.008,-0.0100537798038851));
#4641=CARTESIAN_POINT('',(0.00241458601852711,-0.008,-0.0101402874578642));
#4642=CARTESIAN_POINT('',(0.00239414721078065,-0.008,-0.0102300869084103));
#4643=CARTESIAN_POINT('',(0.00237102169024978,-0.008,-0.0103231023591929));
#4644=CARTESIAN_POINT('',(0.00234501317945332,-0.008,-0.0104192853509648));
#4645=CARTESIAN_POINT('',(0.0023228350373827,-0.008,-0.0104956658183522));
#4646=CARTESIAN_POINT('',(0.00230914142392922,-0.008,-0.0105400179299682));
#4647=CARTESIAN_POINT('',(0.00230571624308614,-0.008,-0.0105510033933446));
#4648=CARTESIAN_POINT('',(0.00244648824068993,-0.008,-0.00897046334400274));
#4649=CARTESIAN_POINT('',(0.00273889977792909,-0.008,-0.00889076446231085));
#4650=CARTESIAN_POINT('',(0.00264967114846673,-0.008,-0.0086011186949712));
#4651=CARTESIAN_POINT('',(-1.17410794507086E-17,-0.008,4.543298955263E-17));
#4652=CARTESIAN_POINT('',(0.00291198173350659,-0.008,-0.00851588881936137));
#4653=CARTESIAN_POINT('',(0.00301004376631793,-0.008,-0.00880266443996818));
#4654=CARTESIAN_POINT('',(0.00329345549657841,-0.008,-0.00869526700050024));
#4655=CARTESIAN_POINT('',(0.00318803789813009,-0.008,-0.00841643715357551));
#4656=CARTESIAN_POINT('',(0.00325389122652992,-0.008,-0.00859075982978708));
#4657=CARTESIAN_POINT('',(0.00332757456391101,-0.008,-0.00878580959988352));
#4658=CARTESIAN_POINT('',(0.00333125657474125,-0.008,-0.00879402143504594));
#4659=CARTESIAN_POINT('',(0.00333547906765101,-0.008,-0.00880381628442071));
#4660=CARTESIAN_POINT('',(0.00334082488610046,-0.008,-0.00881534190759802));
#4661=CARTESIAN_POINT('',(0.00334826572619473,-0.008,-0.00883069103848773));
#4662=CARTESIAN_POINT('',(0.00335765031516621,-0.008,-0.00884906048811311));
#4663=CARTESIAN_POINT('',(0.00336919882334638,-0.008,-0.00887060681285831));
#4664=CARTESIAN_POINT('',(0.00338301119998043,-0.008,-0.008895178301709));
#4665=CARTESIAN_POINT('',(0.00339922133549452,-0.008,-0.0089227130174688));
#4666=CARTESIAN_POINT('',(0.00341794979036711,-0.008,-0.00895311718097896));
#4667=CARTESIAN_POINT('',(0.00343931780115221,-0.008,-0.0089863016315388));
#4668=CARTESIAN_POINT('',(0.00346344300860831,-0.008,-0.00902217113202265));
#4669=CARTESIAN_POINT('',(0.00349044057410039,-0.008,-0.00906062757201485));
#4670=CARTESIAN_POINT('',(0.00352042273034654,-0.008,-0.00910156912957481));
#4671=CARTESIAN_POINT('',(0.00355349878771892,-0.008,-0.00914489060574949));
#4672=CARTESIAN_POINT('',(0.00358977501266885,-0.008,-0.00919048342674007));
#4673=CARTESIAN_POINT('',(0.00362935454550574,-0.008,-0.00923823574439403));
#4674=CARTESIAN_POINT('',(0.00367233730908556,-0.008,-0.00928803251216168));
#4675=CARTESIAN_POINT('',(0.00371881992510052,-0.008,-0.00933975557047886));
#4676=CARTESIAN_POINT('',(0.00376889562184475,-0.008,-0.00939328373453444));
#4677=CARTESIAN_POINT('',(0.0038226541825069,-0.008,-0.00944849287584967));
#4678=CARTESIAN_POINT('',(0.0038801817479032,-0.008,-0.00950525604049049));
#4679=CARTESIAN_POINT('',(0.0039415611928151,-0.008,-0.00956344343510074));
#4680=CARTESIAN_POINT('',(0.00400687029837035,-0.008,-0.00962292293334113));
#4681=CARTESIAN_POINT('',(0.00407618843387698,-0.008,-0.00968355858515067));
#4682=CARTESIAN_POINT('',(0.00414957048319552,-0.008,-0.00974521682565354));
#4683=CARTESIAN_POINT('',(0.00422714675451313,-0.008,-0.00980774308148658));
#4684=CARTESIAN_POINT('',(0.00428998456064546,-0.008,-0.00985650019280895));
#4685=CARTESIAN_POINT('',(0.00432713244375962,-0.008,-0.00988433290080413));
#4686=CARTESIAN_POINT('',(0.00433636056663274,-0.008,-0.00989120705658074));
#4687=CARTESIAN_POINT('',(0.00445284444732399,-0.008,-0.00782126436888154));
#4688=CARTESIAN_POINT('',(0.00454518588653427,-0.008,-0.00798312268626892));
#4689=CARTESIAN_POINT('',(0.0046485067905025,-0.008,-0.0081642260761474));
#4690=CARTESIAN_POINT('',(0.00465248711620893,-0.008,-0.00817229753498452));
#4691=CARTESIAN_POINT('',(0.00465734265908595,-0.008,-0.00818179449365648));
#4692=CARTESIAN_POINT('',(0.0046628157514508,-0.008,-0.00819326022627527));
#4693=CARTESIAN_POINT('',(0.00466989949008644,-0.008,-0.00820877739635618));
#4694=CARTESIAN_POINT('',(0.00467807143214095,-0.008,-0.00822771747430642));
#4695=CARTESIAN_POINT('',(0.00468731186453043,-0.008,-0.00825034989707705));
#4696=CARTESIAN_POINT('',(0.00469744018186261,-0.008,-0.00827665497264505));
#4697=CARTESIAN_POINT('',(0.00470832331573784,-0.008,-0.00830669638510207));
#4698=CARTESIAN_POINT('',(0.00471981215993123,-0.008,-0.00834050725080774));
#4699=CARTESIAN_POINT('',(0.0047317607358542,-0.008,-0.00837812415096291));
#4700=CARTESIAN_POINT('',(0.00474402067499857,-0.008,-0.00841957702290125));
#4701=CARTESIAN_POINT('',(0.00475644297537311,-0.008,-0.00846489206204698));
#4702=CARTESIAN_POINT('',(0.00476887764199725,-0.008,-0.00851409084144799));
#4703=CARTESIAN_POINT('',(0.00478117394063096,-0.008,-0.0085671905298573));
#4704=CARTESIAN_POINT('',(0.00479318047693911,-0.008,-0.00862420379943884));
#4705=CARTESIAN_POINT('',(0.00480474532633144,-0.008,-0.00868513882647128));
#4706=CARTESIAN_POINT('',(0.00481571615069237,-0.008,-0.00874999926940767));
#4707=CARTESIAN_POINT('',(0.00482594031752841,-0.008,-0.0088187842588006));
#4708=CARTESIAN_POINT('',(0.00483526502638656,-0.008,-0.00889148838217949));
#4709=CARTESIAN_POINT('',(0.0048435374046718,-0.008,-0.00896810169620999));
#4710=CARTESIAN_POINT('',(0.00485060472447398,-0.008,-0.0090486096500486));
#4711=CARTESIAN_POINT('',(0.0048563141519195,-0.008,-0.009132993366413));
#4712=CARTESIAN_POINT('',(0.00486051430235743,-0.008,-0.0092212285561938));
#4713=CARTESIAN_POINT('',(0.00486304983256445,-0.008,-0.00931328971666363));
#4714=CARTESIAN_POINT('',(0.00486378284474561,-0.008,-0.00940913399910782));
#4715=CARTESIAN_POINT('',(0.00486251117651305,-0.008,-0.00950876327894034));
#4716=CARTESIAN_POINT('',(0.00486002485137451,-0.008,-0.00958825959314001));
#4717=CARTESIAN_POINT('',(0.00485779136960177,-0.008,-0.00963462376479636));
#4718=CARTESIAN_POINT('',(0.00485720577076087,-0.008,-0.00964611590747734));
#4719=CARTESIAN_POINT('',(0.00460049083066798,-0.008,-0.00808022285799536));
#4720=CARTESIAN_POINT('',(0.00486389541586245,-0.008,-0.00793030807102611));
#4721=CARTESIAN_POINT('',(0.00470543809467715,-0.008,-0.00767195231588161));
#4722=CARTESIAN_POINT('',(-2.26709368948353E-17,-0.008,4.10857409166201E-17));
#4723=CARTESIAN_POINT('',(0.00493831190218407,-0.008,-0.00752416610374513));
#4724=CARTESIAN_POINT('',(0.00510461133264152,-0.008,-0.00777754510501208));
#4725=CARTESIAN_POINT('',(0.00535241050513508,-0.008,-0.00760304012237543));
#4726=CARTESIAN_POINT('',(0.00518096263122151,-0.008,-0.00735918651848737));
#4727=CARTESIAN_POINT('',(0.00528809934289119,-0.008,-0.00751165547045959));
#4728=CARTESIAN_POINT('',(0.00540797468805109,-0.008,-0.00768225309249778));
#4729=CARTESIAN_POINT('',(0.0054135832221003,-0.008,-0.00768929125890015));
#4730=CARTESIAN_POINT('',(0.0054201089376165,-0.008,-0.00769772829378506));
#4731=CARTESIAN_POINT('',(0.00542815311327655,-0.008,-0.00770756236732912));
#4732=CARTESIAN_POINT('',(0.00543917735932555,-0.008,-0.0077205788153634));
#4733=CARTESIAN_POINT('',(0.00545283541053207,-0.008,-0.00773603730257734));
#4734=CARTESIAN_POINT('',(0.00546937945416123,-0.008,-0.0077540347127135));
#4735=CARTESIAN_POINT('',(0.00548886857037388,-0.008,-0.00777439924467154));
#4736=CARTESIAN_POINT('',(0.00551141704002788,-0.008,-0.00779703760993102));
#4737=CARTESIAN_POINT('',(0.0055371183140441,-0.008,-0.00782182899340613));
#4738=CARTESIAN_POINT('',(0.00556606764674272,-0.008,-0.00784865688523861));
#4739=CARTESIAN_POINT('',(0.00559835529847141,-0.008,-0.00787739978428527));
#4740=CARTESIAN_POINT('',(0.00563406841352095,-0.008,-0.00790793402298272));
#4741=CARTESIAN_POINT('',(0.00567329037652522,-0.008,-0.00794013306717187));
#4742=CARTESIAN_POINT('',(0.00571610090175434,-0.008,-0.0079738678385341));
#4743=CARTESIAN_POINT('',(0.00576257591589783,-0.008,-0.00800900674692436));
#4744=CARTESIAN_POINT('',(0.0058127875034182,-0.008,-0.0080454158081536));
#4745=CARTESIAN_POINT('',(0.0058668038369977,-0.008,-0.00808295874026728));
#4746=CARTESIAN_POINT('',(0.00592468911769172,-0.008,-0.00812149706706349));
#4747=CARTESIAN_POINT('',(0.00598650350741908,-0.008,-0.00816089022604083));
#4748=CARTESIAN_POINT('',(0.00605230309916711,-0.008,-0.00820099566027392));
#4749=CARTESIAN_POINT('',(0.00612213975532033,-0.008,-0.00824166898197012));
#4750=CARTESIAN_POINT('',(0.00619606146870146,-0.008,-0.00828276386535017));
#4751=CARTESIAN_POINT('',(0.00627411071831668,-0.008,-0.00832413299168682));
#4752=CARTESIAN_POINT('',(0.00635633057053591,-0.008,-0.00836562494369597));
#4753=CARTESIAN_POINT('',(0.00644274096870841,-0.008,-0.00840709670362693));
#4754=CARTESIAN_POINT('',(0.00653342968631774,-0.008,-0.00844836614799458));
#4755=CARTESIAN_POINT('',(0.00660641872773303,-0.008,-0.00847996433808996));
#4756=CARTESIAN_POINT('',(0.00664932125479979,-0.008,-0.00849768432752264));
#4757=CARTESIAN_POINT('',(0.00665996899224796,-0.008,-0.00850204757821877));
#4758=CARTESIAN_POINT('',(0.00625801950418679,-0.008,-0.00646816758326636));
#4759=CARTESIAN_POINT('',(0.00638771239396802,-0.008,-0.00660197644187854));
#4760=CARTESIAN_POINT('',(0.00653282586333828,-0.008,-0.00675169527178852));
#4761=CARTESIAN_POINT('',(0.00653868842998079,-0.008,-0.00675852328415309));
#4762=CARTESIAN_POINT('',(0.00654575322463016,-0.008,-0.00676651435399447));
#4763=CARTESIAN_POINT('',(0.00655390578148528,-0.008,-0.00677625876681638));
#4764=CARTESIAN_POINT('',(0.00656462593472214,-0.008,-0.00678952678230311));
#4765=CARTESIAN_POINT('',(0.00657725134603819,-0.008,-0.00680583954352872));
#4766=CARTESIAN_POINT('',(0.00659182992791728,-0.008,-0.00682546292503161));
#4767=CARTESIAN_POINT('',(0.00660818185181068,-0.008,-0.00684842276818448));
#4768=CARTESIAN_POINT('',(0.00662619406749674,-0.008,-0.00687481384909144));
#4769=CARTESIAN_POINT('',(0.00664573038890058,-0.008,-0.00690470532491102));
#4770=CARTESIAN_POINT('',(0.00666665852099411,-0.008,-0.00693816893097711));
#4771=CARTESIAN_POINT('',(0.00668884220165082,-0.008,-0.00697527056183455));
#4772=CARTESIAN_POINT('',(0.0067121436245881,-0.008,-0.00701607264521851));
#4773=CARTESIAN_POINT('',(0.00673642287219237,-0.008,-0.00706063337865473));
#4774=CARTESIAN_POINT('',(0.0067615382155122,-0.008,-0.0071090068775894));
#4775=CARTESIAN_POINT('',(0.00678734616798288,-0.008,-0.00716124306630725));
#4776=CARTESIAN_POINT('',(0.00681370161136237,-0.008,-0.00721738764632333));
#4777=CARTESIAN_POINT('',(0.00684045790333738,-0.008,-0.00727748204610244));
#4778=CARTESIAN_POINT('',(0.00686746699042209,-0.008,-0.00734156338167003));
#4779=CARTESIAN_POINT('',(0.00689457952664404,-0.008,-0.00740966441052566));
#4780=CARTESIAN_POINT('',(0.00692164496937519,-0.008,-0.00748181351959153));
#4781=CARTESIAN_POINT('',(0.00694851177028589,-0.008,-0.00755803459705236));
#4782=CARTESIAN_POINT('',(0.00697502720247052,-0.008,-0.00763834736692917));
#4783=CARTESIAN_POINT('',(0.00700103859684946,-0.008,-0.00772276595103136));
#4784=CARTESIAN_POINT('',(0.00702638914832201,-0.008,-0.00781130428013531));
#4785=CARTESIAN_POINT('',(0.00705093463536404,-0.008,-0.00790395514548459));
#4786=CARTESIAN_POINT('',(0.0070744797132873,-0.008,-0.00800077063931501));
#4787=CARTESIAN_POINT('',(0.00709184143003335,-0.008,-0.00807838775453876));
#4788=CARTESIAN_POINT('',(0.0071012084178153,-0.008,-0.00812385075481482));
#4789=CARTESIAN_POINT('',(0.00710349919630544,-0.008,-0.00813512748321057));
#4790=CARTESIAN_POINT('',(0.00646542766233343,-0.008,-0.0066822722528392));
#4791=CARTESIAN_POINT('',(0.00668327461666113,-0.008,-0.00647156125800587));
#4792=CARTESIAN_POINT('',(0.00646554506000822,-0.008,-0.00626072895731826));
#4793=CARTESIAN_POINT('',(-3.2176295995986E-17,-0.008,3.41569240760337E-17));
#4794=CARTESIAN_POINT('',(0.00665434977220659,-0.008,-0.00605967235988334));
#4795=CARTESIAN_POINT('',(0.00687843739548799,-0.008,-0.00626373400729805));
#4796=CARTESIAN_POINT('',(0.00707505387686524,-0.008,-0.00603308627133618));
#4797=CARTESIAN_POINT('',(0.00684834842794559,-0.008,-0.00583953112924789));
#4798=CARTESIAN_POINT('',(0.00699003672926965,-0.008,-0.00596056617198677));
#4799=CARTESIAN_POINT('',(0.00714857187340128,-0.008,-0.00609599236995989));
#4800=CARTESIAN_POINT('',(0.00715575452584841,-0.008,-0.00610141463372258));
#4801=CARTESIAN_POINT('',(0.00716417342926525,-0.008,-0.00610796372418657));
#4802=CARTESIAN_POINT('',(0.00717441051699478,-0.008,-0.00611548833708942));
#4803=CARTESIAN_POINT('',(0.00718832547507492,-0.008,-0.00612535423096712));
#4804=CARTESIAN_POINT('',(0.00720539880292835,-0.008,-0.00613693044216562));
#4805=CARTESIAN_POINT('',(0.00722589885890056,-0.008,-0.00615024809422405));
#4806=CARTESIAN_POINT('',(0.00724984014184422,-0.008,-0.006165126090851));
#4807=CARTESIAN_POINT('',(0.00727731014236228,-0.008,-0.00618144565386282));
#4808=CARTESIAN_POINT('',(0.00730836932995303,-0.008,-0.0061990665235028));
#4809=CARTESIAN_POINT('',(0.00734308099152351,-0.008,-0.00621785216149801));
#4810=CARTESIAN_POINT('',(0.00738150233562102,-0.008,-0.0062376624370514));
#4811=CARTESIAN_POINT('',(0.00742368701386578,-0.008,-0.00625835589593966));
#4812=CARTESIAN_POINT('',(0.00746968432344435,-0.008,-0.00627978924239178));
#4813=CARTESIAN_POINT('',(0.00751953937378395,-0.008,-0.00630181762918907));
#4814=CARTESIAN_POINT('',(0.00757329298105921,-0.008,-0.00632429471813299));
#4815=CARTESIAN_POINT('',(0.00763098164455386,-0.008,-0.00634707280771733));
#4816=CARTESIAN_POINT('',(0.00769263750323606,-0.008,-0.00637000294367909));
#4817=CARTESIAN_POINT('',(0.00775828830353596,-0.008,-0.00639293503414766));
#4818=CARTESIAN_POINT('',(0.00782795736080248,-0.008,-0.00641571797099032));
#4819=CARTESIAN_POINT('',(0.00790166355329288,-0.008,-0.00643819972621093));
#4820=CARTESIAN_POINT('',(0.00797942120625566,-0.008,-0.00646022755057431));
#4821=CARTESIAN_POINT('',(0.00806124041498924,-0.008,-0.006481647780065));
#4822=CARTESIAN_POINT('',(0.00814712568726604,-0.008,-0.00650230716014517));
#4823=CARTESIAN_POINT('',(0.00823708108049948,-0.008,-0.00652204832041248));
#4824=CARTESIAN_POINT('',(0.00833109034441353,-0.008,-0.00654072777657258));
#4825=CARTESIAN_POINT('',(0.00842919320265743,-0.008,-0.00655814729850683));
#4826=CARTESIAN_POINT('',(0.00850774730944864,-0.008,-0.00657060113688152));
#4827=CARTESIAN_POINT('',(0.00855370875690794,-0.008,-0.00657709499564607));
#4828=CARTESIAN_POINT('',(0.00856510707242765,-0.008,-0.00657867318217358));
#4829=CARTESIAN_POINT('',(0.00766998018021575,-0.008,-0.0047086520401382));
#4830=CARTESIAN_POINT('',(0.00782887543932588,-0.008,-0.00480600373727402));
#4831=CARTESIAN_POINT('',(0.00800666346112764,-0.008,-0.00491493062250492));
#4832=CARTESIAN_POINT('',(0.00801403990208308,-0.008,-0.00492008615926839));
#4833=CARTESIAN_POINT('',(0.00802287004147446,-0.008,-0.00492606923197197));
#4834=CARTESIAN_POINT('',(0.00803318980768964,-0.008,-0.00493348004770195));
#4835=CARTESIAN_POINT('',(0.00804687278887388,-0.008,-0.00494366523038513));
#4836=CARTESIAN_POINT('',(0.00806315836842547,-0.008,-0.00495632568410417));
#4837=CARTESIAN_POINT('',(0.00808215907387845,-0.008,-0.00497170701510973));
#4838=CARTESIAN_POINT('',(0.00810370715281665,-0.008,-0.00498987897446178));
#4839=CARTESIAN_POINT('',(0.0081277166765577,-0.008,-0.00501096147514569));
#4840=CARTESIAN_POINT('',(0.00815407293624862,-0.008,-0.00503505536972028));
#4841=CARTESIAN_POINT('',(0.00818266563300499,-0.008,-0.00506226304025763));
#4842=CARTESIAN_POINT('',(0.00821337917293251,-0.008,-0.00509268219811713));
#4843=CARTESIAN_POINT('',(0.00824609560433274,-0.008,-0.00512640758078075));
#4844=CARTESIAN_POINT('',(0.00828069387849735,-0.008,-0.00516353035348746));
#4845=CARTESIAN_POINT('',(0.00831705017711473,-0.008,-0.00520413817810414));
#4846=CARTESIAN_POINT('',(0.00835503793717921,-0.008,-0.0052483150941099));
#4847=CARTESIAN_POINT('',(0.00839452796510977,-0.008,-0.00529614145666189));
#4848=CARTESIAN_POINT('',(0.00843538852847132,-0.008,-0.00534769386113385));
#4849=CARTESIAN_POINT('',(0.00847748545553071,-0.008,-0.00540304507688773));
#4850=CARTESIAN_POINT('',(0.00852068223875269,-0.008,-0.00546226397311904));
#4851=CARTESIAN_POINT('',(0.00856484012462321,-0.008,-0.00552541548335179));
#4852=CARTESIAN_POINT('',(0.00860981826673203,-0.008,-0.00559256043381648));
#4853=CARTESIAN_POINT('',(0.00865547364153467,-0.008,-0.00566375591050463));
#4854=CARTESIAN_POINT('',(0.00870166188828258,-0.008,-0.00573905355881923));
#4855=CARTESIAN_POINT('',(0.00874823459263884,-0.008,-0.00581850586771851));
#4856=CARTESIAN_POINT('',(0.00879505027131888,-0.008,-0.00590214172135693));
#4857=CARTESIAN_POINT('',(0.00884193267155932,-0.008,-0.0059900601556454));
#4858=CARTESIAN_POINT('',(0.00887805152967488,-0.008,-0.00606092110308794));
#4859=CARTESIAN_POINT('',(0.0088984304247198,-0.008,-0.00610262632447515));
#4860=CARTESIAN_POINT('',(0.00890345364250356,-0.008,-0.00611297908026767));
#4861=CARTESIAN_POINT('',(0.00792411789579482,-0.008,-0.00486444990635891));
#4862=CARTESIAN_POINT('',(0.00808271909393031,-0.008,-0.00460618245040772));
#4863=CARTESIAN_POINT('',(0.00781939805060758,-0.008,-0.00445612097301615));
#4864=CARTESIAN_POINT('',(-3.96599000835699E-17,-0.008,2.50819020753706E-17));
#4865=CARTESIAN_POINT('',(0.00795227037305482,-0.008,-0.00421442711573407));
#4866=CARTESIAN_POINT('',(0.00822006593965276,-0.008,-0.00435634946550323));
#4867=CARTESIAN_POINT('',(0.00835314559328394,-0.008,-0.00408405142172967));
#4868=CARTESIAN_POINT('',(0.00808542730647815,-0.008,-0.00395295652286458));
#4869=CARTESIAN_POINT('',(0.00825276440039127,-0.008,-0.00403495257949908));
#4870=CARTESIAN_POINT('',(0.00843999799733737,-0.008,-0.00412669802732575));
#4871=CARTESIAN_POINT('',(0.00844830345571323,-0.008,-0.00413016368767487));
#4872=CARTESIAN_POINT('',(0.00845808655636647,-0.008,-0.00413441333027821));
#4873=CARTESIAN_POINT('',(0.00846987332229406,-0.008,-0.00413915568343757));
#4874=CARTESIAN_POINT('',(0.00848580466441351,-0.008,-0.00414525111276214));
#4875=CARTESIAN_POINT('',(0.00850522048893353,-0.008,-0.00415221767202127));
#4876=CARTESIAN_POINT('',(0.00852838846333811,-0.008,-0.00416001876894424));
#4877=CARTESIAN_POINT('',(0.00855527759415556,-0.008,-0.00416847539099459));
#4878=CARTESIAN_POINT('',(0.00858594308437753,-0.008,-0.00417745073359556));
#4879=CARTESIAN_POINT('',(0.00862040862255878,-0.008,-0.00418679390535592));
#4880=CARTESIAN_POINT('',(0.0086587015516441,-0.008,-0.00419635691878986));
#4881=CARTESIAN_POINT('',(0.00870084243375694,-0.008,-0.00420598981837986));
#4882=CARTESIAN_POINT('',(0.00874684805671842,-0.008,-0.00421554225133177));
#4883=CARTESIAN_POINT('',(0.00879673053274419,-0.008,-0.00422486316406295));
#4884=CARTESIAN_POINT('',(0.00885049753202738,-0.008,-0.00423380104173807));
#4885=CARTESIAN_POINT('',(0.00890815219559739,-0.008,-0.00424220399307236));
#4886=CARTESIAN_POINT('',(0.00896969314417488,-0.008,-0.00424991987987125));
#4887=CARTESIAN_POINT('',(0.00903511446360439,-0.008,-0.00425679643490747));
#4888=CARTESIAN_POINT('',(0.00910440570228057,-0.008,-0.00426268138146595));
#4889=CARTESIAN_POINT('',(0.00917755186399331,-0.008,-0.00426742256046231));
#4890=CARTESIAN_POINT('',(0.0092545334260795,-0.008,-0.00427086802530782));
#4891=CARTESIAN_POINT('',(0.00933532627654356,-0.008,-0.00427286626312097));
#4892=CARTESIAN_POINT('',(0.00941990197883485,-0.008,-0.0042732659269253));
#4893=CARTESIAN_POINT('',(0.00950822678625213,-0.008,-0.00427191745591866));
#4894=CARTESIAN_POINT('',(0.00960026549231013,-0.008,-0.00426866741474163));
#4895=CARTESIAN_POINT('',(0.00969596667417214,-0.008,-0.0042633808682021));
#4896=CARTESIAN_POINT('',(0.00979531950967007,-0.008,-0.0042558559350753));
#4897=CARTESIAN_POINT('',(0.0098745028384057,-0.008,-0.00424838290126221));
#4898=CARTESIAN_POINT('',(0.0099206352794793,-0.008,-0.00424324259632971));
#4899=CARTESIAN_POINT('',(0.00993206797498637,-0.008,-0.00424193655542492));
#4900=CARTESIAN_POINT('',(0.00860000779330785,-0.008,-0.0026532745721173));
#4901=CARTESIAN_POINT('',(0.0087781214482411,-0.008,-0.00270805214261123));
#4902=CARTESIAN_POINT('',(0.00897741294720595,-0.008,-0.00276934280635893));
#4903=CARTESIAN_POINT('',(0.00898583977356043,-0.008,-0.00277250192618572));
#4904=CARTESIAN_POINT('',(0.0089958804275609,-0.008,-0.00277610106328932));
#4905=CARTESIAN_POINT('',(0.0090077189742714,-0.008,-0.00278071263311999));
#4906=CARTESIAN_POINT('',(0.00902350503137272,-0.008,-0.00278717501051314));
#4907=CARTESIAN_POINT('',(0.00904242749630246,-0.008,-0.00279538765385655));
#4908=CARTESIAN_POINT('',(0.00906465644112599,-0.008,-0.00280556046876913));
#4909=CARTESIAN_POINT('',(0.00909004673006104,-0.008,-0.00281780273328248));
#4910=CARTESIAN_POINT('',(0.00911854495517957,-0.008,-0.00283225196268935));
#4911=CARTESIAN_POINT('',(0.00915006509242964,-0.008,-0.00284903436801169));
#4912=CARTESIAN_POINT('',(0.00918452576955507,-0.008,-0.00286827654501762));
#4913=CARTESIAN_POINT('',(0.00922183932408324,-0.008,-0.00289010188231704));
#4914=CARTESIAN_POINT('',(0.00926191507023894,-0.008,-0.00291463147443428));
#4915=CARTESIAN_POINT('',(0.00930465843415457,-0.008,-0.00294198372607431));
#4916=CARTESIAN_POINT('',(0.00934997128811826,-0.008,-0.0029722743374072));
#4917=CARTESIAN_POINT('',(0.00939775194510247,-0.008,-0.0030056161825969));
#4918=CARTESIAN_POINT('',(0.00944789525389507,-0.008,-0.00304211922143259));
#4919=CARTESIAN_POINT('',(0.0095002926691725,-0.008,-0.00308189040342795));
#4920=CARTESIAN_POINT('',(0.00955483233145776,-0.008,-0.00312503357891478));
#4921=CARTESIAN_POINT('',(0.00961139914892329,-0.008,-0.00317164940147968));
#4922=CARTESIAN_POINT('',(0.00966987487556258,-0.008,-0.0032218352712364));
#4923=CARTESIAN_POINT('',(0.00973013821678279,-0.008,-0.00327568513052537));
#4924=CARTESIAN_POINT('',(0.00979206483909587,-0.008,-0.00333328984038591));
#4925=CARTESIAN_POINT('',(0.00985552776080108,-0.008,-0.00339473532474394));
#4926=CARTESIAN_POINT('',(0.00992039628374394,-0.008,-0.00346010933266525));
#4927=CARTESIAN_POINT('',(0.0099865405527945,-0.008,-0.00352947502631756));
#4928=CARTESIAN_POINT('',(0.0100538144817236,-0.008,-0.00360297216249635));
#4929=CARTESIAN_POINT('',(0.0101064210005174,-0.008,-0.00366262448822153));
#4930=CARTESIAN_POINT('',(0.0101365313219013,-0.008,-0.00369795143827907));
#4931=CARTESIAN_POINT('',(0.0101439713517312,-0.008,-0.00370672971974712));
#4932=CARTESIAN_POINT('',(0.00888490665899639,-0.008,-0.00274097628206676));
#4933=CARTESIAN_POINT('',(0.00897429660436639,-0.008,-0.00245138025909638));
#4934=CARTESIAN_POINT('',(0.00868192950395287,-0.008,-0.00237151851951289));
#4935=CARTESIAN_POINT('',(-4.46515267899937E-17,-0.008,1.44308919225288E-17));
#4936=CARTESIAN_POINT('',(0.00875052057995941,-0.008,-0.0021043739163245));
#4937=CARTESIAN_POINT('',(0.00904519750954133,-0.008,-0.00217523946525823));
#4938=CARTESIAN_POINT('',(0.00910637845135607,-0.008,-0.00187840060120541));
#4939=CARTESIAN_POINT('',(0.00881446905122312,-0.008,-0.00181800312019253));
#4940=CARTESIAN_POINT('',(0.00899694053269198,-0.008,-0.0018558080769239));
#4941=CARTESIAN_POINT('',(0.00920110800695941,-0.008,-0.00189810807070103));
#4942=CARTESIAN_POINT('',(0.0092100144087689,-0.008,-0.00189939936745104));
#4943=CARTESIAN_POINT('',(0.00922054699846477,-0.008,-0.00190108254151986));
#4944=CARTESIAN_POINT('',(0.00923314283673849,-0.008,-0.00190274465544557));
#4945=CARTESIAN_POINT('',(0.00925008953808052,-0.008,-0.00190468662197513));
#4946=CARTESIAN_POINT('',(0.00927062789160612,-0.008,-0.00190660579475544));
#4947=CARTESIAN_POINT('',(0.0092950080554054,-0.008,-0.00190840016493283));
#4948=CARTESIAN_POINT('',(0.00932315549111606,-0.008,-0.00190990405174189));
#4949=CARTESIAN_POINT('',(0.00935508964551152,-0.008,-0.00191097122014739));
#4950=CARTESIAN_POINT('',(0.00939079593776396,-0.008,-0.00191144962818464));
#4951=CARTESIAN_POINT('',(0.00943026404879813,-0.008,-0.00191118913775297));
#4952=CARTESIAN_POINT('',(0.00947347660231985,-0.008,-0.00191003939087101));
#4953=CARTESIAN_POINT('',(0.00952041246751053,-0.008,-0.00190785058339279));
#4954=CARTESIAN_POINT('',(0.00957104581055988,-0.008,-0.00190447339517621));
#4955=CARTESIAN_POINT('',(0.00962534638048052,-0.008,-0.00189975916400363));
#4956=CARTESIAN_POINT('',(0.00968327944579413,-0.008,-0.00189355998939206));
#4957=CARTESIAN_POINT('',(0.00974480583532357,-0.008,-0.00188572885586088));
#4958=CARTESIAN_POINT('',(0.00980988195339785,-0.008,-0.00187611975072844));
#4959=CARTESIAN_POINT('',(0.00987845980708895,-0.008,-0.00186458778054122));
#4960=CARTESIAN_POINT('',(0.00995048703089473,-0.008,-0.00185098929597812));
#4961=CARTESIAN_POINT('',(0.0100259069279124,-0.008,-0.00183518197922075));
#4962=CARTESIAN_POINT('',(0.0101046584639478,-0.008,-0.00181702507385288));
#4963=CARTESIAN_POINT('',(0.0101866764573742,-0.008,-0.00179637905962414));
#4964=CARTESIAN_POINT('',(0.010271891027446,-0.008,-0.00177310746692338));
#4965=CARTESIAN_POINT('',(0.0103602299159322,-0.008,-0.00174707043634197));
#4966=CARTESIAN_POINT('',(0.0104516097585215,-0.008,-0.00171815006026446));
#4967=CARTESIAN_POINT('',(0.0105459698672249,-0.008,-0.00168615349129973));
#4968=CARTESIAN_POINT('',(0.0106208070381446,-0.008,-0.00165922314349722));
#4969=CARTESIAN_POINT('',(0.0106642118018966,-0.008,-0.0016427716591313));
#4970=CARTESIAN_POINT('',(0.0106749605190858,-0.008,-0.00163866345414752));
#4971=CARTESIAN_POINT('',(0.0106749605190858,-0.008,-0.00163866345414752));
#4972=CARTESIAN_POINT('',(0.,-0.008,6.61309271539571E-19));
#4973=CARTESIAN_POINT('',(0.0107471060340126,-0.008,-0.00106757289853656));
#4974=CARTESIAN_POINT('',(0.00898966528813021,-0.008,-0.000431182104668993));
#4975=CARTESIAN_POINT('',(0.00917580580289093,-0.008,-0.000439943672309075));
#4976=CARTESIAN_POINT('',(0.00938407856119605,-0.008,-0.000449746996759007));
#4977=CARTESIAN_POINT('',(0.00939302628445801,-0.008,-0.000450711200531978));
#4978=CARTESIAN_POINT('',(0.00940364656184977,-0.008,-0.000451700255014677));
#4979=CARTESIAN_POINT('',(0.00941626002962664,-0.008,-0.000453222817053401));
#4980=CARTESIAN_POINT('',(0.00943315726662032,-0.008,-0.000455556334217962));
#4981=CARTESIAN_POINT('',(0.0094535276488647,-0.008,-0.00045880513660049));
#4982=CARTESIAN_POINT('',(0.00947758810670319,-0.008,-0.000463130240046135));
#4983=CARTESIAN_POINT('',(0.00950522524040233,-0.008,-0.000468673583217508));
#4984=CARTESIAN_POINT('',(0.00953642151860501,-0.008,-0.000475581643123159));
#4985=CARTESIAN_POINT('',(0.00957112500726786,-0.008,-0.000483998058945473));
#4986=CARTESIAN_POINT('',(0.00960928837368106,-0.008,-0.000494065685670923));
#4987=CARTESIAN_POINT('',(0.00965085739494922,-0.008,-0.000505925836199767));
#4988=CARTESIAN_POINT('',(0.00969577434934113,-0.008,-0.000519718353284373));
#4989=CARTESIAN_POINT('',(0.00974397708025387,-0.008,-0.000535581441292633));
#4990=CARTESIAN_POINT('',(0.00979539931630031,-0.008,-0.000553651568830615));
#4991=CARTESIAN_POINT('',(0.00984997063580098,-0.008,-0.000574063352448243));
#4992=CARTESIAN_POINT('',(0.00990761653694999,-0.008,-0.000596949447388822));
#4993=CARTESIAN_POINT('',(0.00996825848183721,-0.008,-0.000622440437274639));
#4994=CARTESIAN_POINT('',(0.0100318139517841,-0.008,-0.000650664728109061));
#4995=CARTESIAN_POINT('',(0.0100981965023136,-0.008,-0.00068174843343481));
#4996=CARTESIAN_POINT('',(0.0101673158247583,-0.008,-0.000715815299947946));
#4997=CARTESIAN_POINT('',(0.0102390777977279,-0.008,-0.000752986483356171));
#4998=CARTESIAN_POINT('',(0.0103133845901213,-0.008,-0.000793380910613243));
#4999=CARTESIAN_POINT('',(0.0103901345780128,-0.008,-0.0008371133852518));
#5000=CARTESIAN_POINT('',(0.010469222991676,-0.008,-0.000884301402848664));
#5001=CARTESIAN_POINT('',(0.010550539763411,-0.008,-0.000935038434873505));
#5002=CARTESIAN_POINT('',(0.010633978152658,-0.008,-0.000989496177572955));
#5003=CARTESIAN_POINT('',(0.010699766871081,-0.008,-0.00103419170656956));
#5004=CARTESIAN_POINT('',(0.0107377166765733,-0.008,-0.00106092066310186));
#5005=CARTESIAN_POINT('',(0.0107471060340126,-0.008,-0.00106757289853656));
#5006=CARTESIAN_POINT('',(0.00928742406041227,-0.008,-0.000445277037366747));
#5007=CARTESIAN_POINT('',(0.00930198605399597,-0.008,-0.000142548830560084));
#5008=CARTESIAN_POINT('',(0.00899894339666163,-0.008,-0.000137904835593625));
#5009=CARTESIAN_POINT('',(-4.68375338513738E-17,-0.008,2.87313575708659E-18));
#5010=CARTESIAN_POINT('',(0.00899894339666163,-0.008,0.000137904835593625));
#5011=CARTESIAN_POINT('',(0.00930198605399597,-0.008,0.000142548830560085));
#5012=CARTESIAN_POINT('',(0.00928742406041228,-0.008,0.000445277037366747));
#5013=CARTESIAN_POINT('',(0.00898966528813021,-0.008,0.000431182104668993));
#5014=CARTESIAN_POINT('',(0.00917580580289093,-0.008,0.000439943672309075));
#5015=CARTESIAN_POINT('',(0.00938407856119605,-0.008,0.000449746996759007));
#5016=CARTESIAN_POINT('',(0.00939302628445801,-0.008,0.000450711200531978));
#5017=CARTESIAN_POINT('',(0.00940364656184977,-0.008,0.000451700255014677));
#5018=CARTESIAN_POINT('',(0.00941626002962664,-0.008,0.000453222817053401));
#5019=CARTESIAN_POINT('',(0.00943315726662032,-0.008,0.000455556334217962));
#5020=CARTESIAN_POINT('',(0.0094535276488647,-0.008,0.00045880513660049));
#5021=CARTESIAN_POINT('',(0.00947758810670319,-0.008,0.000463130240046135));
#5022=CARTESIAN_POINT('',(0.00950522524040233,-0.008,0.000468673583217508));
#5023=CARTESIAN_POINT('',(0.00953642151860501,-0.008,0.000475581643123159));
#5024=CARTESIAN_POINT('',(0.00957112500726786,-0.008,0.000483998058945473));
#5025=CARTESIAN_POINT('',(0.00960928837368106,-0.008,0.000494065685670923));
#5026=CARTESIAN_POINT('',(0.00965085739494922,-0.008,0.000505925836199767));
#5027=CARTESIAN_POINT('',(0.00969577434934113,-0.008,0.000519718353284373));
#5028=CARTESIAN_POINT('',(0.00974397708025387,-0.008,0.000535581441292633));
#5029=CARTESIAN_POINT('',(0.00979539931630031,-0.008,0.000553651568830615));
#5030=CARTESIAN_POINT('',(0.00984997063580098,-0.008,0.000574063352448243));
#5031=CARTESIAN_POINT('',(0.00990761653694999,-0.008,0.000596949447388822));
#5032=CARTESIAN_POINT('',(0.00996825848183721,-0.008,0.000622440437274639));
#5033=CARTESIAN_POINT('',(0.0100318139517841,-0.008,0.000650664728109061));
#5034=CARTESIAN_POINT('',(0.0100981965023136,-0.008,0.00068174843343481));
#5035=CARTESIAN_POINT('',(0.0101673158247583,-0.008,0.000715815299947946));
#5036=CARTESIAN_POINT('',(0.0102390777977279,-0.008,0.000752986483356171));
#5037=CARTESIAN_POINT('',(0.0103133845901213,-0.008,0.000793380910613243));
#5038=CARTESIAN_POINT('',(0.0103901345780128,-0.008,0.0008371133852518));
#5039=CARTESIAN_POINT('',(0.010469222991676,-0.008,0.000884301402848664));
#5040=CARTESIAN_POINT('',(0.010550539763411,-0.008,0.000935038434873505));
#5041=CARTESIAN_POINT('',(0.010633978152658,-0.008,0.000989496177572955));
#5042=CARTESIAN_POINT('',(0.010699766871081,-0.008,0.00103419170656956));
#5043=CARTESIAN_POINT('',(0.0107377166765733,-0.008,0.00106092066310186));
#5044=CARTESIAN_POINT('',(0.0107471060340126,-0.008,0.00106757289853656));
#5045=CARTESIAN_POINT('',(0.00881446905122312,-0.008,0.00181800312019253));
#5046=CARTESIAN_POINT('',(0.00899694053269197,-0.008,0.0018558080769239));
#5047=CARTESIAN_POINT('',(0.00920110800695941,-0.008,0.00189810807070103));
#5048=CARTESIAN_POINT('',(0.0092100144087689,-0.008,0.00189939936745104));
#5049=CARTESIAN_POINT('',(0.00922054699846477,-0.008,0.00190108254151987));
#5050=CARTESIAN_POINT('',(0.00923314283673849,-0.008,0.00190274465544558));
#5051=CARTESIAN_POINT('',(0.00925008953808052,-0.008,0.00190468662197513));
#5052=CARTESIAN_POINT('',(0.00927062789160612,-0.008,0.00190660579475545));
#5053=CARTESIAN_POINT('',(0.0092950080554054,-0.008,0.00190840016493284));
#5054=CARTESIAN_POINT('',(0.00932315549111606,-0.008,0.00190990405174189));
#5055=CARTESIAN_POINT('',(0.00935508964551152,-0.008,0.00191097122014739));
#5056=CARTESIAN_POINT('',(0.00939079593776396,-0.008,0.00191144962818464));
#5057=CARTESIAN_POINT('',(0.00943026404879813,-0.008,0.00191118913775297));
#5058=CARTESIAN_POINT('',(0.00947347660231985,-0.008,0.00191003939087101));
#5059=CARTESIAN_POINT('',(0.00952041246751053,-0.008,0.0019078505833928));
#5060=CARTESIAN_POINT('',(0.00957104581055988,-0.008,0.00190447339517622));
#5061=CARTESIAN_POINT('',(0.00962534638048052,-0.008,0.00189975916400363));
#5062=CARTESIAN_POINT('',(0.00968327944579413,-0.008,0.00189355998939206));
#5063=CARTESIAN_POINT('',(0.00974480583532357,-0.008,0.00188572885586088));
#5064=CARTESIAN_POINT('',(0.00980988195339785,-0.008,0.00187611975072844));
#5065=CARTESIAN_POINT('',(0.00987845980708895,-0.008,0.00186458778054123));
#5066=CARTESIAN_POINT('',(0.00995048703089473,-0.008,0.00185098929597812));
#5067=CARTESIAN_POINT('',(0.0100259069279124,-0.008,0.00183518197922076));
#5068=CARTESIAN_POINT('',(0.0101046584639478,-0.008,0.00181702507385288));
#5069=CARTESIAN_POINT('',(0.0101866764573742,-0.008,0.00179637905962414));
#5070=CARTESIAN_POINT('',(0.010271891027446,-0.008,0.00177310746692339));
#5071=CARTESIAN_POINT('',(0.0103602299159322,-0.008,0.00174707043634197));
#5072=CARTESIAN_POINT('',(0.0104516097585215,-0.008,0.00171815006026446));
#5073=CARTESIAN_POINT('',(0.0105459698672249,-0.008,0.00168615349129973));
#5074=CARTESIAN_POINT('',(0.0106208070381446,-0.008,0.00165922314349722));
#5075=CARTESIAN_POINT('',(0.0106642118018966,-0.008,0.0016427716591313));
#5076=CARTESIAN_POINT('',(0.0106749605190858,-0.008,0.00163866345414753));
#5077=CARTESIAN_POINT('',(0.00910637845135607,-0.008,0.00187840060120541));
#5078=CARTESIAN_POINT('',(0.00904519750954133,-0.008,0.00217523946525823));
#5079=CARTESIAN_POINT('',(0.00875052057995941,-0.008,0.0021043739163245));
#5080=CARTESIAN_POINT('',(-4.60805664044721E-17,-0.008,-8.86515009462759E-18));
#5081=CARTESIAN_POINT('',(0.00868192950395287,-0.008,0.00237151851951289));
#5082=CARTESIAN_POINT('',(0.00897429660436639,-0.008,0.00245138025909639));
#5083=CARTESIAN_POINT('',(0.00888490665899639,-0.008,0.00274097628206676));
#5084=CARTESIAN_POINT('',(0.00860000779330785,-0.008,0.00265327457211731));
#5085=CARTESIAN_POINT('',(0.0087781214482411,-0.008,0.00270805214261123));
#5086=CARTESIAN_POINT('',(0.00897741294720595,-0.008,0.00276934280635893));
#5087=CARTESIAN_POINT('',(0.00898583977356043,-0.008,0.00277250192618573));
#5088=CARTESIAN_POINT('',(0.0089958804275609,-0.008,0.00277610106328932));
#5089=CARTESIAN_POINT('',(0.0090077189742714,-0.008,0.00278071263311999));
#5090=CARTESIAN_POINT('',(0.00902350503137272,-0.008,0.00278717501051314));
#5091=CARTESIAN_POINT('',(0.00904242749630246,-0.008,0.00279538765385655));
#5092=CARTESIAN_POINT('',(0.00906465644112599,-0.008,0.00280556046876913));
#5093=CARTESIAN_POINT('',(0.00909004673006104,-0.008,0.00281780273328248));
#5094=CARTESIAN_POINT('',(0.00911854495517957,-0.008,0.00283225196268935));
#5095=CARTESIAN_POINT('',(0.00915006509242964,-0.008,0.0028490343680117));
#5096=CARTESIAN_POINT('',(0.00918452576955507,-0.008,0.00286827654501762));
#5097=CARTESIAN_POINT('',(0.00922183932408324,-0.008,0.00289010188231704));
#5098=CARTESIAN_POINT('',(0.00926191507023894,-0.008,0.00291463147443428));
#5099=CARTESIAN_POINT('',(0.00930465843415457,-0.008,0.00294198372607432));
#5100=CARTESIAN_POINT('',(0.00934997128811826,-0.008,0.00297227433740721));
#5101=CARTESIAN_POINT('',(0.00939775194510247,-0.008,0.0030056161825969));
#5102=CARTESIAN_POINT('',(0.00944789525389507,-0.008,0.00304211922143259));
#5103=CARTESIAN_POINT('',(0.0095002926691725,-0.008,0.00308189040342796));
#5104=CARTESIAN_POINT('',(0.00955483233145776,-0.008,0.00312503357891478));
#5105=CARTESIAN_POINT('',(0.00961139914892329,-0.008,0.00317164940147968));
#5106=CARTESIAN_POINT('',(0.00966987487556258,-0.008,0.0032218352712364));
#5107=CARTESIAN_POINT('',(0.00973013821678279,-0.008,0.00327568513052538));
#5108=CARTESIAN_POINT('',(0.00979206483909587,-0.008,0.00333328984038591));
#5109=CARTESIAN_POINT('',(0.00985552776080108,-0.008,0.00339473532474394));
#5110=CARTESIAN_POINT('',(0.00992039628374393,-0.008,0.00346010933266525));
#5111=CARTESIAN_POINT('',(0.0099865405527945,-0.008,0.00352947502631756));
#5112=CARTESIAN_POINT('',(0.0100538144817236,-0.008,0.00360297216249636));
#5113=CARTESIAN_POINT('',(0.0101064210005174,-0.008,0.00366262448822153));
#5114=CARTESIAN_POINT('',(0.0101365313219013,-0.008,0.00369795143827907));
#5115=CARTESIAN_POINT('',(0.0101439713517312,-0.008,0.00370672971974712));
#5116=CARTESIAN_POINT('',(0.00808542730647815,-0.008,0.00395295652286458));
#5117=CARTESIAN_POINT('',(0.00825276440039127,-0.008,0.00403495257949908));
#5118=CARTESIAN_POINT('',(0.00843999799733737,-0.008,0.00412669802732575));
#5119=CARTESIAN_POINT('',(0.00844830345571323,-0.008,0.00413016368767487));
#5120=CARTESIAN_POINT('',(0.00845808655636647,-0.008,0.00413441333027821));
#5121=CARTESIAN_POINT('',(0.00846987332229406,-0.008,0.00413915568343757));
#5122=CARTESIAN_POINT('',(0.00848580466441351,-0.008,0.00414525111276214));
#5123=CARTESIAN_POINT('',(0.00850522048893353,-0.008,0.00415221767202127));
#5124=CARTESIAN_POINT('',(0.00852838846333811,-0.008,0.00416001876894424));
#5125=CARTESIAN_POINT('',(0.00855527759415556,-0.008,0.00416847539099459));
#5126=CARTESIAN_POINT('',(0.00858594308437753,-0.008,0.00417745073359556));
#5127=CARTESIAN_POINT('',(0.00862040862255878,-0.008,0.00418679390535592));
#5128=CARTESIAN_POINT('',(0.0086587015516441,-0.008,0.00419635691878986));
#5129=CARTESIAN_POINT('',(0.00870084243375694,-0.008,0.00420598981837986));
#5130=CARTESIAN_POINT('',(0.00874684805671842,-0.008,0.00421554225133177));
#5131=CARTESIAN_POINT('',(0.00879673053274419,-0.008,0.00422486316406295));
#5132=CARTESIAN_POINT('',(0.00885049753202738,-0.008,0.00423380104173807));
#5133=CARTESIAN_POINT('',(0.00890815219559739,-0.008,0.00424220399307236));
#5134=CARTESIAN_POINT('',(0.00896969314417488,-0.008,0.00424991987987125));
#5135=CARTESIAN_POINT('',(0.00903511446360439,-0.008,0.00425679643490747));
#5136=CARTESIAN_POINT('',(0.00910440570228057,-0.008,0.00426268138146595));
#5137=CARTESIAN_POINT('',(0.00917755186399331,-0.008,0.00426742256046231));
#5138=CARTESIAN_POINT('',(0.0092545334260795,-0.008,0.00427086802530782));
#5139=CARTESIAN_POINT('',(0.00933532627654356,-0.008,0.00427286626312097));
#5140=CARTESIAN_POINT('',(0.00941990197883485,-0.008,0.0042732659269253));
#5141=CARTESIAN_POINT('',(0.00950822678625213,-0.008,0.00427191745591866));
#5142=CARTESIAN_POINT('',(0.00960026549231013,-0.008,0.00426866741474163));
#5143=CARTESIAN_POINT('',(0.00969596667417214,-0.008,0.0042633808682021));
#5144=CARTESIAN_POINT('',(0.00979531950967007,-0.008,0.0042558559350753));
#5145=CARTESIAN_POINT('',(0.0098745028384057,-0.008,0.00424838290126221));
#5146=CARTESIAN_POINT('',(0.0099206352794793,-0.008,0.00424324259632971));
#5147=CARTESIAN_POINT('',(0.00993206797498637,-0.008,0.00424193655542492));
#5148=CARTESIAN_POINT('',(0.00835314559328394,-0.008,0.00408405142172967));
#5149=CARTESIAN_POINT('',(0.00822006593965275,-0.008,0.00435634946550323));
#5150=CARTESIAN_POINT('',(0.00795227037305482,-0.008,0.00421442711573407));
#5151=CARTESIAN_POINT('',(-4.24281874979089E-17,-0.008,-2.00464059621549E-17));
#5152=CARTESIAN_POINT('',(0.00781939805060758,-0.008,0.00445612097301615));
#5153=CARTESIAN_POINT('',(0.00808271909393031,-0.008,0.00460618245040772));
#5154=CARTESIAN_POINT('',(0.00792411789579483,-0.008,0.00486444990635891));
#5155=CARTESIAN_POINT('',(0.00766998018021575,-0.008,0.0047086520401382));
#5156=CARTESIAN_POINT('',(0.00782887543932588,-0.008,0.00480600373727402));
#5157=CARTESIAN_POINT('',(0.00800666346112764,-0.008,0.00491493062250492));
#5158=CARTESIAN_POINT('',(0.00801403990208308,-0.008,0.00492008615926839));
#5159=CARTESIAN_POINT('',(0.00802287004147446,-0.008,0.00492606923197197));
#5160=CARTESIAN_POINT('',(0.00803318980768964,-0.008,0.00493348004770195));
#5161=CARTESIAN_POINT('',(0.00804687278887388,-0.008,0.00494366523038513));
#5162=CARTESIAN_POINT('',(0.00806315836842547,-0.008,0.00495632568410417));
#5163=CARTESIAN_POINT('',(0.00808215907387845,-0.008,0.00497170701510973));
#5164=CARTESIAN_POINT('',(0.00810370715281665,-0.008,0.00498987897446178));
#5165=CARTESIAN_POINT('',(0.0081277166765577,-0.008,0.00501096147514569));
#5166=CARTESIAN_POINT('',(0.00815407293624862,-0.008,0.00503505536972028));
#5167=CARTESIAN_POINT('',(0.00818266563300499,-0.008,0.00506226304025763));
#5168=CARTESIAN_POINT('',(0.00821337917293251,-0.008,0.00509268219811713));
#5169=CARTESIAN_POINT('',(0.00824609560433274,-0.008,0.00512640758078075));
#5170=CARTESIAN_POINT('',(0.00828069387849735,-0.008,0.00516353035348746));
#5171=CARTESIAN_POINT('',(0.00831705017711473,-0.008,0.00520413817810414));
#5172=CARTESIAN_POINT('',(0.00835503793717921,-0.008,0.0052483150941099));
#5173=CARTESIAN_POINT('',(0.00839452796510977,-0.008,0.00529614145666189));
#5174=CARTESIAN_POINT('',(0.00843538852847132,-0.008,0.00534769386113385));
#5175=CARTESIAN_POINT('',(0.00847748545553071,-0.008,0.00540304507688773));
#5176=CARTESIAN_POINT('',(0.00852068223875269,-0.008,0.00546226397311904));
#5177=CARTESIAN_POINT('',(0.00856484012462321,-0.008,0.00552541548335179));
#5178=CARTESIAN_POINT('',(0.00860981826673203,-0.008,0.00559256043381648));
#5179=CARTESIAN_POINT('',(0.00865547364153467,-0.008,0.00566375591050463));
#5180=CARTESIAN_POINT('',(0.00870166188828258,-0.008,0.00573905355881923));
#5181=CARTESIAN_POINT('',(0.00874823459263884,-0.008,0.00581850586771851));
#5182=CARTESIAN_POINT('',(0.00879505027131888,-0.008,0.00590214172135693));
#5183=CARTESIAN_POINT('',(0.00884193267155932,-0.008,0.0059900601556454));
#5184=CARTESIAN_POINT('',(0.00887805152967488,-0.008,0.00606092110308794));
#5185=CARTESIAN_POINT('',(0.0088984304247198,-0.008,0.00610262632447515));
#5186=CARTESIAN_POINT('',(0.00890345364250356,-0.008,0.00611297908026767));
#5187=CARTESIAN_POINT('',(0.00684834842794559,-0.008,0.0058395311292479));
#5188=CARTESIAN_POINT('',(0.00699003672926964,-0.008,0.00596056617198678));
#5189=CARTESIAN_POINT('',(0.00714857187340127,-0.008,0.00609599236995989));
#5190=CARTESIAN_POINT('',(0.00715575452584841,-0.008,0.00610141463372259));
#5191=CARTESIAN_POINT('',(0.00716417342926525,-0.008,0.00610796372418657));
#5192=CARTESIAN_POINT('',(0.00717441051699478,-0.008,0.00611548833708942));
#5193=CARTESIAN_POINT('',(0.00718832547507491,-0.008,0.00612535423096712));
#5194=CARTESIAN_POINT('',(0.00720539880292835,-0.008,0.00613693044216562));
#5195=CARTESIAN_POINT('',(0.00722589885890056,-0.008,0.00615024809422405));
#5196=CARTESIAN_POINT('',(0.00724984014184422,-0.008,0.006165126090851));
#5197=CARTESIAN_POINT('',(0.00727731014236228,-0.008,0.00618144565386282));
#5198=CARTESIAN_POINT('',(0.00730836932995303,-0.008,0.00619906652350281));
#5199=CARTESIAN_POINT('',(0.00734308099152351,-0.008,0.00621785216149801));
#5200=CARTESIAN_POINT('',(0.00738150233562102,-0.008,0.0062376624370514));
#5201=CARTESIAN_POINT('',(0.00742368701386578,-0.008,0.00625835589593966));
#5202=CARTESIAN_POINT('',(0.00746968432344434,-0.008,0.00627978924239179));
#5203=CARTESIAN_POINT('',(0.00751953937378395,-0.008,0.00630181762918907));
#5204=CARTESIAN_POINT('',(0.00757329298105921,-0.008,0.00632429471813299));
#5205=CARTESIAN_POINT('',(0.00763098164455386,-0.008,0.00634707280771733));
#5206=CARTESIAN_POINT('',(0.00769263750323606,-0.008,0.00637000294367909));
#5207=CARTESIAN_POINT('',(0.00775828830353596,-0.008,0.00639293503414766));
#5208=CARTESIAN_POINT('',(0.00782795736080247,-0.008,0.00641571797099032));
#5209=CARTESIAN_POINT('',(0.00790166355329287,-0.008,0.00643819972621093));
#5210=CARTESIAN_POINT('',(0.00797942120625566,-0.008,0.00646022755057432));
#5211=CARTESIAN_POINT('',(0.00806124041498924,-0.008,0.006481647780065));
#5212=CARTESIAN_POINT('',(0.00814712568726603,-0.008,0.00650230716014517));
#5213=CARTESIAN_POINT('',(0.00823708108049948,-0.008,0.00652204832041248));
#5214=CARTESIAN_POINT('',(0.00833109034441353,-0.008,0.00654072777657258));
#5215=CARTESIAN_POINT('',(0.00842919320265743,-0.008,0.00655814729850683));
#5216=CARTESIAN_POINT('',(0.00850774730944863,-0.008,0.00657060113688153));
#5217=CARTESIAN_POINT('',(0.00855370875690794,-0.008,0.00657709499564607));
#5218=CARTESIAN_POINT('',(0.00856510707242764,-0.008,0.00657867318217359));
#5219=CARTESIAN_POINT('',(0.00707505387686524,-0.008,0.00603308627133618));
#5220=CARTESIAN_POINT('',(0.00687843739548798,-0.008,0.00626373400729805));
#5221=CARTESIAN_POINT('',(0.00665434977220659,-0.008,0.00605967235988334));
#5222=CARTESIAN_POINT('',(-3.61098895308937E-17,-0.008,-2.99680724175561E-17));
#5223=CARTESIAN_POINT('',(0.00646554506000821,-0.008,0.00626072895731826));
#5224=CARTESIAN_POINT('',(0.00668327461666113,-0.008,0.00647156125800588));
#5225=CARTESIAN_POINT('',(0.00646542766233342,-0.008,0.00668227225283921));
#5226=CARTESIAN_POINT('',(0.00625801950418679,-0.008,0.00646816758326636));
#5227=CARTESIAN_POINT('',(0.00638771239396801,-0.008,0.00660197644187854));
#5228=CARTESIAN_POINT('',(0.00653282586333828,-0.008,0.00675169527178852));
#5229=CARTESIAN_POINT('',(0.00653868842998079,-0.008,0.00675852328415309));
#5230=CARTESIAN_POINT('',(0.00654575322463015,-0.008,0.00676651435399448));
#5231=CARTESIAN_POINT('',(0.00655390578148528,-0.008,0.00677625876681639));
#5232=CARTESIAN_POINT('',(0.00656462593472214,-0.008,0.00678952678230311));
#5233=CARTESIAN_POINT('',(0.00657725134603818,-0.008,0.00680583954352873));
#5234=CARTESIAN_POINT('',(0.00659182992791728,-0.008,0.00682546292503161));
#5235=CARTESIAN_POINT('',(0.00660818185181067,-0.008,0.00684842276818448));
#5236=CARTESIAN_POINT('',(0.00662619406749674,-0.008,0.00687481384909144));
#5237=CARTESIAN_POINT('',(0.00664573038890058,-0.008,0.00690470532491103));
#5238=CARTESIAN_POINT('',(0.0066666585209941,-0.008,0.00693816893097711));
#5239=CARTESIAN_POINT('',(0.00668884220165081,-0.008,0.00697527056183455));
#5240=CARTESIAN_POINT('',(0.00671214362458809,-0.008,0.00701607264521851));
#5241=CARTESIAN_POINT('',(0.00673642287219237,-0.008,0.00706063337865473));
#5242=CARTESIAN_POINT('',(0.0067615382155122,-0.008,0.0071090068775894));
#5243=CARTESIAN_POINT('',(0.00678734616798288,-0.008,0.00716124306630725));
#5244=CARTESIAN_POINT('',(0.00681370161136236,-0.008,0.00721738764632333));
#5245=CARTESIAN_POINT('',(0.00684045790333738,-0.008,0.00727748204610244));
#5246=CARTESIAN_POINT('',(0.00686746699042209,-0.008,0.00734156338167004));
#5247=CARTESIAN_POINT('',(0.00689457952664404,-0.008,0.00740966441052567));
#5248=CARTESIAN_POINT('',(0.00692164496937519,-0.008,0.00748181351959153));
#5249=CARTESIAN_POINT('',(0.00694851177028589,-0.008,0.00755803459705236));
#5250=CARTESIAN_POINT('',(0.00697502720247052,-0.008,0.00763834736692917));
#5251=CARTESIAN_POINT('',(0.00700103859684946,-0.008,0.00772276595103136));
#5252=CARTESIAN_POINT('',(0.00702638914832201,-0.008,0.00781130428013532));
#5253=CARTESIAN_POINT('',(0.00705093463536403,-0.008,0.00790395514548459));
#5254=CARTESIAN_POINT('',(0.0070744797132873,-0.008,0.00800077063931501));
#5255=CARTESIAN_POINT('',(0.00709184143003335,-0.008,0.00807838775453876));
#5256=CARTESIAN_POINT('',(0.00710120841781529,-0.008,0.00812385075481482));
#5257=CARTESIAN_POINT('',(0.00710349919630544,-0.008,0.00813512748321057));
#5258=CARTESIAN_POINT('',(0.00518096263122151,-0.008,0.00735918651848737));
#5259=CARTESIAN_POINT('',(0.00528809934289119,-0.008,0.00751165547045959));
#5260=CARTESIAN_POINT('',(0.00540797468805108,-0.008,0.00768225309249778));
#5261=CARTESIAN_POINT('',(0.0054135832221003,-0.008,0.00768929125890015));
#5262=CARTESIAN_POINT('',(0.0054201089376165,-0.008,0.00769772829378506));
#5263=CARTESIAN_POINT('',(0.00542815311327655,-0.008,0.00770756236732912));
#5264=CARTESIAN_POINT('',(0.00543917735932555,-0.008,0.0077205788153634));
#5265=CARTESIAN_POINT('',(0.00545283541053206,-0.008,0.00773603730257734));
#5266=CARTESIAN_POINT('',(0.00546937945416123,-0.008,0.0077540347127135));
#5267=CARTESIAN_POINT('',(0.00548886857037388,-0.008,0.00777439924467154));
#5268=CARTESIAN_POINT('',(0.00551141704002788,-0.008,0.00779703760993102));
#5269=CARTESIAN_POINT('',(0.0055371183140441,-0.008,0.00782182899340613));
#5270=CARTESIAN_POINT('',(0.00556606764674272,-0.008,0.00784865688523861));
#5271=CARTESIAN_POINT('',(0.00559835529847141,-0.008,0.00787739978428527));
#5272=CARTESIAN_POINT('',(0.00563406841352094,-0.008,0.00790793402298272));
#5273=CARTESIAN_POINT('',(0.00567329037652522,-0.008,0.00794013306717187));
#5274=CARTESIAN_POINT('',(0.00571610090175434,-0.008,0.0079738678385341));
#5275=CARTESIAN_POINT('',(0.00576257591589782,-0.008,0.00800900674692436));
#5276=CARTESIAN_POINT('',(0.00581278750341819,-0.008,0.0080454158081536));
#5277=CARTESIAN_POINT('',(0.00586680383699769,-0.008,0.00808295874026728));
#5278=CARTESIAN_POINT('',(0.00592468911769171,-0.008,0.00812149706706349));
#5279=CARTESIAN_POINT('',(0.00598650350741908,-0.008,0.00816089022604083));
#5280=CARTESIAN_POINT('',(0.00605230309916711,-0.008,0.00820099566027392));
#5281=CARTESIAN_POINT('',(0.00612213975532033,-0.008,0.00824166898197012));
#5282=CARTESIAN_POINT('',(0.00619606146870146,-0.008,0.00828276386535018));
#5283=CARTESIAN_POINT('',(0.00627411071831668,-0.008,0.00832413299168682));
#5284=CARTESIAN_POINT('',(0.00635633057053591,-0.008,0.00836562494369597));
#5285=CARTESIAN_POINT('',(0.0064427409687084,-0.008,0.00840709670362693));
#5286=CARTESIAN_POINT('',(0.00653342968631774,-0.008,0.00844836614799458));
#5287=CARTESIAN_POINT('',(0.00660641872773303,-0.008,0.00847996433808996));
#5288=CARTESIAN_POINT('',(0.00664932125479979,-0.008,0.00849768432752264));
#5289=CARTESIAN_POINT('',(0.00665996899224796,-0.008,0.00850204757821877));
#5290=CARTESIAN_POINT('',(0.00535241050513508,-0.008,0.00760304012237543));
#5291=CARTESIAN_POINT('',(0.00510461133264152,-0.008,0.00777754510501208));
#5292=CARTESIAN_POINT('',(0.00493831190218407,-0.008,0.00752416610374513));
#5293=CARTESIAN_POINT('',(-2.75226744017684E-17,-0.008,-3.80067346681016E-17));
#5294=CARTESIAN_POINT('',(0.00470543809467714,-0.008,0.00767195231588161));
#5295=CARTESIAN_POINT('',(0.00486389541586245,-0.008,0.00793030807102611));
#5296=CARTESIAN_POINT('',(0.00460049083066798,-0.008,0.00808022285799537));
#5297=CARTESIAN_POINT('',(0.00445284444732399,-0.008,0.00782126436888154));
#5298=CARTESIAN_POINT('',(0.00454518588653427,-0.008,0.00798312268626892));
#5299=CARTESIAN_POINT('',(0.0046485067905025,-0.008,0.0081642260761474));
#5300=CARTESIAN_POINT('',(0.00465248711620892,-0.008,0.00817229753498452));
#5301=CARTESIAN_POINT('',(0.00465734265908595,-0.008,0.00818179449365648));
#5302=CARTESIAN_POINT('',(0.00466281575145079,-0.008,0.00819326022627528));
#5303=CARTESIAN_POINT('',(0.00466989949008644,-0.008,0.00820877739635618));
#5304=CARTESIAN_POINT('',(0.00467807143214094,-0.008,0.00822771747430642));
#5305=CARTESIAN_POINT('',(0.00468731186453042,-0.008,0.00825034989707705));
#5306=CARTESIAN_POINT('',(0.00469744018186261,-0.008,0.00827665497264505));
#5307=CARTESIAN_POINT('',(0.00470832331573784,-0.008,0.00830669638510207));
#5308=CARTESIAN_POINT('',(0.00471981215993123,-0.008,0.00834050725080774));
#5309=CARTESIAN_POINT('',(0.00473176073585419,-0.008,0.00837812415096291));
#5310=CARTESIAN_POINT('',(0.00474402067499857,-0.008,0.00841957702290125));
#5311=CARTESIAN_POINT('',(0.00475644297537311,-0.008,0.00846489206204698));
#5312=CARTESIAN_POINT('',(0.00476887764199724,-0.008,0.00851409084144799));
#5313=CARTESIAN_POINT('',(0.00478117394063096,-0.008,0.0085671905298573));
#5314=CARTESIAN_POINT('',(0.00479318047693911,-0.008,0.00862420379943884));
#5315=CARTESIAN_POINT('',(0.00480474532633144,-0.008,0.00868513882647128));
#5316=CARTESIAN_POINT('',(0.00481571615069237,-0.008,0.00874999926940767));
#5317=CARTESIAN_POINT('',(0.0048259403175284,-0.008,0.0088187842588006));
#5318=CARTESIAN_POINT('',(0.00483526502638656,-0.008,0.00889148838217949));
#5319=CARTESIAN_POINT('',(0.0048435374046718,-0.008,0.00896810169620999));
#5320=CARTESIAN_POINT('',(0.00485060472447398,-0.008,0.0090486096500486));
#5321=CARTESIAN_POINT('',(0.0048563141519195,-0.008,0.009132993366413));
#5322=CARTESIAN_POINT('',(0.00486051430235743,-0.008,0.0092212285561938));
#5323=CARTESIAN_POINT('',(0.00486304983256444,-0.008,0.00931328971666363));
#5324=CARTESIAN_POINT('',(0.00486378284474561,-0.008,0.00940913399910782));
#5325=CARTESIAN_POINT('',(0.00486251117651305,-0.008,0.00950876327894035));
#5326=CARTESIAN_POINT('',(0.0048600248513745,-0.008,0.00958825959314001));
#5327=CARTESIAN_POINT('',(0.00485779136960176,-0.008,0.00963462376479636));
#5328=CARTESIAN_POINT('',(0.00485720577076087,-0.008,0.00964611590747734));
#5329=CARTESIAN_POINT('',(0.0031880378981301,-0.008,0.00841643715357551));
#5330=CARTESIAN_POINT('',(0.00325389122652993,-0.008,0.00859075982978708));
#5331=CARTESIAN_POINT('',(0.00332757456391102,-0.008,0.00878580959988352));
#5332=CARTESIAN_POINT('',(0.00333125657474125,-0.008,0.00879402143504593));
#5333=CARTESIAN_POINT('',(0.00333547906765101,-0.008,0.00880381628442071));
#5334=CARTESIAN_POINT('',(0.00334082488610046,-0.008,0.00881534190759802));
#5335=CARTESIAN_POINT('',(0.00334826572619473,-0.008,0.00883069103848773));
#5336=CARTESIAN_POINT('',(0.00335765031516622,-0.008,0.00884906048811311));
#5337=CARTESIAN_POINT('',(0.00336919882334638,-0.008,0.00887060681285831));
#5338=CARTESIAN_POINT('',(0.00338301119998043,-0.008,0.008895178301709));
#5339=CARTESIAN_POINT('',(0.00339922133549453,-0.008,0.0089227130174688));
#5340=CARTESIAN_POINT('',(0.00341794979036711,-0.008,0.00895311718097896));
#5341=CARTESIAN_POINT('',(0.00343931780115221,-0.008,0.0089863016315388));
#5342=CARTESIAN_POINT('',(0.00346344300860831,-0.008,0.00902217113202265));
#5343=CARTESIAN_POINT('',(0.0034904405741004,-0.008,0.00906062757201485));
#5344=CARTESIAN_POINT('',(0.00352042273034654,-0.008,0.00910156912957481));
#5345=CARTESIAN_POINT('',(0.00355349878771893,-0.008,0.00914489060574949));
#5346=CARTESIAN_POINT('',(0.00358977501266885,-0.008,0.00919048342674007));
#5347=CARTESIAN_POINT('',(0.00362935454550574,-0.008,0.00923823574439403));
#5348=CARTESIAN_POINT('',(0.00367233730908556,-0.008,0.00928803251216168));
#5349=CARTESIAN_POINT('',(0.00371881992510053,-0.008,0.00933975557047885));
#5350=CARTESIAN_POINT('',(0.00376889562184475,-0.008,0.00939328373453444));
#5351=CARTESIAN_POINT('',(0.0038226541825069,-0.008,0.00944849287584966));
#5352=CARTESIAN_POINT('',(0.0038801817479032,-0.008,0.00950525604049049));
#5353=CARTESIAN_POINT('',(0.0039415611928151,-0.008,0.00956344343510074));
#5354=CARTESIAN_POINT('',(0.00400687029837035,-0.008,0.00962292293334113));
#5355=CARTESIAN_POINT('',(0.00407618843387698,-0.008,0.00968355858515066));
#5356=CARTESIAN_POINT('',(0.00414957048319552,-0.008,0.00974521682565354));
#5357=CARTESIAN_POINT('',(0.00422714675451313,-0.008,0.00980774308148658));
#5358=CARTESIAN_POINT('',(0.00428998456064546,-0.008,0.00985650019280895));
#5359=CARTESIAN_POINT('',(0.00432713244375962,-0.008,0.00988433290080413));
#5360=CARTESIAN_POINT('',(0.00433636056663274,-0.008,0.00989120705658074));
#5361=CARTESIAN_POINT('',(0.00329345549657841,-0.008,0.00869526700050024));
#5362=CARTESIAN_POINT('',(0.00301004376631793,-0.008,0.00880266443996817));
#5363=CARTESIAN_POINT('',(0.00291198173350659,-0.008,0.00851588881936137));
#5364=CARTESIAN_POINT('',(-1.72061084186642E-17,-0.008,-4.36572940004578E-17));
#5365=CARTESIAN_POINT('',(0.00264967114846673,-0.008,0.0086011186949712));
#5366=CARTESIAN_POINT('',(0.00273889977792909,-0.008,0.00889076446231085));
#5367=CARTESIAN_POINT('',(0.00244648824068993,-0.008,0.00897046334400274));
#5368=CARTESIAN_POINT('',(0.00236788079741949,-0.008,0.00868292234960166));
#5369=CARTESIAN_POINT('',(0.0024170686338252,-0.008,0.00886265997240953));
#5370=CARTESIAN_POINT('',(0.00247210494000735,-0.008,0.00906376853021877));
#5371=CARTESIAN_POINT('',(0.00247395292627494,-0.008,0.00907257627608496));
#5372=CARTESIAN_POINT('',(0.00247629412576323,-0.008,0.00908298239474677));
#5373=CARTESIAN_POINT('',(0.0024787438591159,-0.008,0.00909544901301399));
#5374=CARTESIAN_POINT('',(0.00248174608579968,-0.008,0.00911224033682473));
#5375=CARTESIAN_POINT('',(0.00248495108541905,-0.008,0.00913261765674525));
#5376=CARTESIAN_POINT('',(0.00248827275796796,-0.008,0.00915683704242472));
#5377=CARTESIAN_POINT('',(0.0024915410693116,-0.008,0.00918483450576662));
#5378=CARTESIAN_POINT('',(0.00249461129404925,-0.008,0.00921663863734444));
#5379=CARTESIAN_POINT('',(0.00249733077469851,-0.008,0.00925224443189624));
#5380=CARTESIAN_POINT('',(0.00249954902148188,-0.008,0.00929165101795845));
#5381=CARTESIAN_POINT('',(0.00250111488204858,-0.008,0.00933485049458081));
#5382=CARTESIAN_POINT('',(0.00250187752104182,-0.008,0.00938183117892172));
#5383=CARTESIAN_POINT('',(0.00250168629085032,-0.008,0.00943257666403732));
#5384=CARTESIAN_POINT('',(0.00250039092313215,-0.008,0.00948706609321151));
#5385=CARTESIAN_POINT('',(0.00249784162844456,-0.008,0.0095452740902488));
#5386=CARTESIAN_POINT('',(0.00249388922182988,-0.008,0.00960717079244579));
#5387=CARTESIAN_POINT('',(0.00248838524133426,-0.008,0.00967272185836975));
#5388=CARTESIAN_POINT('',(0.00248118206591745,-0.008,0.00974188848773096));
#5389=CARTESIAN_POINT('',(0.00247213304166037,-0.008,0.00981462743817415));
#5390=CARTESIAN_POINT('',(0.00246109257154838,-0.008,0.0098908910608847));
#5391=CARTESIAN_POINT('',(0.00244791634454708,-0.008,0.00997062728027386));
#5392=CARTESIAN_POINT('',(0.00243246102292928,-0.008,0.0100537798038851));
#5393=CARTESIAN_POINT('',(0.00241458601852711,-0.008,0.0101402874578642));
#5394=CARTESIAN_POINT('',(0.00239414721078065,-0.008,0.0102300869084103));
#5395=CARTESIAN_POINT('',(0.00237102169024978,-0.008,0.0103231023591929));
#5396=CARTESIAN_POINT('',(0.00234501317945332,-0.008,0.0104192853509648));
#5397=CARTESIAN_POINT('',(0.0023228350373827,-0.008,0.0104956658183522));
#5398=CARTESIAN_POINT('',(0.00230914142392922,-0.008,0.0105400179299682));
#5399=CARTESIAN_POINT('',(0.00230571624308614,-0.008,0.0105510033933446));
#5400=CARTESIAN_POINT('',(0.000994797019115941,-0.008,0.00894485208881388));
#5401=CARTESIAN_POINT('',(0.00101522915743095,-0.008,0.00913007515440447));
#5402=CARTESIAN_POINT('',(0.00103809069195722,-0.008,0.00933732137816112));
#5403=CARTESIAN_POINT('',(0.00103961482528652,-0.008,0.00934619090227931));
#5404=CARTESIAN_POINT('',(0.0010412687808311,-0.008,0.00935672811973479));
#5405=CARTESIAN_POINT('',(0.00104358034463621,-0.008,0.00936922109525285));
#5406=CARTESIAN_POINT('',(0.00104697024342713,-0.008,0.00938593846665403));
#5407=CARTESIAN_POINT('',(0.00105149170192442,-0.008,0.00940606465861279));
#5408=CARTESIAN_POINT('',(0.00105731903941418,-0.008,0.00942980606314145));
#5409=CARTESIAN_POINT('',(0.00106458679404733,-0.008,0.00945704059187268));
#5410=CARTESIAN_POINT('',(0.00107344005299048,-0.008,0.00948774155067602));
#5411=CARTESIAN_POINT('',(0.00108401891102134,-0.008,0.0095218480888092));
#5412=CARTESIAN_POINT('',(0.00109646296918925,-0.008,0.00955930399702385));
#5413=CARTESIAN_POINT('',(0.00111090985686197,-0.008,0.00960004628631068));
#5414=CARTESIAN_POINT('',(0.00112749551646665,-0.008,0.00964400856804004));
#5415=CARTESIAN_POINT('',(0.00114635397681105,-0.008,0.00969112013033681));
#5416=CARTESIAN_POINT('',(0.00116761727599678,-0.008,0.00974130626365063));
#5417=CARTESIAN_POINT('',(0.00119141534312491,-0.008,0.00979448823262002));
#5418=CARTESIAN_POINT('',(0.00121787589366684,-0.008,0.00985058335295975));
#5419=CARTESIAN_POINT('',(0.00124712432213171,-0.008,0.00990950504232283));
#5420=CARTESIAN_POINT('',(0.00127928359975229,-0.008,0.00997116288218281));
#5421=CARTESIAN_POINT('',(0.00131447416332141,-0.008,0.0100354626799062));
#5422=CARTESIAN_POINT('',(0.00135281384482113,-0.008,0.0101023065349097));
#5423=CARTESIAN_POINT('',(0.00139441765095506,-0.008,0.0101715929041005));
#5424=CARTESIAN_POINT('',(0.00143939813113611,-0.008,0.0102432166819393));
#5425=CARTESIAN_POINT('',(0.00148786348133928,-0.008,0.0103170692364587));
#5426=CARTESIAN_POINT('',(0.00153992438674515,-0.008,0.0103930386270631));
#5427=CARTESIAN_POINT('',(0.00159566722317075,-0.008,0.0104710091341239));
#5428=CARTESIAN_POINT('',(0.00165525664576418,-0.008,0.0105508634468129));
#5429=CARTESIAN_POINT('',(0.00170399488615298,-0.008,0.0106137158907417));
#5430=CARTESIAN_POINT('',(0.0017330539871981,-0.008,0.0106499124858946));
#5431=CARTESIAN_POINT('',(0.0017402826585974,-0.008,0.0106588656182628));
#5432=CARTESIAN_POINT('',(0.0010275605666897,-0.008,0.00924113827402855));
#5433=CARTESIAN_POINT('',(0.000726344079989991,-0.008,0.00927467999422584));
#5434=CARTESIAN_POINT('',(0.000702681042993211,-0.008,0.00897252692120888));
#5435=CARTESIAN_POINT('',(-5.80841936397497E-18,-0.008,-4.65647049904693E-17));
#5436=CARTESIAN_POINT('',(0.000427415619189322,-0.008,0.00898984515375393));
#5437=CARTESIAN_POINT('',(0.000441808993979677,-0.008,0.00929258142448417));
#5438=CARTESIAN_POINT('',(0.000138763796994964,-0.008,0.00929705662705001));
#5439=CARTESIAN_POINT('',(0.000134134488556719,-0.008,0.0089990003855417));
#5440=CARTESIAN_POINT('',(0.000137078069496264,-0.008,0.00918532373790031));
#5441=CARTESIAN_POINT('',(0.000140371644365558,-0.008,0.00939380107332762));
#5442=CARTESIAN_POINT('',(0.000139971175420706,-0.008,0.00940279168315748));
#5443=CARTESIAN_POINT('',(0.000139650925346073,-0.008,0.00941345310710258));
#5444=CARTESIAN_POINT('',(0.000138923373930513,-0.008,0.00942613728754349));
#5445=CARTESIAN_POINT('',(0.000137655447718478,-0.008,0.00944314770445486));
#5446=CARTESIAN_POINT('',(0.000135692122989469,-0.008,0.00946368188439251));
#5447=CARTESIAN_POINT('',(0.00013288632279529,-0.008,0.00948796643990591));
#5448=CARTESIAN_POINT('',(0.00012908926812868,-0.008,0.00951589710743246));
#5449=CARTESIAN_POINT('',(0.000124153670216983,-0.008,0.00954746558757664));
#5450=CARTESIAN_POINT('',(0.000117932912351368,-0.008,0.00958262906795393));
#5451=CARTESIAN_POINT('',(0.000110281449391601,-0.008,0.00962134927919361));
#5452=CARTESIAN_POINT('',(0.000101054842602386,-0.008,0.00966358097850725));
#5453=CARTESIAN_POINT('',(9.01099008015879E-5,-0.008,0.00970927533886333));
#5454=CARTESIAN_POINT('',(7.73047894906767E-5,-0.008,0.00975837900423485));
#5455=CARTESIAN_POINT('',(6.24991481383782E-5,-0.008,0.00981083440294082));
#5456=CARTESIAN_POINT('',(4.55542040159376E-5,-0.008,0.00986657970490595));
#5457=CARTESIAN_POINT('',(2.63328856377749E-5,-0.008,0.00992554888482832));
#5458=CARTESIAN_POINT('',(4.69993562237183E-6,-0.008,0.00998767175918789));
#5459=CARTESIAN_POINT('',(-1.9477980044419E-5,-0.008,0.0100528740348175));
#5460=CARTESIAN_POINT('',(-4.63321539426765E-5,-0.008,0.0101210773565535));
#5461=CARTESIAN_POINT('',(-7.59917591107701E-5,-0.008,0.0101921993640512));
#5462=CARTESIAN_POINT('',(-0.000108583622114275,-0.008,0.0102661537290774));
#5463=CARTESIAN_POINT('',(-0.000144232578097446,-0.008,0.0103428502810634));
#5464=CARTESIAN_POINT('',(-0.000183059585073463,-0.008,0.0104221948051885));
#5465=CARTESIAN_POINT('',(-0.000225188485314016,-0.008,0.0105040901160738));
#5466=CARTESIAN_POINT('',(-0.000270719477052238,-0.008,0.0105884322323351));
#5467=CARTESIAN_POINT('',(-0.000319830620026655,-0.008,0.010675125404937));
#5468=CARTESIAN_POINT('',(-0.000360307044797556,-0.008,0.0107435907598386));
#5469=CARTESIAN_POINT('',(-0.000384600369836891,-0.008,0.0107831440051257));
#5470=CARTESIAN_POINT('',(-0.000390649915972859,-0.008,0.0107929325321319));
#5471=CARTESIAN_POINT('',(-0.00126095061521678,-0.008,0.00891122907044727));
#5472=CARTESIAN_POINT('',(-0.00128722349338106,-0.008,0.00909571427900303));
#5473=CARTESIAN_POINT('',(-0.00131662023600274,-0.008,0.00930213491398298));
#5474=CARTESIAN_POINT('',(-0.00131734974707682,-0.008,0.00931110482223677));
#5475=CARTESIAN_POINT('',(-0.00131836825300712,-0.008,0.00932172231564705));
#5476=CARTESIAN_POINT('',(-0.00131923618790156,-0.008,0.0093343976639081));
#5477=CARTESIAN_POINT('',(-0.00132011023022219,-0.008,0.00935143286189344));
#5478=CARTESIAN_POINT('',(-0.00132073600206527,-0.008,0.00937205119352584));
#5479=CARTESIAN_POINT('',(-0.00132099598831184,-0.008,0.00939649591807664));
#5480=CARTESIAN_POINT('',(-0.00132072951543211,-0.008,0.00942468224108665));
#5481=CARTESIAN_POINT('',(-0.00131978941587932,-0.008,0.00945662038878168));
#5482=CARTESIAN_POINT('',(-0.00131802486324659,-0.008,0.00949228626231189));
#5483=CARTESIAN_POINT('',(-0.0013152866636366,-0.008,0.00953166013571503));
#5484=CARTESIAN_POINT('',(-0.00131142584683166,-0.008,0.0095747152259293));
#5485=CARTESIAN_POINT('',(-0.00130629423110514,-0.008,0.0096214210375528));
#5486=CARTESIAN_POINT('',(-0.00129974441308249,-0.008,0.00967174241186306));
#5487=CARTESIAN_POINT('',(-0.00129162992337221,-0.008,0.00972563982298824));
#5488=CARTESIAN_POINT('',(-0.00128180533414669,-0.008,0.00978306932123649));
#5489=CARTESIAN_POINT('',(-0.00127012637960538,-0.008,0.00984398258154763));
#5490=CARTESIAN_POINT('',(-0.00125645007258409,-0.008,0.00990832692606464));
#5491=CARTESIAN_POINT('',(-0.00124063481904434,-0.008,0.00997604535862735));
#5492=CARTESIAN_POINT('',(-0.00122254054118122,-0.008,0.0100470765972495));
#5493=CARTESIAN_POINT('',(-0.00120202876203604,-0.008,0.0101213551206969));
#5494=CARTESIAN_POINT('',(-0.00117896283531197,-0.008,0.0101988111770439));
#5495=CARTESIAN_POINT('',(-0.00115320760885818,-0.008,0.0102793709527358));
#5496=CARTESIAN_POINT('',(-0.00112463127020346,-0.008,0.0103629561359231));
#5497=CARTESIAN_POINT('',(-0.00109309877305161,-0.008,0.0104494858291148));
#5498=CARTESIAN_POINT('',(-0.00105849767693937,-0.008,0.0105388694290195));
#5499=CARTESIAN_POINT('',(-0.00102063932564624,-0.008,0.0106310342584145));
#5500=CARTESIAN_POINT('',(-0.000989063053891318,-0.008,0.0107040327847427));
#5501=CARTESIAN_POINT('',(-0.000969918625105777,-0.008,0.0107463189018579));
#5502=CARTESIAN_POINT('',(-0.000965143609189522,-0.008,0.0107567884525838));
#5503=CARTESIAN_POINT('',(-0.00130289977270754,-0.008,0.00920635484327047));
#5504=CARTESIAN_POINT('',(-0.00160299447619039,-0.008,0.00916393329455931));
#5505=CARTESIAN_POINT('',(-0.00155077168173153,-0.008,0.0088653881579511));
#5506=CARTESIAN_POINT('',(5.95423404122492E-18,-0.008,-4.6546284312924E-17));
#5507=CARTESIAN_POINT('',(-0.00182169600536643,-0.008,0.00881370657918858));
#5508=CARTESIAN_POINT('',(-0.0018830422739213,-0.008,0.0091105113200333));
#5509=CARTESIAN_POINT('',(-0.00217767968640274,-0.008,0.00903948165003723));
#5510=CARTESIAN_POINT('',(-0.00210803998353421,-0.008,0.00874963813124983));
#5511=CARTESIAN_POINT('',(-0.00215152561407699,-0.008,0.00893083983168114));
#5512=CARTESIAN_POINT('',(-0.00220018171794252,-0.008,0.00913358654701561));
#5513=CARTESIAN_POINT('',(-0.00220280547916319,-0.008,0.00914219510772838));
#5514=CARTESIAN_POINT('',(-0.00220576705631076,-0.008,0.00915244194048034));
#5515=CARTESIAN_POINT('',(-0.00220962617776335,-0.008,0.00916454668938868));
#5516=CARTESIAN_POINT('',(-0.00221508458840419,-0.008,0.00918070737234621));
#5517=CARTESIAN_POINT('',(-0.00222209287456826,-0.008,0.00920010817425607));
#5518=CARTESIAN_POINT('',(-0.00223084984876031,-0.008,0.00922293201166815));
#5519=CARTESIAN_POINT('',(-0.00224147368652789,-0.008,0.00924904089681685));
#5520=CARTESIAN_POINT('',(-0.00225410498532028,-0.008,0.00927839016181917));
#5521=CARTESIAN_POINT('',(-0.00226887510860573,-0.008,0.00931090187722761));
#5522=CARTESIAN_POINT('',(-0.00228591551175075,-0.008,0.0093465027803696));
#5523=CARTESIAN_POINT('',(-0.00230535484425823,-0.008,0.00938511312938931));
#5524=CARTESIAN_POINT('',(-0.00232731965590704,-0.008,0.00942665002104729));
#5525=CARTESIAN_POINT('',(-0.00235193405609979,-0.008,0.0094710265027888));
#5526=CARTESIAN_POINT('',(-0.00237931967818871,-0.008,0.00951815190540838));
#5527=CARTESIAN_POINT('',(-0.00240959555858765,-0.008,0.00956793182996201));
#5528=CARTESIAN_POINT('',(-0.00244287804260453,-0.008,0.00962026823716176));
#5529=CARTESIAN_POINT('',(-0.00247928068432982,-0.008,0.00967505951128897));
#5530=CARTESIAN_POINT('',(-0.00251891415288509,-0.008,0.00973220053441207));
#5531=CARTESIAN_POINT('',(-0.00256188612991576,-0.008,0.00979158276190193));
#5532=CARTESIAN_POINT('',(-0.00260830124806684,-0.008,0.00985309429688727));
#5533=CARTESIAN_POINT('',(-0.00265826088045556,-0.008,0.00991661998281076));
#5534=CARTESIAN_POINT('',(-0.00271186351579199,-0.008,0.00998204143673997));
#5535=CARTESIAN_POINT('',(-0.00276920288169781,-0.008,0.0100492373227515));
#5536=CARTESIAN_POINT('',(-0.00283037476069108,-0.008,0.0101180827104032));
#5537=CARTESIAN_POINT('',(-0.00289545034397447,-0.008,0.01018845196679));
#5538=CARTESIAN_POINT('',(-0.00296457828539561,-0.008,0.0102602080693522));
#5539=CARTESIAN_POINT('',(-0.00302080971023656,-0.008,0.0103164563817214));
#5540=CARTESIAN_POINT('',(-0.00305417630790494,-0.008,0.0103487254848116));
#5541=CARTESIAN_POINT('',(-0.00306247010410139,-0.008,0.0103567020262961));
#5542=CARTESIAN_POINT('',(-0.00343746808494347,-0.008,0.00831768075637645));
#5543=CARTESIAN_POINT('',(-0.00350879515802709,-0.008,0.0084898362237547));
#5544=CARTESIAN_POINT('',(-0.00358860307234414,-0.008,0.00868246110230015));
#5545=CARTESIAN_POINT('',(-0.00359154038995787,-0.008,0.00869096778236494));
#5546=CARTESIAN_POINT('',(-0.00359516736088965,-0.008,0.00870099841557066));
#5547=CARTESIAN_POINT('',(-0.00359916025894217,-0.008,0.00871305969782679));
#5548=CARTESIAN_POINT('',(-0.00360424332308086,-0.008,0.00872934233825578));
#5549=CARTESIAN_POINT('',(-0.00360997700571795,-0.008,0.00874915728395644));
#5550=CARTESIAN_POINT('',(-0.00361630797980882,-0.008,0.00877276937658446));
#5551=CARTESIAN_POINT('',(-0.00362305953215357,-0.008,0.00880013644353647));
#5552=CARTESIAN_POINT('',(-0.00363009166190349,-0.008,0.00883130498884323));
#5553=CARTESIAN_POINT('',(-0.00363725228800036,-0.008,0.00886628917976667));
#5554=CARTESIAN_POINT('',(-0.00364439199810018,-0.008,0.0089051070130854));
#5555=CARTESIAN_POINT('',(-0.00365135984148199,-0.008,0.0089477695945634));
#5556=CARTESIAN_POINT('',(-0.00365800470792248,-0.008,0.00899428423816476));
#5557=CARTESIAN_POINT('',(-0.00366417508137648,-0.008,0.00904465354747154));
#5558=CARTESIAN_POINT('',(-0.00366971926437315,-0.008,0.00909887566384626));
#5559=CARTESIAN_POINT('',(-0.0036744854681236,-0.008,0.00915694418478752));
#5560=CARTESIAN_POINT('',(-0.00367832194124892,-0.008,0.00921884818090142));
#5561=CARTESIAN_POINT('',(-0.00368107708833931,-0.008,0.00928457218876441));
#5562=CARTESIAN_POINT('',(-0.00368259958942472,-0.008,0.00935409621586096));
#5563=CARTESIAN_POINT('',(-0.00368273852729184,-0.008,0.00942739574142457));
#5564=CARTESIAN_POINT('',(-0.00368134348102195,-0.008,0.00950444174051041));
#5565=CARTESIAN_POINT('',(-0.00367826475071434,-0.008,0.00958520063512988));
#5566=CARTESIAN_POINT('',(-0.00367335307358701,-0.008,0.0096696345416901));
#5567=CARTESIAN_POINT('',(-0.00366646130293482,-0.008,0.00975770038908075));
#5568=CARTESIAN_POINT('',(-0.00365743851680146,-0.008,0.00984935340600259));
#5569=CARTESIAN_POINT('',(-0.00364615327512525,-0.008,0.00994453379843931));
#5570=CARTESIAN_POINT('',(-0.00363240477457745,-0.008,0.0100432180893509));
#5571=CARTESIAN_POINT('',(-0.00361997452474016,-0.008,0.0101217759321994));
#5572=CARTESIAN_POINT('',(-0.00361194768308308,-0.008,0.0101674945790213));
#5573=CARTESIAN_POINT('',(-0.00360992635446117,-0.008,0.0101788227077284));
#5574=CARTESIAN_POINT('',(-0.0035514941276554,-0.008,0.00859310227910504));
#5575=CARTESIAN_POINT('',(-0.00383161099403043,-0.008,0.0084773829634065));
#5576=CARTESIAN_POINT('',(-0.00370678371835379,-0.008,0.00820120445211234));
#5577=CARTESIAN_POINT('',(1.73427610234736E-17,-0.008,-4.36031894067385E-17));
#5578=CARTESIAN_POINT('',(-0.00395634377017577,-0.008,0.00808377040570744));
#5579=CARTESIAN_POINT('',(-0.00408957507040675,-0.008,0.0083559942832279));
#5580=CARTESIAN_POINT('',(-0.0043572915461581,-0.008,0.00821392279606462));
#5581=CARTESIAN_POINT('',(-0.00421775855063094,-0.008,0.00795050393425345));
#5582=CARTESIAN_POINT('',(-0.00430494103056008,-0.008,0.00811519841350611));
#5583=CARTESIAN_POINT('',(-0.00440248957120994,-0.008,0.00829947518697301));
#5584=CARTESIAN_POINT('',(-0.00440717176413941,-0.008,0.00830716079103904));
#5585=CARTESIAN_POINT('',(-0.0044125885815758,-0.008,0.00831634918641083));
#5586=CARTESIAN_POINT('',(-0.00441933679027171,-0.008,0.00832711391789454));
#5587=CARTESIAN_POINT('',(-0.00442864271332618,-0.008,0.00834140943175317));
#5588=CARTESIAN_POINT('',(-0.00444025560453093,-0.008,0.0083584578319001));
#5589=CARTESIAN_POINT('',(-0.00445441351982647,-0.008,0.00837838684556604));
#5590=CARTESIAN_POINT('',(-0.00447119660589634,-0.008,0.00840103343106124));
#5591=CARTESIAN_POINT('',(-0.00449072993461163,-0.008,0.00842631935866256));
#5592=CARTESIAN_POINT('',(-0.00451312136215017,-0.008,0.00845413647845332));
#5593=CARTESIAN_POINT('',(-0.00453847999428063,-0.008,0.00848438113782224));
#5594=CARTESIAN_POINT('',(-0.00456691060775207,-0.008,0.00851694410632019));
#5595=CARTESIAN_POINT('',(-0.00459851515935206,-0.008,0.00855171361361519));
#5596=CARTESIAN_POINT('',(-0.00463339223513711,-0.008,0.00858857457417358));
#5597=CARTESIAN_POINT('',(-0.00467163709860954,-0.008,0.00862740891834508));
#5598=CARTESIAN_POINT('',(-0.00471334157037261,-0.008,0.00866809560974976));
#5599=CARTESIAN_POINT('',(-0.00475859395915301,-0.008,0.00871051075528267));
#5600=CARTESIAN_POINT('',(-0.00480747898072905,-0.008,0.00875452769191591));
#5601=CARTESIAN_POINT('',(-0.00486007768558177,-0.008,0.00880001708189964));
#5602=CARTESIAN_POINT('',(-0.00491646737838813,-0.008,0.00884684701139763));
#5603=CARTESIAN_POINT('',(-0.00497672157694591,-0.008,0.00889488307790386));
#5604=CARTESIAN_POINT('',(-0.00504090983127818,-0.008,0.00894398853224695));
#5605=CARTESIAN_POINT('',(-0.00510909809525298,-0.008,0.00899402421756579));
#5606=CARTESIAN_POINT('',(-0.0051813469768493,-0.008,0.00904484930081645));
#5607=CARTESIAN_POINT('',(-0.00525771818046371,-0.008,0.00909631895633278));
#5608=CARTESIAN_POINT('',(-0.00533824941706332,-0.008,0.0091482937936662));
#5609=CARTESIAN_POINT('',(-0.00542305059413691,-0.008,0.0092006041263642));
#5610=CARTESIAN_POINT('',(-0.00549150379182043,-0.008,0.0092411011078681));
#5611=CARTESIAN_POINT('',(-0.00553184711607258,-0.008,0.00926405848233676));
#5612=CARTESIAN_POINT('',(-0.00554186403261205,-0.008,0.00926972184286243));
#5613=CARTESIAN_POINT('',(-0.00539799679276987,-0.008,0.00720150197009251));
#5614=CARTESIAN_POINT('',(-0.00550989631844836,-0.008,0.00735051053513434));
#5615=CARTESIAN_POINT('',(-0.00563510077969127,-0.008,0.00751723632770155));
#5616=CARTESIAN_POINT('',(-0.00564006134137628,-0.008,0.00752474527358348));
#5617=CARTESIAN_POINT('',(-0.00564606888138682,-0.008,0.00753355878501022));
#5618=CARTESIAN_POINT('',(-0.00565293585412793,-0.008,0.00754424814653899));
#5619=CARTESIAN_POINT('',(-0.00566190855247063,-0.008,0.00755875513123012));
#5620=CARTESIAN_POINT('',(-0.00567238987753466,-0.008,0.0075765216450864));
#5621=CARTESIAN_POINT('',(-0.005684394041084,-0.008,0.0075978174711726));
#5622=CARTESIAN_POINT('',(-0.00569773939378893,-0.008,0.007622645708601));
#5623=CARTESIAN_POINT('',(-0.005712301898267,-0.008,0.00765108621718797));
#5624=CARTESIAN_POINT('',(-0.00572793777462088,-0.008,0.00768319054012606));
#5625=CARTESIAN_POINT('',(-0.00574450678018693,-0.008,0.00771901326613096));
#5626=CARTESIAN_POINT('',(-0.00576186546852985,-0.008,0.00775860269197643));
#5627=CARTESIAN_POINT('',(-0.0057798692957408,-0.008,0.0078020034814293));
#5628=CARTESIAN_POINT('',(-0.00579837215341429,-0.008,0.00784925583678348));
#5629=CARTESIAN_POINT('',(-0.00581722664771015,-0.008,0.00790039568342093));
#5630=CARTESIAN_POINT('',(-0.00583628416632606,-0.008,0.00795545456832338));
#5631=CARTESIAN_POINT('',(-0.00585539500740198,-0.008,0.00801445964449723));
#5632=CARTESIAN_POINT('',(-0.00587440849257963,-0.008,0.00807743363457618));
#5633=CARTESIAN_POINT('',(-0.00589317308394765,-0.008,0.0081443948058926));
#5634=CARTESIAN_POINT('',(-0.00591153650756784,-0.008,0.00821535693962973));
#5635=CARTESIAN_POINT('',(-0.00592934585006099,-0.008,0.00829032933087606));
#5636=CARTESIAN_POINT('',(-0.00594644776411786,-0.008,0.00836931668540865));
#5637=CARTESIAN_POINT('',(-0.00596268825505477,-0.008,0.00845231942996178));
#5638=CARTESIAN_POINT('',(-0.00597791408770136,-0.008,0.00853933244048074));
#5639=CARTESIAN_POINT('',(-0.00599196794742273,-0.008,0.00863034988500329));
#5640=CARTESIAN_POINT('',(-0.00600470765342129,-0.008,0.0087253465358662));
#5641=CARTESIAN_POINT('',(-0.00601593287247166,-0.008,0.00882434959136103));
#5642=CARTESIAN_POINT('',(-0.00602342968286455,-0.008,0.00890353067254814));
#5643=CARTESIAN_POINT('',(-0.00602702478431792,-0.008,0.00894980917835535));
#5644=CARTESIAN_POINT('',(-0.00602788415050158,-0.008,0.00896128409705505));
#5645=CARTESIAN_POINT('',(-0.00557693504508092,-0.008,0.00743991349552394));
#5646=CARTESIAN_POINT('',(-0.00581947330143604,-0.008,0.00725816748302922));
#5647=CARTESIAN_POINT('',(-0.00562988490135497,-0.008,0.00702170890862725));
#5648=CARTESIAN_POINT('',(2.76415785484041E-17,-0.008,-3.79203457488146E-17));
#5649=CARTESIAN_POINT('',(-0.00584239990549039,-0.008,0.0068459012076078));
#5650=CARTESIAN_POINT('',(-0.00603914482481353,-0.008,0.00707643939440999));
#5651=CARTESIAN_POINT('',(-0.00626311875307102,-0.008,0.00687225296412036));
#5652=CARTESIAN_POINT('',(-0.00606245983616066,-0.008,0.00665181033515981));
#5653=CARTESIAN_POINT('',(-0.00618786116962747,-0.008,0.00678964923339846));
#5654=CARTESIAN_POINT('',(-0.00632817281349418,-0.008,0.00694387727759831));
#5655=CARTESIAN_POINT('',(-0.0063346192387308,-0.008,0.00695015701024845));
#5656=CARTESIAN_POINT('',(-0.00634215093789484,-0.008,0.00695770962756631));
#5657=CARTESIAN_POINT('',(-0.00635136421906352,-0.008,0.00696645795395635));
#5658=CARTESIAN_POINT('',(-0.0063639329291613,-0.008,0.00697799005900512));
#5659=CARTESIAN_POINT('',(-0.00637942074474312,-0.008,0.00699161484370825));
#5660=CARTESIAN_POINT('',(-0.00639809000725496,-0.008,0.00700739682040565));
#5661=CARTESIAN_POINT('',(-0.00641997779860548,-0.008,0.00702515813799237));
#5662=CARTESIAN_POINT('',(-0.00644518580636193,-0.008,0.00704479192036636));
#5663=CARTESIAN_POINT('',(-0.0064737916024114,-0.008,0.00706616659259877));
#5664=CARTESIAN_POINT('',(-0.00650587508740802,-0.008,0.0070891546250144));
#5665=CARTESIAN_POINT('',(-0.00654151058183852,-0.008,0.00711362416192164));
#5666=CARTESIAN_POINT('',(-0.00658076904317927,-0.008,0.00713944158883701));
#5667=CARTESIAN_POINT('',(-0.00662371733961613,-0.008,0.00716647091849527));
#5668=CARTESIAN_POINT('',(-0.00667041837904531,-0.008,0.00719457409955167));
#5669=CARTESIAN_POINT('',(-0.00672093099683333,-0.008,0.00722361106335125));
#5670=CARTESIAN_POINT('',(-0.00677530991636353,-0.008,0.00725343984763151));
#5671=CARTESIAN_POINT('',(-0.00683360569209816,-0.008,0.00728391670075914));
#5672=CARTESIAN_POINT('',(-0.00689586466317793,-0.008,0.00731489619193255));
#5673=CARTESIAN_POINT('',(-0.00696212889997418,-0.008,0.00734623132673986));
#5674=CARTESIAN_POINT('',(-0.00703243618604382,-0.008,0.00737777364204412));
#5675=CARTESIAN_POINT('',(-0.00710681987823206,-0.008,0.0074093733885132));
#5676=CARTESIAN_POINT('',(-0.00718530925144081,-0.008,0.00744087937909469));
#5677=CARTESIAN_POINT('',(-0.00726792798578413,-0.008,0.00747214013268227));
#5678=CARTESIAN_POINT('',(-0.00735469983042294,-0.008,0.00750300002831497));
#5679=CARTESIAN_POINT('',(-0.00744562664657005,-0.008,0.00753331467641532));
#5680=CARTESIAN_POINT('',(-0.00754077268946364,-0.008,0.00756289238866177));
#5681=CARTESIAN_POINT('',(-0.00761714649382603,-0.008,0.00758509346501499));
#5682=CARTESIAN_POINT('',(-0.00766193162522683,-0.008,0.00759729661459293));
#5683=CARTESIAN_POINT('',(-0.00767304226240349,-0.008,0.00760029094438956));
#5684=CARTESIAN_POINT('',(-0.00701934950966304,-0.008,0.00563282632975608));
#5685=CARTESIAN_POINT('',(-0.00716479042920036,-0.008,0.00574932523630475));
#5686=CARTESIAN_POINT('',(-0.00732752438059943,-0.008,0.00587967594817214));
#5687=CARTESIAN_POINT('',(-0.00733419649602137,-0.008,0.00588571534518549));
#5688=CARTESIAN_POINT('',(-0.00734220712927763,-0.008,0.00589275794949649));
#5689=CARTESIAN_POINT('',(-0.00735151669955506,-0.008,0.00590140373840031));
#5690=CARTESIAN_POINT('',(-0.00736381524446562,-0.008,0.00591322354015248));
#5691=CARTESIAN_POINT('',(-0.00737838563175518,-0.008,0.00592782528675813));
#5692=CARTESIAN_POINT('',(-0.00739530871901897,-0.008,0.00594546675122895));
#5693=CARTESIAN_POINT('',(-0.00741440933449286,-0.008,0.00596619610966424));
#5694=CARTESIAN_POINT('',(-0.00743558719798558,-0.008,0.00599012155978001));
#5695=CARTESIAN_POINT('',(-0.00745871586498041,-0.008,0.00601732878205112));
#5696=CARTESIAN_POINT('',(-0.00748367307445644,-0.008,0.00604790552712054));
#5697=CARTESIAN_POINT('',(-0.0075103318975311,-0.008,0.00608193424810788));
#5698=CARTESIAN_POINT('',(-0.00753856343883539,-0.008,0.00611949415219399));
#5699=CARTESIAN_POINT('',(-0.007568236178132,-0.008,0.00616066051432667));
#5700=CARTESIAN_POINT('',(-0.00759921628650846,-0.008,0.00620550478658342));
#5701=CARTESIAN_POINT('',(-0.00763136766600654,-0.008,0.00625409448321621));
#5702=CARTESIAN_POINT('',(-0.00766455207060351,-0.008,0.00630649313350852));
#5703=CARTESIAN_POINT('',(-0.00769862920666801,-0.008,0.00636276021840463));
#5704=CARTESIAN_POINT('',(-0.00773345684003164,-0.008,0.00642295111728116));
#5705=CARTESIAN_POINT('',(-0.00776889090796289,-0.008,0.00648711704734864));
#5706=CARTESIAN_POINT('',(-0.00780478561273206,-0.008,0.00655530503968428));
#5707=CARTESIAN_POINT('',(-0.00784099359499677,-0.008,0.00662755778814954));
#5708=CARTESIAN_POINT('',(-0.00787736580422402,-0.008,0.00670391400299255));
#5709=CARTESIAN_POINT('',(-0.0079137525451075,-0.008,0.00678440682917746));
#5710=CARTESIAN_POINT('',(-0.00794999999499083,-0.008,0.00686906974052262));
#5711=CARTESIAN_POINT('',(-0.0079859641660829,-0.008,0.00695791366086476));
#5712=CARTESIAN_POINT('',(-0.00802145778293506,-0.008,0.00705101475485829));
#5713=CARTESIAN_POINT('',(-0.0080484106013898,-0.008,0.00712584383584538));
#5714=CARTESIAN_POINT('',(-0.00806340175250743,-0.008,0.00716977435191766));
#5715=CARTESIAN_POINT('',(-0.00806708781635882,-0.008,0.00718067504926626));
#5716=CARTESIAN_POINT('',(-0.00725195662309165,-0.008,0.00581924758493124));
#5717=CARTESIAN_POINT('',(-0.00744167669878674,-0.008,0.00558289464602047));
#5718=CARTESIAN_POINT('',(-0.00719923971073572,-0.008,0.00540101357037417));
#5719=CARTESIAN_POINT('',(3.62035740345236E-17,-0.008,-2.98548273062164E-17));
#5720=CARTESIAN_POINT('',(-0.00736135656789922,-0.008,0.00517787885917072));
#5721=CARTESIAN_POINT('',(-0.00760925289945626,-0.008,0.00535224579311771));
#5722=CARTESIAN_POINT('',(-0.00777541117458897,-0.008,0.00509877420406199));
#5723=CARTESIAN_POINT('',(-0.00752623447401676,-0.008,0.00493515902906093));
#5724=CARTESIAN_POINT('',(-0.00768197523404569,-0.008,0.00503748142137322));
#5725=CARTESIAN_POINT('',(-0.00785623368451498,-0.008,0.00515197002107788));
#5726=CARTESIAN_POINT('',(-0.00786403928945284,-0.008,0.00515644930361448));
#5727=CARTESIAN_POINT('',(-0.00787321262598639,-0.008,0.00516189158415574));
#5728=CARTESIAN_POINT('',(-0.00788431207528793,-0.008,0.00516807381593093));
#5729=CARTESIAN_POINT('',(-0.0078993538341491,-0.008,0.00517611790759752));
#5730=CARTESIAN_POINT('',(-0.00791774341769479,-0.008,0.0051854629815255));
#5731=CARTESIAN_POINT('',(-0.00793975096899855,-0.008,0.00519610628161641));
#5732=CARTESIAN_POINT('',(-0.0079653681752015,-0.008,0.00520786632238911));
#5733=CARTESIAN_POINT('',(-0.00799466695016321,-0.008,0.00522061429678122));
#5734=CARTESIAN_POINT('',(-0.00802768970735308,-0.008,0.00523420347218837));
#5735=CARTESIAN_POINT('',(-0.00806448212185871,-0.008,0.00524849045502996));
#5736=CARTESIAN_POINT('',(-0.00810508338807502,-0.008,0.00526332904934994));
#5737=CARTESIAN_POINT('',(-0.00814952900564796,-0.008,0.00527857219200275));
#5738=CARTESIAN_POINT('',(-0.00819784992331872,-0.008,0.00529407153857153));
#5739=CARTESIAN_POINT('',(-0.00825007274064292,-0.008,0.00530967773029078));
#5740=CARTESIAN_POINT('',(-0.00830621961090785,-0.008,0.00532524046725925));
#5741=CARTESIAN_POINT('',(-0.00836630823368209,-0.008,0.00534060863806794));
#5742=CARTESIAN_POINT('',(-0.00843035182558903,-0.008,0.00535563043492192));
#5743=CARTESIAN_POINT('',(-0.00849835910277044,-0.008,0.00537015347191999));
#5744=CARTESIAN_POINT('',(-0.00857033425785585,-0.008,0.00538402491027412));
#5745=CARTESIAN_POINT('',(-0.00864627696608149,-0.008,0.0053970915547013));
#5746=CARTESIAN_POINT('',(-0.00872618229518143,-0.008,0.00540920006501));
#5747=CARTESIAN_POINT('',(-0.00881004100164169,-0.008,0.00542019672359498));
#5748=CARTESIAN_POINT('',(-0.00889783834980277,-0.008,0.00542992891940256));
#5749=CARTESIAN_POINT('',(-0.00898955864134281,-0.008,0.00543824001441427));
#5750=CARTESIAN_POINT('',(-0.00908516777077346,-0.008,0.00544498969245192));
#5751=CARTESIAN_POINT('',(-0.00918468030368937,-0.008,0.00544997630780715));
#5752=CARTESIAN_POINT('',(-0.00926417586771934,-0.008,0.00545248650373258));
#5753=CARTESIAN_POINT('',(-0.00931058879175468,-0.008,0.00545316865965178));
#5754=CARTESIAN_POINT('',(-0.00932209502737266,-0.008,0.00545330581396587));
#5755=CARTESIAN_POINT('',(-0.00819965068150239,-0.008,0.00371021949503495));
#5756=CARTESIAN_POINT('',(-0.00836949440702973,-0.008,0.003786888688339));
#5757=CARTESIAN_POINT('',(-0.00855953267592495,-0.008,0.00387267390488355));
#5758=CARTESIAN_POINT('',(-0.00856749711153355,-0.008,0.00387686427550262));
#5759=CARTESIAN_POINT('',(-0.00857700750048699,-0.008,0.00388169345996813));
#5760=CARTESIAN_POINT('',(-0.00858817471376198,-0.008,0.0038877524295332));
#5761=CARTESIAN_POINT('',(-0.0086030263424328,-0.008,0.00389614236673213));
#5762=CARTESIAN_POINT('',(-0.00862077028092836,-0.008,0.00390666186464643));
#5763=CARTESIAN_POINT('',(-0.00864154895209505,-0.008,0.00391954048940841));
#5764=CARTESIAN_POINT('',(-0.00866520466842052,-0.008,0.00393486846702285));
#5765=CARTESIAN_POINT('',(-0.00869166720787791,-0.008,0.00395277553464502));
#5766=CARTESIAN_POINT('',(-0.00872083540630513,-0.008,0.00397337612641268));
#5767=CARTESIAN_POINT('',(-0.00875261266643355,-0.008,0.0039967856412005));
#5768=CARTESIAN_POINT('',(-0.00878689655234188,-0.008,0.00402311550764119));
#5769=CARTESIAN_POINT('',(-0.00882358191617102,-0.008,0.00405247449945115));
#5770=CARTESIAN_POINT('',(-0.00886256008975204,-0.008,0.00408496823443024));
#5771=CARTESIAN_POINT('',(-0.00890371921806295,-0.008,0.0041206992017547));
#5772=CARTESIAN_POINT('',(-0.00894694426902482,-0.008,0.004159766640778));
#5773=CARTESIAN_POINT('',(-0.00899211713895831,-0.008,0.00420226646528215));
#5774=CARTESIAN_POINT('',(-0.00903911673412378,-0.008,0.00424829117711553));
#5775=CARTESIAN_POINT('',(-0.00908781906119171,-0.008,0.00429792978800911));
#5776=CARTESIAN_POINT('',(-0.00913809732062852,-0.008,0.00435126773303502));
#5777=CARTESIAN_POINT('',(-0.00918982199136156,-0.008,0.00440838682412363));
#5778=CARTESIAN_POINT('',(-0.00924286096114479,-0.008,0.00446936506060846));
#5779=CARTESIAN_POINT('',(-0.00929707948898899,-0.008,0.00453427700394426));
#5780=CARTESIAN_POINT('',(-0.00935234082535859,-0.008,0.00460319198549401));
#5781=CARTESIAN_POINT('',(-0.00940850430481891,-0.008,0.00467618068157356));
#5782=CARTESIAN_POINT('',(-0.0094654331798678,-0.008,0.00475328948113474));
#5783=CARTESIAN_POINT('',(-0.00952296500003853,-0.008,0.0048346387294895));
#5784=CARTESIAN_POINT('',(-0.00956768028184608,-0.008,0.00490041402391604));
#5785=CARTESIAN_POINT('',(-0.00959312553346967,-0.008,0.00493923623436342));
#5786=CARTESIAN_POINT('',(-0.00959940668604061,-0.008,0.00494887777945655));
#5787=CARTESIAN_POINT('',(-0.00847131109564273,-0.008,0.00383293694688177));
#5788=CARTESIAN_POINT('',(-0.00859629218058024,-0.008,0.00355682800595202));
#5789=CARTESIAN_POINT('',(-0.00831623981213938,-0.008,0.00344095268595604));
#5790=CARTESIAN_POINT('',(4.24907658166225E-17,-0.008,-1.99134202655943E-17));
#5791=CARTESIAN_POINT('',(-0.00841777212397129,-0.008,0.00318451133910556));
#5792=CARTESIAN_POINT('',(-0.00870124362955156,-0.008,0.00329175090446074));
#5793=CARTESIAN_POINT('',(-0.00879914591604552,-0.008,0.0030049207087826));
#5794=CARTESIAN_POINT('',(-0.00851710812031622,-0.008,0.00290841353092087));
#5795=CARTESIAN_POINT('',(-0.00869340254218019,-0.008,0.00296879012508239));
#5796=CARTESIAN_POINT('',(-0.00889065849993133,-0.008,0.00303634554051279));
#5797=CARTESIAN_POINT('',(-0.00889933282970516,-0.008,0.00303874292314043));
#5798=CARTESIAN_POINT('',(-0.00890957140913665,-0.008,0.00304173290840338));
#5799=CARTESIAN_POINT('',(-0.00892185960735053,-0.008,0.00304496059320463));
#5800=CARTESIAN_POINT('',(-0.00893842928594612,-0.008,0.00304901123162551));
#5801=CARTESIAN_POINT('',(-0.00895856515228934,-0.008,0.00305348940941467));
#5802=CARTESIAN_POINT('',(-0.00898252817699851,-0.008,0.00305832527521106));
#5803=CARTESIAN_POINT('',(-0.00901026517477466,-0.008,0.00306334511255759));
#5804=CARTESIAN_POINT('',(-0.00904181376715743,-0.008,0.003068406276853));
#5805=CARTESIAN_POINT('',(-0.00907717854420424,-0.008,0.00307335609756656));
#5806=CARTESIAN_POINT('',(-0.00911636808550246,-0.008,0.00307804432715833));
#5807=CARTESIAN_POINT('',(-0.0091593839966272,-0.008,0.00308231961543741));
#5808=CARTESIAN_POINT('',(-0.00920622408882068,-0.008,0.0030860306911144));
#5809=CARTESIAN_POINT('',(-0.00925688144675617,-0.008,0.00308902617364618));
#5810=CARTESIAN_POINT('',(-0.00931134469030082,-0.008,0.003091154781607));
#5811=CARTESIAN_POINT('',(-0.00936959789869017,-0.008,0.00309226542774489));
#5812=CARTESIAN_POINT('',(-0.00943162063554906,-0.008,0.00309220734638992));
#5813=CARTESIAN_POINT('',(-0.00949738794921294,-0.008,0.00309083021222761));
#5814=CARTESIAN_POINT('',(-0.0095668703851574,-0.008,0.00308798425922376));
#5815=CARTESIAN_POINT('',(-0.00964003399483186,-0.008,0.00308352040763734));
#5816=CARTESIAN_POINT('',(-0.00971684036555794,-0.008,0.00307729035586233));
#5817=CARTESIAN_POINT('',(-0.00979724658587099,-0.008,0.00306914680777595));
#5818=CARTESIAN_POINT('',(-0.00988120547464511,-0.008,0.00305894317386266));
#5819=CARTESIAN_POINT('',(-0.00996866480634294,-0.008,0.00304653530223513));
#5820=CARTESIAN_POINT('',(-0.0100595704215431,-0.008,0.00303177537996019));
#5821=CARTESIAN_POINT('',(-0.0101538543910294,-0.008,0.00301453598084046));
#5822=CARTESIAN_POINT('',(-0.010251480675543,-0.008,0.00299461817192221));
#5823=CARTESIAN_POINT('',(-0.0103291030005883,-0.008,0.00297727976257801));
#5824=CARTESIAN_POINT('',(-0.0103742274225463,-0.008,0.00296639806247326));
#5825=CARTESIAN_POINT('',(-0.0103854062775047,-0.008,0.00296366942339484));
#5826=CARTESIAN_POINT('',(-0.00886473764481721,-0.008,0.00155448592420796));
#5827=CARTESIAN_POINT('',(-0.00904831227041814,-0.008,0.00158650799688254));
#5828=CARTESIAN_POINT('',(-0.00925371405346297,-0.008,0.00162233751745281));
#5829=CARTESIAN_POINT('',(-0.00926247037447778,-0.008,0.0016244155652805));
#5830=CARTESIAN_POINT('',(-0.00927288294641369,-0.008,0.00162672789448005));
#5831=CARTESIAN_POINT('',(-0.00928520612560606,-0.008,0.00162981933736525));
#5832=CARTESIAN_POINT('',(-0.00930167765558727,-0.008,0.00163425223940071));
#5833=CARTESIAN_POINT('',(-0.00932148022837551,-0.008,0.00164002850988171));
#5834=CARTESIAN_POINT('',(-0.00934480888311709,-0.008,0.00164733508357678));
#5835=CARTESIAN_POINT('',(-0.00937153332463778,-0.008,0.00165629856716449));
#5836=CARTESIAN_POINT('',(-0.00940161780138332,-0.008,0.00166706208537676));
#5837=CARTESIAN_POINT('',(-0.00943499278606261,-0.008,0.00167976163569653));
#5838=CARTESIAN_POINT('',(-0.00947159341472096,-0.008,0.00169453301429446));
#5839=CARTESIAN_POINT('',(-0.00951134818082403,-0.008,0.00171150962384557));
#5840=CARTESIAN_POINT('',(-0.00955418229084931,-0.008,0.00173082296994914));
#5841=CARTESIAN_POINT('',(-0.00960001675671695,-0.008,0.0017526023769023));
#5842=CARTESIAN_POINT('',(-0.00964876872555783,-0.008,0.00177697493120817));
#5843=CARTESIAN_POINT('',(-0.00970035145906096,-0.008,0.00180406536174815));
#5844=CARTESIAN_POINT('',(-0.00975467441677885,-0.008,0.00183399594018712));
#5845=CARTESIAN_POINT('',(-0.00981164331362863,-0.008,0.00186688637704624));
#5846=CARTESIAN_POINT('',(-0.00987116018807655,-0.008,0.00190285372347639));
#5847=CARTESIAN_POINT('',(-0.009933123471068,-0.008,0.0019420122642115));
#5848=CARTESIAN_POINT('',(-0.00999742805647273,-0.008,0.00198447345149066));
#5849=CARTESIAN_POINT('',(-0.0100639653802393,-0.008,0.00203034568913446));
#5850=CARTESIAN_POINT('',(-0.0101326234771942,-0.008,0.00207973470483384));
#5851=CARTESIAN_POINT('',(-0.0102032871360488,-0.008,0.00213274166000608));
#5852=CARTESIAN_POINT('',(-0.0102758376871168,-0.008,0.00218946999261169));
#5853=CARTESIAN_POINT('',(-0.0103501542155335,-0.008,0.00224999864192916));
#5854=CARTESIAN_POINT('',(-0.0104261093031742,-0.008,0.0023144845721894));
#5855=CARTESIAN_POINT('',(-0.0104857774227273,-0.008,0.00236707317640196));
#5856=CARTESIAN_POINT('',(-0.0105200779561162,-0.008,0.00239834773896394));
#5857=CARTESIAN_POINT('',(-0.0105285595294902,-0.008,0.00240612431806427));
#5858=CARTESIAN_POINT('',(-0.00915838193675171,-0.008,0.0016057887839037));
#5859=CARTESIAN_POINT('',(-0.00921077100971674,-0.008,0.00130727278117122));
#5860=CARTESIAN_POINT('',(-0.00891069998115574,-0.008,0.00126468408934053));
#5861=CARTESIAN_POINT('',(4.61081065123576E-17,-0.008,-8.72077979324814E-18));
#5862=CARTESIAN_POINT('',(-0.00894526809909395,-0.008,0.000991049259790952));
#5863=CARTESIAN_POINT('',(-0.00924650322146656,-0.008,0.00102442320026353));
#5864=CARTESIAN_POINT('',(-0.00926999795860193,-0.008,0.000722256994045084));
#5865=CARTESIAN_POINT('',(-0.00897282053968366,-0.008,0.000698921714236316));
#5866=CARTESIAN_POINT('',(-0.00915859139649144,-0.008,0.000713558826786314));
#5867=CARTESIAN_POINT('',(-0.00936645054424225,-0.008,0.000729936302739516));
#5868=CARTESIAN_POINT('',(-0.00937544855881043,-0.008,0.000730101149090751));
#5869=CARTESIAN_POINT('',(-0.00938610905353931,-0.008,0.000730450967304922));
#5870=CARTESIAN_POINT('',(-0.00939881388797891,-0.008,0.000730521297825575));
#5871=CARTESIAN_POINT('',(-0.00941587035246375,-0.008,0.000730323966491565));
#5872=CARTESIAN_POINT('',(-0.00943648729106761,-0.008,0.000729653867761823));
#5873=CARTESIAN_POINT('',(-0.00946090010420988,-0.008,0.000728378444030628));
#5874=CARTESIAN_POINT('',(-0.00948901407597942,-0.008,0.000726342663108841));
#5875=CARTESIAN_POINT('',(-0.00952083017169622,-0.008,0.000723399005741196));
#5876=CARTESIAN_POINT('',(-0.00955631486959557,-0.008,0.000719398456321581));
#5877=CARTESIAN_POINT('',(-0.00959543911467757,-0.008,0.000714193353956179));
#5878=CARTESIAN_POINT('',(-0.00963816682281331,-0.008,0.000707636704108353));
#5879=CARTESIAN_POINT('',(-0.009684458254369,-0.008,0.000699582532276383));
#5880=CARTESIAN_POINT('',(-0.00973426906446542,-0.008,0.000689885933587066));
#5881=CARTESIAN_POINT('',(-0.00978755060833681,-0.008,0.000678403209522814));
#5882=CARTESIAN_POINT('',(-0.00984424989152717,-0.008,0.000664991978848604));
#5883=CARTESIAN_POINT('',(-0.00990430962581018,-0.008,0.000649511294795111));
#5884=CARTESIAN_POINT('',(-0.00996766825903825,-0.008,0.000631821760020677));
#5885=CARTESIAN_POINT('',(-0.0100342600167568,-0.008,0.000611785638708815));
#5886=CARTESIAN_POINT('',(-0.0101040149423476,-0.008,0.000589266977393921));
#5887=CARTESIAN_POINT('',(-0.0101768589488273,-0.008,0.000564131686482283));
#5888=CARTESIAN_POINT('',(-0.0102527138418178,-0.008,0.000536247769076968));
#5889=CARTESIAN_POINT('',(-0.0103314974671449,-0.008,0.000505484974510505));
#5890=CARTESIAN_POINT('',(-0.010413123390916,-0.008,0.00047171666765519));
#5891=CARTESIAN_POINT('',(-0.0104975023956458,-0.008,0.000434813148293335));
#5892=CARTESIAN_POINT('',(-0.0105845369966327,-0.008,0.00039466788686499));
#5893=CARTESIAN_POINT('',(-0.0106741428142437,-0.008,0.000351097162860179));
#5894=CARTESIAN_POINT('',(-0.0107450146041468,-0.008,0.00031499958427163));
#5895=CARTESIAN_POINT('',(-0.0107860151906397,-0.008,0.000293237765380624));
#5896=CARTESIAN_POINT('',(-0.0107961642563686,-0.008,0.000287814783338215));
#5897=CARTESIAN_POINT('',(-0.00897282053968366,-0.008,-0.000698921714236317));
#5898=CARTESIAN_POINT('',(-0.00915859139649144,-0.008,-0.000713558826786316));
#5899=CARTESIAN_POINT('',(-0.00936645054424225,-0.008,-0.000729936302739518));
#5900=CARTESIAN_POINT('',(-0.00937544855881043,-0.008,-0.000730101149090753));
#5901=CARTESIAN_POINT('',(-0.00938610905353931,-0.008,-0.000730450967304924));
#5902=CARTESIAN_POINT('',(-0.00939881388797891,-0.008,-0.000730521297825577));
#5903=CARTESIAN_POINT('',(-0.00941587035246375,-0.008,-0.000730323966491567));
#5904=CARTESIAN_POINT('',(-0.00943648729106761,-0.008,-0.000729653867761825));
#5905=CARTESIAN_POINT('',(-0.00946090010420988,-0.008,-0.00072837844403063));
#5906=CARTESIAN_POINT('',(-0.00948901407597942,-0.008,-0.000726342663108843));
#5907=CARTESIAN_POINT('',(-0.00952083017169622,-0.008,-0.000723399005741198));
#5908=CARTESIAN_POINT('',(-0.00955631486959557,-0.008,-0.000719398456321582));
#5909=CARTESIAN_POINT('',(-0.00959543911467757,-0.008,-0.000714193353956181));
#5910=CARTESIAN_POINT('',(-0.00963816682281331,-0.008,-0.000707636704108355));
#5911=CARTESIAN_POINT('',(-0.009684458254369,-0.008,-0.000699582532276385));
#5912=CARTESIAN_POINT('',(-0.00973426906446542,-0.008,-0.000689885933587068));
#5913=CARTESIAN_POINT('',(-0.00978755060833681,-0.008,-0.000678403209522816));
#5914=CARTESIAN_POINT('',(-0.00984424989152717,-0.008,-0.000664991978848606));
#5915=CARTESIAN_POINT('',(-0.00990430962581018,-0.008,-0.000649511294795112));
#5916=CARTESIAN_POINT('',(-0.00996766825903825,-0.008,-0.000631821760020679));
#5917=CARTESIAN_POINT('',(-0.0100342600167568,-0.008,-0.000611785638708817));
#5918=CARTESIAN_POINT('',(-0.0101040149423476,-0.008,-0.000589266977393923));
#5919=CARTESIAN_POINT('',(-0.0101768589488273,-0.008,-0.000564131686482285));
#5920=CARTESIAN_POINT('',(-0.0102527138418178,-0.008,-0.00053624776907697));
#5921=CARTESIAN_POINT('',(-0.0103314974671449,-0.008,-0.000505484974510507));
#5922=CARTESIAN_POINT('',(-0.010413123390916,-0.008,-0.000471716667655192));
#5923=CARTESIAN_POINT('',(-0.0104975023956458,-0.008,-0.000434813148293337));
#5924=CARTESIAN_POINT('',(-0.0105845369966327,-0.008,-0.000394667886864992));
#5925=CARTESIAN_POINT('',(-0.0106741428142437,-0.008,-0.000351097162860181));
#5926=CARTESIAN_POINT('',(-0.0107450146041468,-0.008,-0.000314999584271632));
#5927=CARTESIAN_POINT('',(-0.0107860151906397,-0.008,-0.000293237765380626));
#5928=CARTESIAN_POINT('',(-0.0107961642563686,-0.008,-0.000287814783338217));
#5929=CARTESIAN_POINT('',(-0.00926999795860193,-0.008,-0.000722256994045086));
#5930=CARTESIAN_POINT('',(-0.00924650322146656,-0.008,-0.00102442320026353));
#5931=CARTESIAN_POINT('',(-0.00894526809909395,-0.008,-0.000991049259790954));
#5932=CARTESIAN_POINT('',(4.68283053021674E-17,-0.008,3.01981934629234E-18));
#5933=CARTESIAN_POINT('',(-0.00891069998115574,-0.008,-0.00126468408934054));
#5934=CARTESIAN_POINT('',(-0.00921077100971675,-0.008,-0.00130727278117122));
#5935=CARTESIAN_POINT('',(-0.00915838193675172,-0.008,-0.0016057887839037));
#5936=CARTESIAN_POINT('',(-0.00886473764481721,-0.008,-0.00155448592420797));
#5937=CARTESIAN_POINT('',(-0.00904831227041814,-0.008,-0.00158650799688254));
#5938=CARTESIAN_POINT('',(-0.00925371405346297,-0.008,-0.00162233751745281));
#5939=CARTESIAN_POINT('',(-0.00926247037447778,-0.008,-0.0016244155652805));
#5940=CARTESIAN_POINT('',(-0.00927288294641369,-0.008,-0.00162672789448005));
#5941=CARTESIAN_POINT('',(-0.00928520612560606,-0.008,-0.00162981933736526));
#5942=CARTESIAN_POINT('',(-0.00930167765558727,-0.008,-0.00163425223940071));
#5943=CARTESIAN_POINT('',(-0.00932148022837551,-0.008,-0.00164002850988171));
#5944=CARTESIAN_POINT('',(-0.00934480888311709,-0.008,-0.00164733508357678));
#5945=CARTESIAN_POINT('',(-0.00937153332463778,-0.008,-0.00165629856716449));
#5946=CARTESIAN_POINT('',(-0.00940161780138332,-0.008,-0.00166706208537676));
#5947=CARTESIAN_POINT('',(-0.00943499278606261,-0.008,-0.00167976163569653));
#5948=CARTESIAN_POINT('',(-0.00947159341472096,-0.008,-0.00169453301429446));
#5949=CARTESIAN_POINT('',(-0.00951134818082403,-0.008,-0.00171150962384557));
#5950=CARTESIAN_POINT('',(-0.00955418229084931,-0.008,-0.00173082296994914));
#5951=CARTESIAN_POINT('',(-0.00960001675671695,-0.008,-0.0017526023769023));
#5952=CARTESIAN_POINT('',(-0.00964876872555783,-0.008,-0.00177697493120817));
#5953=CARTESIAN_POINT('',(-0.00970035145906096,-0.008,-0.00180406536174816));
#5954=CARTESIAN_POINT('',(-0.00975467441677885,-0.008,-0.00183399594018712));
#5955=CARTESIAN_POINT('',(-0.00981164331362863,-0.008,-0.00186688637704624));
#5956=CARTESIAN_POINT('',(-0.00987116018807655,-0.008,-0.00190285372347639));
#5957=CARTESIAN_POINT('',(-0.009933123471068,-0.008,-0.00194201226421151));
#5958=CARTESIAN_POINT('',(-0.00999742805647273,-0.008,-0.00198447345149066));
#5959=CARTESIAN_POINT('',(-0.0100639653802393,-0.008,-0.00203034568913447));
#5960=CARTESIAN_POINT('',(-0.0101326234771942,-0.008,-0.00207973470483384));
#5961=CARTESIAN_POINT('',(-0.0102032871360488,-0.008,-0.00213274166000608));
#5962=CARTESIAN_POINT('',(-0.0102758376871168,-0.008,-0.00218946999261169));
#5963=CARTESIAN_POINT('',(-0.0103501542155335,-0.008,-0.00224999864192916));
#5964=CARTESIAN_POINT('',(-0.0104261093031742,-0.008,-0.0023144845721894));
#5965=CARTESIAN_POINT('',(-0.0104857774227273,-0.008,-0.00236707317640197));
#5966=CARTESIAN_POINT('',(-0.0105200779561162,-0.008,-0.00239834773896394));
#5967=CARTESIAN_POINT('',(-0.0105285595294902,-0.008,-0.00240612431806427));
#5968=CARTESIAN_POINT('',(-0.00851710812031621,-0.008,-0.00290841353092087));
#5969=CARTESIAN_POINT('',(-0.00869340254218019,-0.008,-0.0029687901250824));
#5970=CARTESIAN_POINT('',(-0.00889065849993133,-0.008,-0.00303634554051279));
#5971=CARTESIAN_POINT('',(-0.00889933282970516,-0.008,-0.00303874292314043));
#5972=CARTESIAN_POINT('',(-0.00890957140913665,-0.008,-0.00304173290840338));
#5973=CARTESIAN_POINT('',(-0.00892185960735053,-0.008,-0.00304496059320463));
#5974=CARTESIAN_POINT('',(-0.00893842928594612,-0.008,-0.00304901123162551));
#5975=CARTESIAN_POINT('',(-0.00895856515228934,-0.008,-0.00305348940941467));
#5976=CARTESIAN_POINT('',(-0.00898252817699851,-0.008,-0.00305832527521106));
#5977=CARTESIAN_POINT('',(-0.00901026517477466,-0.008,-0.00306334511255759));
#5978=CARTESIAN_POINT('',(-0.00904181376715743,-0.008,-0.003068406276853));
#5979=CARTESIAN_POINT('',(-0.00907717854420423,-0.008,-0.00307335609756656));
#5980=CARTESIAN_POINT('',(-0.00911636808550246,-0.008,-0.00307804432715833));
#5981=CARTESIAN_POINT('',(-0.0091593839966272,-0.008,-0.00308231961543741));
#5982=CARTESIAN_POINT('',(-0.00920622408882067,-0.008,-0.0030860306911144));
#5983=CARTESIAN_POINT('',(-0.00925688144675617,-0.008,-0.00308902617364618));
#5984=CARTESIAN_POINT('',(-0.00931134469030082,-0.008,-0.003091154781607));
#5985=CARTESIAN_POINT('',(-0.00936959789869017,-0.008,-0.00309226542774489));
#5986=CARTESIAN_POINT('',(-0.00943162063554906,-0.008,-0.00309220734638992));
#5987=CARTESIAN_POINT('',(-0.00949738794921294,-0.008,-0.00309083021222761));
#5988=CARTESIAN_POINT('',(-0.0095668703851574,-0.008,-0.00308798425922376));
#5989=CARTESIAN_POINT('',(-0.00964003399483186,-0.008,-0.00308352040763734));
#5990=CARTESIAN_POINT('',(-0.00971684036555794,-0.008,-0.00307729035586234));
#5991=CARTESIAN_POINT('',(-0.00979724658587098,-0.008,-0.00306914680777595));
#5992=CARTESIAN_POINT('',(-0.00988120547464511,-0.008,-0.00305894317386266));
#5993=CARTESIAN_POINT('',(-0.00996866480634294,-0.008,-0.00304653530223513));
#5994=CARTESIAN_POINT('',(-0.0100595704215431,-0.008,-0.00303177537996019));
#5995=CARTESIAN_POINT('',(-0.0101538543910294,-0.008,-0.00301453598084046));
#5996=CARTESIAN_POINT('',(-0.010251480675543,-0.008,-0.00299461817192221));
#5997=CARTESIAN_POINT('',(-0.0103291030005883,-0.008,-0.00297727976257801));
#5998=CARTESIAN_POINT('',(-0.0103742274225463,-0.008,-0.00296639806247326));
#5999=CARTESIAN_POINT('',(-0.0103854062775047,-0.008,-0.00296366942339484));
#6000=CARTESIAN_POINT('',(-0.00879914591604551,-0.008,-0.0030049207087826));
#6001=CARTESIAN_POINT('',(-0.00870124362955155,-0.008,-0.00329175090446074));
#6002=CARTESIAN_POINT('',(-0.00841777212397129,-0.008,-0.00318451133910556));
#6003=CARTESIAN_POINT('',(4.46061094473822E-17,-0.008,1.45706721301866E-17));
#6004=CARTESIAN_POINT('',(-0.00831623981213938,-0.008,-0.00344095268595604));
#6005=CARTESIAN_POINT('',(-0.00859629218058025,-0.008,-0.00355682800595202));
#6006=CARTESIAN_POINT('',(-0.00847131109564273,-0.008,-0.00383293694688177));
#6007=CARTESIAN_POINT('',(-0.00819965068150239,-0.008,-0.00371021949503495));
#6008=CARTESIAN_POINT('',(-0.00836949440702973,-0.008,-0.003786888688339));
#6009=CARTESIAN_POINT('',(-0.00855953267592495,-0.008,-0.00387267390488355));
#6010=CARTESIAN_POINT('',(-0.00856749711153354,-0.008,-0.00387686427550262));
#6011=CARTESIAN_POINT('',(-0.00857700750048698,-0.008,-0.00388169345996813));
#6012=CARTESIAN_POINT('',(-0.00858817471376198,-0.008,-0.0038877524295332));
#6013=CARTESIAN_POINT('',(-0.0086030263424328,-0.008,-0.00389614236673213));
#6014=CARTESIAN_POINT('',(-0.00862077028092836,-0.008,-0.00390666186464643));
#6015=CARTESIAN_POINT('',(-0.00864154895209505,-0.008,-0.00391954048940841));
#6016=CARTESIAN_POINT('',(-0.00866520466842052,-0.008,-0.00393486846702285));
#6017=CARTESIAN_POINT('',(-0.00869166720787791,-0.008,-0.00395277553464502));
#6018=CARTESIAN_POINT('',(-0.00872083540630513,-0.008,-0.00397337612641268));
#6019=CARTESIAN_POINT('',(-0.00875261266643355,-0.008,-0.0039967856412005));
#6020=CARTESIAN_POINT('',(-0.00878689655234187,-0.008,-0.00402311550764119));
#6021=CARTESIAN_POINT('',(-0.00882358191617102,-0.008,-0.00405247449945115));
#6022=CARTESIAN_POINT('',(-0.00886256008975204,-0.008,-0.00408496823443024));
#6023=CARTESIAN_POINT('',(-0.00890371921806294,-0.008,-0.0041206992017547));
#6024=CARTESIAN_POINT('',(-0.00894694426902482,-0.008,-0.004159766640778));
#6025=CARTESIAN_POINT('',(-0.00899211713895831,-0.008,-0.00420226646528215));
#6026=CARTESIAN_POINT('',(-0.00903911673412378,-0.008,-0.00424829117711553));
#6027=CARTESIAN_POINT('',(-0.00908781906119171,-0.008,-0.00429792978800911));
#6028=CARTESIAN_POINT('',(-0.00913809732062852,-0.008,-0.00435126773303502));
#6029=CARTESIAN_POINT('',(-0.00918982199136156,-0.008,-0.00440838682412363));
#6030=CARTESIAN_POINT('',(-0.00924286096114479,-0.008,-0.00446936506060846));
#6031=CARTESIAN_POINT('',(-0.00929707948898899,-0.008,-0.00453427700394426));
#6032=CARTESIAN_POINT('',(-0.00935234082535859,-0.008,-0.00460319198549401));
#6033=CARTESIAN_POINT('',(-0.00940850430481891,-0.008,-0.00467618068157356));
#6034=CARTESIAN_POINT('',(-0.0094654331798678,-0.008,-0.00475328948113474));
#6035=CARTESIAN_POINT('',(-0.00952296500003853,-0.008,-0.0048346387294895));
#6036=CARTESIAN_POINT('',(-0.00956768028184608,-0.008,-0.00490041402391604));
#6037=CARTESIAN_POINT('',(-0.00959312553346966,-0.008,-0.00493923623436342));
#6038=CARTESIAN_POINT('',(-0.00959940668604061,-0.008,-0.00494887777945655));
#6039=CARTESIAN_POINT('',(-0.00752623447401676,-0.008,-0.00493515902906093));
#6040=CARTESIAN_POINT('',(-0.00768197523404569,-0.008,-0.00503748142137322));
#6041=CARTESIAN_POINT('',(-0.00785623368451498,-0.008,-0.00515197002107787));
#6042=CARTESIAN_POINT('',(-0.00786403928945284,-0.008,-0.00515644930361448));
#6043=CARTESIAN_POINT('',(-0.00787321262598639,-0.008,-0.00516189158415574));
#6044=CARTESIAN_POINT('',(-0.00788431207528793,-0.008,-0.00516807381593093));
#6045=CARTESIAN_POINT('',(-0.0078993538341491,-0.008,-0.00517611790759751));
#6046=CARTESIAN_POINT('',(-0.00791774341769479,-0.008,-0.00518546298152549));
#6047=CARTESIAN_POINT('',(-0.00793975096899856,-0.008,-0.0051961062816164));
#6048=CARTESIAN_POINT('',(-0.00796536817520151,-0.008,-0.0052078663223891));
#6049=CARTESIAN_POINT('',(-0.00799466695016322,-0.008,-0.00522061429678122));
#6050=CARTESIAN_POINT('',(-0.00802768970735308,-0.008,-0.00523420347218837));
#6051=CARTESIAN_POINT('',(-0.00806448212185871,-0.008,-0.00524849045502996));
#6052=CARTESIAN_POINT('',(-0.00810508338807502,-0.008,-0.00526332904934994));
#6053=CARTESIAN_POINT('',(-0.00814952900564796,-0.008,-0.00527857219200275));
#6054=CARTESIAN_POINT('',(-0.00819784992331872,-0.008,-0.00529407153857153));
#6055=CARTESIAN_POINT('',(-0.00825007274064292,-0.008,-0.00530967773029078));
#6056=CARTESIAN_POINT('',(-0.00830621961090785,-0.008,-0.00532524046725924));
#6057=CARTESIAN_POINT('',(-0.0083663082336821,-0.008,-0.00534060863806794));
#6058=CARTESIAN_POINT('',(-0.00843035182558903,-0.008,-0.00535563043492191));
#6059=CARTESIAN_POINT('',(-0.00849835910277044,-0.008,-0.00537015347191999));
#6060=CARTESIAN_POINT('',(-0.00857033425785585,-0.008,-0.00538402491027412));
#6061=CARTESIAN_POINT('',(-0.00864627696608149,-0.008,-0.0053970915547013));
#6062=CARTESIAN_POINT('',(-0.00872618229518143,-0.008,-0.00540920006501));
#6063=CARTESIAN_POINT('',(-0.00881004100164169,-0.008,-0.00542019672359498));
#6064=CARTESIAN_POINT('',(-0.00889783834980277,-0.008,-0.00542992891940256));
#6065=CARTESIAN_POINT('',(-0.00898955864134281,-0.008,-0.00543824001441427));
#6066=CARTESIAN_POINT('',(-0.00908516777077346,-0.008,-0.00544498969245192));
#6067=CARTESIAN_POINT('',(-0.00918468030368937,-0.008,-0.00544997630780715));
#6068=CARTESIAN_POINT('',(-0.00926417586771934,-0.008,-0.00545248650373258));
#6069=CARTESIAN_POINT('',(-0.00931058879175468,-0.008,-0.00545316865965177));
#6070=CARTESIAN_POINT('',(-0.00932209502737266,-0.008,-0.00545330581396586));
#6071=CARTESIAN_POINT('',(-0.00777541117458897,-0.008,-0.00509877420406199));
#6072=CARTESIAN_POINT('',(-0.00760925289945626,-0.008,-0.00535224579311771));
#6073=CARTESIAN_POINT('',(-0.00736135656789922,-0.008,-0.00517787885917071));
#6074=CARTESIAN_POINT('',(3.9581147686223E-17,-0.008,2.52059959969576E-17));
#6075=CARTESIAN_POINT('',(0.,-0.008,6.61309271539571E-19));
#6076=CARTESIAN_POINT('',(0.0106749605190858,-0.008,-0.00163866345414752));
#6077=CARTESIAN_POINT('',(0.0106749605190858,0.,-0.00163866345414752));
#6078=CARTESIAN_POINT('',(0.,0.,6.61309271539571E-19));
#6079=CARTESIAN_POINT('',(0.0107471060340126,0.,-0.00106757289853656));
#6080=CARTESIAN_POINT('',(0.0107471060340126,-0.008,-0.00106757289853656));
#6081=CARTESIAN_POINT('',(0.,0.,0.));
#6082=CARTESIAN_POINT('',(0.,0.,4.59242549680257E-19));
#6083=CARTESIAN_POINT('',(0.,0.,0.00737298334620742));
#6084=CARTESIAN_POINT('',(-0.00760925289945626,0.,-0.00535224579311771));
#6085=CARTESIAN_POINT('',(-0.00777541117458897,0.,-0.00509877420406199));
#6086=CARTESIAN_POINT('',(-0.00736135656789922,0.,-0.00517787885917071));
#6087=CARTESIAN_POINT('',(-0.00752623447401676,0.,-0.00493515902906093));
#6088=CARTESIAN_POINT('',(-0.00768197523404569,0.,-0.00503748142137322));
#6089=CARTESIAN_POINT('',(-0.00785623368451498,0.,-0.00515197002107787));
#6090=CARTESIAN_POINT('',(-0.00786403928945284,0.,-0.00515644930361448));
#6091=CARTESIAN_POINT('',(-0.00787321262598639,0.,-0.00516189158415574));
#6092=CARTESIAN_POINT('',(-0.00788431207528793,0.,-0.00516807381593093));
#6093=CARTESIAN_POINT('',(-0.0078993538341491,0.,-0.00517611790759751));
#6094=CARTESIAN_POINT('',(-0.00791774341769479,0.,-0.00518546298152549));
#6095=CARTESIAN_POINT('',(-0.00793975096899856,0.,-0.0051961062816164));
#6096=CARTESIAN_POINT('',(-0.00796536817520151,0.,-0.0052078663223891));
#6097=CARTESIAN_POINT('',(-0.00799466695016322,0.,-0.00522061429678122));
#6098=CARTESIAN_POINT('',(-0.00802768970735308,0.,-0.00523420347218837));
#6099=CARTESIAN_POINT('',(-0.00806448212185871,0.,-0.00524849045502996));
#6100=CARTESIAN_POINT('',(-0.00810508338807502,0.,-0.00526332904934994));
#6101=CARTESIAN_POINT('',(-0.00814952900564796,0.,-0.00527857219200275));
#6102=CARTESIAN_POINT('',(-0.00819784992331872,0.,-0.00529407153857153));
#6103=CARTESIAN_POINT('',(-0.00825007274064292,0.,-0.00530967773029078));
#6104=CARTESIAN_POINT('',(-0.00830621961090785,0.,-0.00532524046725924));
#6105=CARTESIAN_POINT('',(-0.0083663082336821,0.,-0.00534060863806794));
#6106=CARTESIAN_POINT('',(-0.00843035182558903,0.,-0.00535563043492191));
#6107=CARTESIAN_POINT('',(-0.00849835910277044,0.,-0.00537015347191999));
#6108=CARTESIAN_POINT('',(-0.00857033425785585,0.,-0.00538402491027412));
#6109=CARTESIAN_POINT('',(-0.00864627696608149,0.,-0.0053970915547013));
#6110=CARTESIAN_POINT('',(-0.00872618229518143,0.,-0.00540920006501));
#6111=CARTESIAN_POINT('',(-0.00881004100164169,0.,-0.00542019672359498));
#6112=CARTESIAN_POINT('',(-0.00889783834980277,0.,-0.00542992891940256));
#6113=CARTESIAN_POINT('',(-0.00898955864134281,0.,-0.00543824001441427));
#6114=CARTESIAN_POINT('',(-0.00908516777077346,0.,-0.00544498969245192));
#6115=CARTESIAN_POINT('',(-0.00918468030368937,0.,-0.00544997630780715));
#6116=CARTESIAN_POINT('',(-0.00926417586771934,0.,-0.00545248650373258));
#6117=CARTESIAN_POINT('',(-0.00931058879175468,0.,-0.00545316865965177));
#6118=CARTESIAN_POINT('',(-0.00932209502737266,0.,-0.00545330581396586));
#6119=CARTESIAN_POINT('',(-0.00819965068150239,0.,-0.00371021949503495));
#6120=CARTESIAN_POINT('',(-0.00836949440702973,0.,-0.003786888688339));
#6121=CARTESIAN_POINT('',(-0.00855953267592495,0.,-0.00387267390488355));
#6122=CARTESIAN_POINT('',(-0.00856749711153354,0.,-0.00387686427550262));
#6123=CARTESIAN_POINT('',(-0.00857700750048698,0.,-0.00388169345996813));
#6124=CARTESIAN_POINT('',(-0.00858817471376198,0.,-0.0038877524295332));
#6125=CARTESIAN_POINT('',(-0.0086030263424328,0.,-0.00389614236673213));
#6126=CARTESIAN_POINT('',(-0.00862077028092836,0.,-0.00390666186464643));
#6127=CARTESIAN_POINT('',(-0.00864154895209505,0.,-0.00391954048940841));
#6128=CARTESIAN_POINT('',(-0.00866520466842052,0.,-0.00393486846702285));
#6129=CARTESIAN_POINT('',(-0.00869166720787791,0.,-0.00395277553464502));
#6130=CARTESIAN_POINT('',(-0.00872083540630513,0.,-0.00397337612641268));
#6131=CARTESIAN_POINT('',(-0.00875261266643355,0.,-0.0039967856412005));
#6132=CARTESIAN_POINT('',(-0.00878689655234187,0.,-0.00402311550764119));
#6133=CARTESIAN_POINT('',(-0.00882358191617102,0.,-0.00405247449945115));
#6134=CARTESIAN_POINT('',(-0.00886256008975204,0.,-0.00408496823443024));
#6135=CARTESIAN_POINT('',(-0.00890371921806294,0.,-0.0041206992017547));
#6136=CARTESIAN_POINT('',(-0.00894694426902482,0.,-0.004159766640778));
#6137=CARTESIAN_POINT('',(-0.00899211713895831,0.,-0.00420226646528215));
#6138=CARTESIAN_POINT('',(-0.00903911673412378,0.,-0.00424829117711553));
#6139=CARTESIAN_POINT('',(-0.00908781906119171,0.,-0.00429792978800911));
#6140=CARTESIAN_POINT('',(-0.00913809732062852,0.,-0.00435126773303502));
#6141=CARTESIAN_POINT('',(-0.00918982199136156,0.,-0.00440838682412363));
#6142=CARTESIAN_POINT('',(-0.00924286096114479,0.,-0.00446936506060846));
#6143=CARTESIAN_POINT('',(-0.00929707948898899,0.,-0.00453427700394426));
#6144=CARTESIAN_POINT('',(-0.00935234082535859,0.,-0.00460319198549401));
#6145=CARTESIAN_POINT('',(-0.00940850430481891,0.,-0.00467618068157356));
#6146=CARTESIAN_POINT('',(-0.0094654331798678,0.,-0.00475328948113474));
#6147=CARTESIAN_POINT('',(-0.00952296500003853,0.,-0.0048346387294895));
#6148=CARTESIAN_POINT('',(-0.00956768028184608,0.,-0.00490041402391604));
#6149=CARTESIAN_POINT('',(-0.00959312553346966,0.,-0.00493923623436342));
#6150=CARTESIAN_POINT('',(-0.00959940668604061,0.,-0.00494887777945655));
#6151=CARTESIAN_POINT('',(-0.00847131109564273,0.,-0.00383293694688177));
#6152=CARTESIAN_POINT('',(-0.00859629218058025,0.,-0.00355682800595202));
#6153=CARTESIAN_POINT('',(-0.00831623981213938,0.,-0.00344095268595604));
#6154=CARTESIAN_POINT('',(4.46061094473822E-17,0.,1.45706721301866E-17));
#6155=CARTESIAN_POINT('',(-0.00841777212397129,0.,-0.00318451133910556));
#6156=CARTESIAN_POINT('',(-0.00870124362955155,0.,-0.00329175090446074));
#6157=CARTESIAN_POINT('',(-0.00879914591604551,0.,-0.0030049207087826));
#6158=CARTESIAN_POINT('',(-0.00851710812031621,0.,-0.00290841353092087));
#6159=CARTESIAN_POINT('',(-0.00869340254218019,0.,-0.0029687901250824));
#6160=CARTESIAN_POINT('',(-0.00889065849993133,0.,-0.00303634554051279));
#6161=CARTESIAN_POINT('',(-0.00889933282970516,0.,-0.00303874292314043));
#6162=CARTESIAN_POINT('',(-0.00890957140913665,0.,-0.00304173290840338));
#6163=CARTESIAN_POINT('',(-0.00892185960735053,0.,-0.00304496059320463));
#6164=CARTESIAN_POINT('',(-0.00893842928594612,0.,-0.00304901123162551));
#6165=CARTESIAN_POINT('',(-0.00895856515228934,0.,-0.00305348940941467));
#6166=CARTESIAN_POINT('',(-0.00898252817699851,0.,-0.00305832527521106));
#6167=CARTESIAN_POINT('',(-0.00901026517477466,0.,-0.00306334511255759));
#6168=CARTESIAN_POINT('',(-0.00904181376715743,0.,-0.003068406276853));
#6169=CARTESIAN_POINT('',(-0.00907717854420423,0.,-0.00307335609756656));
#6170=CARTESIAN_POINT('',(-0.00911636808550246,0.,-0.00307804432715833));
#6171=CARTESIAN_POINT('',(-0.0091593839966272,0.,-0.00308231961543741));
#6172=CARTESIAN_POINT('',(-0.00920622408882067,0.,-0.0030860306911144));
#6173=CARTESIAN_POINT('',(-0.00925688144675617,0.,-0.00308902617364618));
#6174=CARTESIAN_POINT('',(-0.00931134469030082,0.,-0.003091154781607));
#6175=CARTESIAN_POINT('',(-0.00936959789869017,0.,-0.00309226542774489));
#6176=CARTESIAN_POINT('',(-0.00943162063554906,0.,-0.00309220734638992));
#6177=CARTESIAN_POINT('',(-0.00949738794921294,0.,-0.00309083021222761));
#6178=CARTESIAN_POINT('',(-0.0095668703851574,0.,-0.00308798425922376));
#6179=CARTESIAN_POINT('',(-0.00964003399483186,0.,-0.00308352040763734));
#6180=CARTESIAN_POINT('',(-0.00971684036555794,0.,-0.00307729035586234));
#6181=CARTESIAN_POINT('',(-0.00979724658587098,0.,-0.00306914680777595));
#6182=CARTESIAN_POINT('',(-0.00988120547464511,0.,-0.00305894317386266));
#6183=CARTESIAN_POINT('',(-0.00996866480634294,0.,-0.00304653530223513));
#6184=CARTESIAN_POINT('',(-0.0100595704215431,0.,-0.00303177537996019));
#6185=CARTESIAN_POINT('',(-0.0101538543910294,0.,-0.00301453598084046));
#6186=CARTESIAN_POINT('',(-0.010251480675543,0.,-0.00299461817192221));
#6187=CARTESIAN_POINT('',(-0.0103291030005883,0.,-0.00297727976257801));
#6188=CARTESIAN_POINT('',(-0.0103742274225463,0.,-0.00296639806247326));
#6189=CARTESIAN_POINT('',(-0.0103854062775047,0.,-0.00296366942339484));
#6190=CARTESIAN_POINT('',(-0.00886473764481721,0.,-0.00155448592420797));
#6191=CARTESIAN_POINT('',(-0.00904831227041814,0.,-0.00158650799688254));
#6192=CARTESIAN_POINT('',(-0.00925371405346297,0.,-0.00162233751745281));
#6193=CARTESIAN_POINT('',(-0.00926247037447778,0.,-0.0016244155652805));
#6194=CARTESIAN_POINT('',(-0.00927288294641369,0.,-0.00162672789448005));
#6195=CARTESIAN_POINT('',(-0.00928520612560606,0.,-0.00162981933736526));
#6196=CARTESIAN_POINT('',(-0.00930167765558727,0.,-0.00163425223940071));
#6197=CARTESIAN_POINT('',(-0.00932148022837551,0.,-0.00164002850988171));
#6198=CARTESIAN_POINT('',(-0.00934480888311709,0.,-0.00164733508357678));
#6199=CARTESIAN_POINT('',(-0.00937153332463778,0.,-0.00165629856716449));
#6200=CARTESIAN_POINT('',(-0.00940161780138332,0.,-0.00166706208537676));
#6201=CARTESIAN_POINT('',(-0.00943499278606261,0.,-0.00167976163569653));
#6202=CARTESIAN_POINT('',(-0.00947159341472096,0.,-0.00169453301429446));
#6203=CARTESIAN_POINT('',(-0.00951134818082403,0.,-0.00171150962384557));
#6204=CARTESIAN_POINT('',(-0.00955418229084931,0.,-0.00173082296994914));
#6205=CARTESIAN_POINT('',(-0.00960001675671695,0.,-0.0017526023769023));
#6206=CARTESIAN_POINT('',(-0.00964876872555783,0.,-0.00177697493120817));
#6207=CARTESIAN_POINT('',(-0.00970035145906096,0.,-0.00180406536174816));
#6208=CARTESIAN_POINT('',(-0.00975467441677885,0.,-0.00183399594018712));
#6209=CARTESIAN_POINT('',(-0.00981164331362863,0.,-0.00186688637704624));
#6210=CARTESIAN_POINT('',(-0.00987116018807655,0.,-0.00190285372347639));
#6211=CARTESIAN_POINT('',(-0.009933123471068,0.,-0.00194201226421151));
#6212=CARTESIAN_POINT('',(-0.00999742805647273,0.,-0.00198447345149066));
#6213=CARTESIAN_POINT('',(-0.0100639653802393,0.,-0.00203034568913447));
#6214=CARTESIAN_POINT('',(-0.0101326234771942,0.,-0.00207973470483384));
#6215=CARTESIAN_POINT('',(-0.0102032871360488,0.,-0.00213274166000608));
#6216=CARTESIAN_POINT('',(-0.0102758376871168,0.,-0.00218946999261169));
#6217=CARTESIAN_POINT('',(-0.0103501542155335,0.,-0.00224999864192916));
#6218=CARTESIAN_POINT('',(-0.0104261093031742,0.,-0.0023144845721894));
#6219=CARTESIAN_POINT('',(-0.0104857774227273,0.,-0.00236707317640197));
#6220=CARTESIAN_POINT('',(-0.0105200779561162,0.,-0.00239834773896394));
#6221=CARTESIAN_POINT('',(-0.0105285595294902,0.,-0.00240612431806427));
#6222=CARTESIAN_POINT('',(-0.00915838193675172,0.,-0.0016057887839037));
#6223=CARTESIAN_POINT('',(-0.00921077100971675,0.,-0.00130727278117122));
#6224=CARTESIAN_POINT('',(-0.00891069998115574,0.,-0.00126468408934054));
#6225=CARTESIAN_POINT('',(4.68283053021674E-17,0.,3.01981934629234E-18));
#6226=CARTESIAN_POINT('',(-0.00894526809909395,0.,-0.000991049259790954));
#6227=CARTESIAN_POINT('',(-0.00924650322146656,0.,-0.00102442320026353));
#6228=CARTESIAN_POINT('',(-0.00926999795860193,0.,-0.000722256994045086));
#6229=CARTESIAN_POINT('',(-0.00897282053968366,0.,-0.000698921714236317));
#6230=CARTESIAN_POINT('',(-0.00915859139649144,0.,-0.000713558826786316));
#6231=CARTESIAN_POINT('',(-0.00936645054424225,0.,-0.000729936302739518));
#6232=CARTESIAN_POINT('',(-0.00937544855881043,0.,-0.000730101149090753));
#6233=CARTESIAN_POINT('',(-0.00938610905353931,0.,-0.000730450967304924));
#6234=CARTESIAN_POINT('',(-0.00939881388797891,0.,-0.000730521297825577));
#6235=CARTESIAN_POINT('',(-0.00941587035246375,0.,-0.000730323966491567));
#6236=CARTESIAN_POINT('',(-0.00943648729106761,0.,-0.000729653867761825));
#6237=CARTESIAN_POINT('',(-0.00946090010420988,0.,-0.00072837844403063));
#6238=CARTESIAN_POINT('',(-0.00948901407597942,0.,-0.000726342663108843));
#6239=CARTESIAN_POINT('',(-0.00952083017169622,0.,-0.000723399005741198));
#6240=CARTESIAN_POINT('',(-0.00955631486959557,0.,-0.000719398456321582));
#6241=CARTESIAN_POINT('',(-0.00959543911467757,0.,-0.000714193353956181));
#6242=CARTESIAN_POINT('',(-0.00963816682281331,0.,-0.000707636704108355));
#6243=CARTESIAN_POINT('',(-0.009684458254369,0.,-0.000699582532276385));
#6244=CARTESIAN_POINT('',(-0.00973426906446542,0.,-0.000689885933587068));
#6245=CARTESIAN_POINT('',(-0.00978755060833681,0.,-0.000678403209522816));
#6246=CARTESIAN_POINT('',(-0.00984424989152717,0.,-0.000664991978848606));
#6247=CARTESIAN_POINT('',(-0.00990430962581018,0.,-0.000649511294795112));
#6248=CARTESIAN_POINT('',(-0.00996766825903825,0.,-0.000631821760020679));
#6249=CARTESIAN_POINT('',(-0.0100342600167568,0.,-0.000611785638708817));
#6250=CARTESIAN_POINT('',(-0.0101040149423476,0.,-0.000589266977393923));
#6251=CARTESIAN_POINT('',(-0.0101768589488273,0.,-0.000564131686482285));
#6252=CARTESIAN_POINT('',(-0.0102527138418178,0.,-0.00053624776907697));
#6253=CARTESIAN_POINT('',(-0.0103314974671449,0.,-0.000505484974510507));
#6254=CARTESIAN_POINT('',(-0.010413123390916,0.,-0.000471716667655192));
#6255=CARTESIAN_POINT('',(-0.0104975023956458,0.,-0.000434813148293337));
#6256=CARTESIAN_POINT('',(-0.0105845369966327,0.,-0.000394667886864992));
#6257=CARTESIAN_POINT('',(-0.0106741428142437,0.,-0.000351097162860181));
#6258=CARTESIAN_POINT('',(-0.0107450146041468,0.,-0.000314999584271632));
#6259=CARTESIAN_POINT('',(-0.0107860151906397,0.,-0.000293237765380626));
#6260=CARTESIAN_POINT('',(-0.0107961642563686,0.,-0.000287814783338217));
#6261=CARTESIAN_POINT('',(-0.00897282053968366,0.,0.000698921714236316));
#6262=CARTESIAN_POINT('',(-0.00915859139649144,0.,0.000713558826786314));
#6263=CARTESIAN_POINT('',(-0.00936645054424225,0.,0.000729936302739516));
#6264=CARTESIAN_POINT('',(-0.00937544855881043,0.,0.000730101149090751));
#6265=CARTESIAN_POINT('',(-0.00938610905353931,0.,0.000730450967304922));
#6266=CARTESIAN_POINT('',(-0.00939881388797891,0.,0.000730521297825575));
#6267=CARTESIAN_POINT('',(-0.00941587035246375,0.,0.000730323966491565));
#6268=CARTESIAN_POINT('',(-0.00943648729106761,0.,0.000729653867761823));
#6269=CARTESIAN_POINT('',(-0.00946090010420988,0.,0.000728378444030628));
#6270=CARTESIAN_POINT('',(-0.00948901407597942,0.,0.000726342663108841));
#6271=CARTESIAN_POINT('',(-0.00952083017169622,0.,0.000723399005741196));
#6272=CARTESIAN_POINT('',(-0.00955631486959557,0.,0.000719398456321581));
#6273=CARTESIAN_POINT('',(-0.00959543911467757,0.,0.000714193353956179));
#6274=CARTESIAN_POINT('',(-0.00963816682281331,0.,0.000707636704108353));
#6275=CARTESIAN_POINT('',(-0.009684458254369,0.,0.000699582532276383));
#6276=CARTESIAN_POINT('',(-0.00973426906446542,0.,0.000689885933587066));
#6277=CARTESIAN_POINT('',(-0.00978755060833681,0.,0.000678403209522814));
#6278=CARTESIAN_POINT('',(-0.00984424989152717,0.,0.000664991978848604));
#6279=CARTESIAN_POINT('',(-0.00990430962581018,0.,0.000649511294795111));
#6280=CARTESIAN_POINT('',(-0.00996766825903825,0.,0.000631821760020677));
#6281=CARTESIAN_POINT('',(-0.0100342600167568,0.,0.000611785638708815));
#6282=CARTESIAN_POINT('',(-0.0101040149423476,0.,0.000589266977393921));
#6283=CARTESIAN_POINT('',(-0.0101768589488273,0.,0.000564131686482283));
#6284=CARTESIAN_POINT('',(-0.0102527138418178,0.,0.000536247769076968));
#6285=CARTESIAN_POINT('',(-0.0103314974671449,0.,0.000505484974510505));
#6286=CARTESIAN_POINT('',(-0.010413123390916,0.,0.00047171666765519));
#6287=CARTESIAN_POINT('',(-0.0104975023956458,0.,0.000434813148293335));
#6288=CARTESIAN_POINT('',(-0.0105845369966327,0.,0.00039466788686499));
#6289=CARTESIAN_POINT('',(-0.0106741428142437,0.,0.000351097162860179));
#6290=CARTESIAN_POINT('',(-0.0107450146041468,0.,0.00031499958427163));
#6291=CARTESIAN_POINT('',(-0.0107860151906397,0.,0.000293237765380624));
#6292=CARTESIAN_POINT('',(-0.0107961642563686,0.,0.000287814783338215));
#6293=CARTESIAN_POINT('',(-0.00926999795860193,0.,0.000722256994045084));
#6294=CARTESIAN_POINT('',(-0.00924650322146656,0.,0.00102442320026353));
#6295=CARTESIAN_POINT('',(-0.00894526809909395,0.,0.000991049259790952));
#6296=CARTESIAN_POINT('',(4.61081065123576E-17,0.,-8.72077979324814E-18));
#6297=CARTESIAN_POINT('',(-0.00891069998115574,0.,0.00126468408934053));
#6298=CARTESIAN_POINT('',(-0.00921077100971674,0.,0.00130727278117122));
#6299=CARTESIAN_POINT('',(-0.00915838193675171,0.,0.0016057887839037));
#6300=CARTESIAN_POINT('',(-0.00886473764481721,0.,0.00155448592420796));
#6301=CARTESIAN_POINT('',(-0.00904831227041814,0.,0.00158650799688254));
#6302=CARTESIAN_POINT('',(-0.00925371405346297,0.,0.00162233751745281));
#6303=CARTESIAN_POINT('',(-0.00926247037447778,0.,0.0016244155652805));
#6304=CARTESIAN_POINT('',(-0.00927288294641369,0.,0.00162672789448005));
#6305=CARTESIAN_POINT('',(-0.00928520612560606,0.,0.00162981933736525));
#6306=CARTESIAN_POINT('',(-0.00930167765558727,0.,0.00163425223940071));
#6307=CARTESIAN_POINT('',(-0.00932148022837551,0.,0.00164002850988171));
#6308=CARTESIAN_POINT('',(-0.00934480888311709,0.,0.00164733508357678));
#6309=CARTESIAN_POINT('',(-0.00937153332463778,0.,0.00165629856716449));
#6310=CARTESIAN_POINT('',(-0.00940161780138332,0.,0.00166706208537676));
#6311=CARTESIAN_POINT('',(-0.00943499278606261,0.,0.00167976163569653));
#6312=CARTESIAN_POINT('',(-0.00947159341472096,0.,0.00169453301429446));
#6313=CARTESIAN_POINT('',(-0.00951134818082403,0.,0.00171150962384557));
#6314=CARTESIAN_POINT('',(-0.00955418229084931,0.,0.00173082296994914));
#6315=CARTESIAN_POINT('',(-0.00960001675671695,0.,0.0017526023769023));
#6316=CARTESIAN_POINT('',(-0.00964876872555783,0.,0.00177697493120817));
#6317=CARTESIAN_POINT('',(-0.00970035145906096,0.,0.00180406536174815));
#6318=CARTESIAN_POINT('',(-0.00975467441677885,0.,0.00183399594018712));
#6319=CARTESIAN_POINT('',(-0.00981164331362863,0.,0.00186688637704624));
#6320=CARTESIAN_POINT('',(-0.00987116018807655,0.,0.00190285372347639));
#6321=CARTESIAN_POINT('',(-0.009933123471068,0.,0.0019420122642115));
#6322=CARTESIAN_POINT('',(-0.00999742805647273,0.,0.00198447345149066));
#6323=CARTESIAN_POINT('',(-0.0100639653802393,0.,0.00203034568913446));
#6324=CARTESIAN_POINT('',(-0.0101326234771942,0.,0.00207973470483384));
#6325=CARTESIAN_POINT('',(-0.0102032871360488,0.,0.00213274166000608));
#6326=CARTESIAN_POINT('',(-0.0102758376871168,0.,0.00218946999261169));
#6327=CARTESIAN_POINT('',(-0.0103501542155335,0.,0.00224999864192916));
#6328=CARTESIAN_POINT('',(-0.0104261093031742,0.,0.0023144845721894));
#6329=CARTESIAN_POINT('',(-0.0104857774227273,0.,0.00236707317640196));
#6330=CARTESIAN_POINT('',(-0.0105200779561162,0.,0.00239834773896394));
#6331=CARTESIAN_POINT('',(-0.0105285595294902,0.,0.00240612431806427));
#6332=CARTESIAN_POINT('',(-0.00851710812031622,0.,0.00290841353092087));
#6333=CARTESIAN_POINT('',(-0.00869340254218019,0.,0.00296879012508239));
#6334=CARTESIAN_POINT('',(-0.00889065849993133,0.,0.00303634554051279));
#6335=CARTESIAN_POINT('',(-0.00889933282970516,0.,0.00303874292314043));
#6336=CARTESIAN_POINT('',(-0.00890957140913665,0.,0.00304173290840338));
#6337=CARTESIAN_POINT('',(-0.00892185960735053,0.,0.00304496059320463));
#6338=CARTESIAN_POINT('',(-0.00893842928594612,0.,0.00304901123162551));
#6339=CARTESIAN_POINT('',(-0.00895856515228934,0.,0.00305348940941467));
#6340=CARTESIAN_POINT('',(-0.00898252817699851,0.,0.00305832527521106));
#6341=CARTESIAN_POINT('',(-0.00901026517477466,0.,0.00306334511255759));
#6342=CARTESIAN_POINT('',(-0.00904181376715743,0.,0.003068406276853));
#6343=CARTESIAN_POINT('',(-0.00907717854420424,0.,0.00307335609756656));
#6344=CARTESIAN_POINT('',(-0.00911636808550246,0.,0.00307804432715833));
#6345=CARTESIAN_POINT('',(-0.0091593839966272,0.,0.00308231961543741));
#6346=CARTESIAN_POINT('',(-0.00920622408882068,0.,0.0030860306911144));
#6347=CARTESIAN_POINT('',(-0.00925688144675617,0.,0.00308902617364618));
#6348=CARTESIAN_POINT('',(-0.00931134469030082,0.,0.003091154781607));
#6349=CARTESIAN_POINT('',(-0.00936959789869017,0.,0.00309226542774489));
#6350=CARTESIAN_POINT('',(-0.00943162063554906,0.,0.00309220734638992));
#6351=CARTESIAN_POINT('',(-0.00949738794921294,0.,0.00309083021222761));
#6352=CARTESIAN_POINT('',(-0.0095668703851574,0.,0.00308798425922376));
#6353=CARTESIAN_POINT('',(-0.00964003399483186,0.,0.00308352040763734));
#6354=CARTESIAN_POINT('',(-0.00971684036555794,0.,0.00307729035586233));
#6355=CARTESIAN_POINT('',(-0.00979724658587099,0.,0.00306914680777595));
#6356=CARTESIAN_POINT('',(-0.00988120547464511,0.,0.00305894317386266));
#6357=CARTESIAN_POINT('',(-0.00996866480634294,0.,0.00304653530223513));
#6358=CARTESIAN_POINT('',(-0.0100595704215431,0.,0.00303177537996019));
#6359=CARTESIAN_POINT('',(-0.0101538543910294,0.,0.00301453598084046));
#6360=CARTESIAN_POINT('',(-0.010251480675543,0.,0.00299461817192221));
#6361=CARTESIAN_POINT('',(-0.0103291030005883,0.,0.00297727976257801));
#6362=CARTESIAN_POINT('',(-0.0103742274225463,0.,0.00296639806247326));
#6363=CARTESIAN_POINT('',(-0.0103854062775047,0.,0.00296366942339484));
#6364=CARTESIAN_POINT('',(-0.00879914591604552,0.,0.0030049207087826));
#6365=CARTESIAN_POINT('',(-0.00870124362955156,0.,0.00329175090446074));
#6366=CARTESIAN_POINT('',(-0.0084177721239713,0.,0.00318451133910556));
#6367=CARTESIAN_POINT('',(4.24907658166225E-17,0.,-1.99134202655943E-17));
#6368=CARTESIAN_POINT('',(-0.00831623981213938,0.,0.00344095268595604));
#6369=CARTESIAN_POINT('',(-0.00859629218058024,0.,0.00355682800595202));
#6370=CARTESIAN_POINT('',(-0.00847131109564273,0.,0.00383293694688177));
#6371=CARTESIAN_POINT('',(-0.00819965068150239,0.,0.00371021949503495));
#6372=CARTESIAN_POINT('',(-0.00836949440702973,0.,0.003786888688339));
#6373=CARTESIAN_POINT('',(-0.00855953267592495,0.,0.00387267390488355));
#6374=CARTESIAN_POINT('',(-0.00856749711153355,0.,0.00387686427550262));
#6375=CARTESIAN_POINT('',(-0.00857700750048699,0.,0.00388169345996813));
#6376=CARTESIAN_POINT('',(-0.00858817471376198,0.,0.0038877524295332));
#6377=CARTESIAN_POINT('',(-0.0086030263424328,0.,0.00389614236673213));
#6378=CARTESIAN_POINT('',(-0.00862077028092836,0.,0.00390666186464643));
#6379=CARTESIAN_POINT('',(-0.00864154895209505,0.,0.00391954048940841));
#6380=CARTESIAN_POINT('',(-0.00866520466842052,0.,0.00393486846702285));
#6381=CARTESIAN_POINT('',(-0.00869166720787791,0.,0.00395277553464502));
#6382=CARTESIAN_POINT('',(-0.00872083540630513,0.,0.00397337612641268));
#6383=CARTESIAN_POINT('',(-0.00875261266643355,0.,0.0039967856412005));
#6384=CARTESIAN_POINT('',(-0.00878689655234188,0.,0.00402311550764119));
#6385=CARTESIAN_POINT('',(-0.00882358191617102,0.,0.00405247449945115));
#6386=CARTESIAN_POINT('',(-0.00886256008975204,0.,0.00408496823443024));
#6387=CARTESIAN_POINT('',(-0.00890371921806295,0.,0.0041206992017547));
#6388=CARTESIAN_POINT('',(-0.00894694426902482,0.,0.004159766640778));
#6389=CARTESIAN_POINT('',(-0.00899211713895831,0.,0.00420226646528215));
#6390=CARTESIAN_POINT('',(-0.00903911673412378,0.,0.00424829117711553));
#6391=CARTESIAN_POINT('',(-0.00908781906119171,0.,0.00429792978800911));
#6392=CARTESIAN_POINT('',(-0.00913809732062852,0.,0.00435126773303502));
#6393=CARTESIAN_POINT('',(-0.00918982199136156,0.,0.00440838682412363));
#6394=CARTESIAN_POINT('',(-0.00924286096114479,0.,0.00446936506060846));
#6395=CARTESIAN_POINT('',(-0.00929707948898899,0.,0.00453427700394426));
#6396=CARTESIAN_POINT('',(-0.00935234082535859,0.,0.00460319198549401));
#6397=CARTESIAN_POINT('',(-0.00940850430481891,0.,0.00467618068157356));
#6398=CARTESIAN_POINT('',(-0.0094654331798678,0.,0.00475328948113474));
#6399=CARTESIAN_POINT('',(-0.00952296500003853,0.,0.0048346387294895));
#6400=CARTESIAN_POINT('',(-0.00956768028184608,0.,0.00490041402391604));
#6401=CARTESIAN_POINT('',(-0.00959312553346967,0.,0.00493923623436342));
#6402=CARTESIAN_POINT('',(-0.00959940668604061,0.,0.00494887777945655));
#6403=CARTESIAN_POINT('',(-0.00752623447401676,0.,0.00493515902906093));
#6404=CARTESIAN_POINT('',(-0.00768197523404569,0.,0.00503748142137322));
#6405=CARTESIAN_POINT('',(-0.00785623368451498,0.,0.00515197002107788));
#6406=CARTESIAN_POINT('',(-0.00786403928945284,0.,0.00515644930361448));
#6407=CARTESIAN_POINT('',(-0.00787321262598639,0.,0.00516189158415574));
#6408=CARTESIAN_POINT('',(-0.00788431207528793,0.,0.00516807381593093));
#6409=CARTESIAN_POINT('',(-0.0078993538341491,0.,0.00517611790759752));
#6410=CARTESIAN_POINT('',(-0.00791774341769479,0.,0.0051854629815255));
#6411=CARTESIAN_POINT('',(-0.00793975096899855,0.,0.00519610628161641));
#6412=CARTESIAN_POINT('',(-0.0079653681752015,0.,0.00520786632238911));
#6413=CARTESIAN_POINT('',(-0.00799466695016321,0.,0.00522061429678122));
#6414=CARTESIAN_POINT('',(-0.00802768970735308,0.,0.00523420347218837));
#6415=CARTESIAN_POINT('',(-0.00806448212185871,0.,0.00524849045502996));
#6416=CARTESIAN_POINT('',(-0.00810508338807502,0.,0.00526332904934994));
#6417=CARTESIAN_POINT('',(-0.00814952900564796,0.,0.00527857219200275));
#6418=CARTESIAN_POINT('',(-0.00819784992331872,0.,0.00529407153857153));
#6419=CARTESIAN_POINT('',(-0.00825007274064292,0.,0.00530967773029078));
#6420=CARTESIAN_POINT('',(-0.00830621961090785,0.,0.00532524046725925));
#6421=CARTESIAN_POINT('',(-0.00836630823368209,0.,0.00534060863806794));
#6422=CARTESIAN_POINT('',(-0.00843035182558903,0.,0.00535563043492192));
#6423=CARTESIAN_POINT('',(-0.00849835910277044,0.,0.00537015347191999));
#6424=CARTESIAN_POINT('',(-0.00857033425785585,0.,0.00538402491027412));
#6425=CARTESIAN_POINT('',(-0.00864627696608149,0.,0.0053970915547013));
#6426=CARTESIAN_POINT('',(-0.00872618229518143,0.,0.00540920006501));
#6427=CARTESIAN_POINT('',(-0.00881004100164169,0.,0.00542019672359498));
#6428=CARTESIAN_POINT('',(-0.00889783834980277,0.,0.00542992891940256));
#6429=CARTESIAN_POINT('',(-0.00898955864134281,0.,0.00543824001441427));
#6430=CARTESIAN_POINT('',(-0.00908516777077346,0.,0.00544498969245192));
#6431=CARTESIAN_POINT('',(-0.00918468030368937,0.,0.00544997630780715));
#6432=CARTESIAN_POINT('',(-0.00926417586771934,0.,0.00545248650373258));
#6433=CARTESIAN_POINT('',(-0.00931058879175468,0.,0.00545316865965178));
#6434=CARTESIAN_POINT('',(-0.00932209502737266,0.,0.00545330581396587));
#6435=CARTESIAN_POINT('',(-0.00777541117458897,0.,0.00509877420406199));
#6436=CARTESIAN_POINT('',(-0.00760925289945626,0.,0.00535224579311771));
#6437=CARTESIAN_POINT('',(-0.00736135656789922,0.,0.00517787885917072));
#6438=CARTESIAN_POINT('',(3.62035740345236E-17,0.,-2.98548273062164E-17));
#6439=CARTESIAN_POINT('',(-0.00719923971073572,0.,0.00540101357037417));
#6440=CARTESIAN_POINT('',(-0.00744167669878674,0.,0.00558289464602047));
#6441=CARTESIAN_POINT('',(-0.00725195662309165,0.,0.00581924758493124));
#6442=CARTESIAN_POINT('',(-0.00701934950966304,0.,0.00563282632975608));
#6443=CARTESIAN_POINT('',(-0.00716479042920036,0.,0.00574932523630475));
#6444=CARTESIAN_POINT('',(-0.00732752438059943,0.,0.00587967594817214));
#6445=CARTESIAN_POINT('',(-0.00733419649602137,0.,0.00588571534518549));
#6446=CARTESIAN_POINT('',(-0.00734220712927763,0.,0.00589275794949649));
#6447=CARTESIAN_POINT('',(-0.00735151669955506,0.,0.00590140373840031));
#6448=CARTESIAN_POINT('',(-0.00736381524446562,0.,0.00591322354015248));
#6449=CARTESIAN_POINT('',(-0.00737838563175518,0.,0.00592782528675813));
#6450=CARTESIAN_POINT('',(-0.00739530871901897,0.,0.00594546675122895));
#6451=CARTESIAN_POINT('',(-0.00741440933449286,0.,0.00596619610966424));
#6452=CARTESIAN_POINT('',(-0.00743558719798558,0.,0.00599012155978001));
#6453=CARTESIAN_POINT('',(-0.00745871586498041,0.,0.00601732878205112));
#6454=CARTESIAN_POINT('',(-0.00748367307445644,0.,0.00604790552712054));
#6455=CARTESIAN_POINT('',(-0.0075103318975311,0.,0.00608193424810788));
#6456=CARTESIAN_POINT('',(-0.00753856343883539,0.,0.00611949415219399));
#6457=CARTESIAN_POINT('',(-0.007568236178132,0.,0.00616066051432667));
#6458=CARTESIAN_POINT('',(-0.00759921628650846,0.,0.00620550478658342));
#6459=CARTESIAN_POINT('',(-0.00763136766600654,0.,0.00625409448321621));
#6460=CARTESIAN_POINT('',(-0.00766455207060351,0.,0.00630649313350852));
#6461=CARTESIAN_POINT('',(-0.00769862920666801,0.,0.00636276021840463));
#6462=CARTESIAN_POINT('',(-0.00773345684003164,0.,0.00642295111728116));
#6463=CARTESIAN_POINT('',(-0.00776889090796289,0.,0.00648711704734864));
#6464=CARTESIAN_POINT('',(-0.00780478561273206,0.,0.00655530503968428));
#6465=CARTESIAN_POINT('',(-0.00784099359499677,0.,0.00662755778814954));
#6466=CARTESIAN_POINT('',(-0.00787736580422402,0.,0.00670391400299255));
#6467=CARTESIAN_POINT('',(-0.0079137525451075,0.,0.00678440682917746));
#6468=CARTESIAN_POINT('',(-0.00794999999499083,0.,0.00686906974052262));
#6469=CARTESIAN_POINT('',(-0.0079859641660829,0.,0.00695791366086476));
#6470=CARTESIAN_POINT('',(-0.00802145778293506,0.,0.00705101475485829));
#6471=CARTESIAN_POINT('',(-0.0080484106013898,0.,0.00712584383584538));
#6472=CARTESIAN_POINT('',(-0.00806340175250743,0.,0.00716977435191766));
#6473=CARTESIAN_POINT('',(-0.00806708781635882,0.,0.00718067504926626));
#6474=CARTESIAN_POINT('',(-0.00606245983616066,0.,0.00665181033515981));
#6475=CARTESIAN_POINT('',(-0.00618786116962747,0.,0.00678964923339846));
#6476=CARTESIAN_POINT('',(-0.00632817281349418,0.,0.00694387727759831));
#6477=CARTESIAN_POINT('',(-0.0063346192387308,0.,0.00695015701024845));
#6478=CARTESIAN_POINT('',(-0.00634215093789484,0.,0.00695770962756631));
#6479=CARTESIAN_POINT('',(-0.00635136421906352,0.,0.00696645795395635));
#6480=CARTESIAN_POINT('',(-0.0063639329291613,0.,0.00697799005900512));
#6481=CARTESIAN_POINT('',(-0.00637942074474312,0.,0.00699161484370825));
#6482=CARTESIAN_POINT('',(-0.00639809000725496,0.,0.00700739682040565));
#6483=CARTESIAN_POINT('',(-0.00641997779860548,0.,0.00702515813799237));
#6484=CARTESIAN_POINT('',(-0.00644518580636193,0.,0.00704479192036636));
#6485=CARTESIAN_POINT('',(-0.0064737916024114,0.,0.00706616659259877));
#6486=CARTESIAN_POINT('',(-0.00650587508740802,0.,0.0070891546250144));
#6487=CARTESIAN_POINT('',(-0.00654151058183852,0.,0.00711362416192164));
#6488=CARTESIAN_POINT('',(-0.00658076904317927,0.,0.00713944158883701));
#6489=CARTESIAN_POINT('',(-0.00662371733961613,0.,0.00716647091849527));
#6490=CARTESIAN_POINT('',(-0.00667041837904531,0.,0.00719457409955167));
#6491=CARTESIAN_POINT('',(-0.00672093099683333,0.,0.00722361106335125));
#6492=CARTESIAN_POINT('',(-0.00677530991636353,0.,0.00725343984763151));
#6493=CARTESIAN_POINT('',(-0.00683360569209816,0.,0.00728391670075914));
#6494=CARTESIAN_POINT('',(-0.00689586466317793,0.,0.00731489619193255));
#6495=CARTESIAN_POINT('',(-0.00696212889997418,0.,0.00734623132673986));
#6496=CARTESIAN_POINT('',(-0.00703243618604382,0.,0.00737777364204412));
#6497=CARTESIAN_POINT('',(-0.00710681987823206,0.,0.0074093733885132));
#6498=CARTESIAN_POINT('',(-0.00718530925144081,0.,0.00744087937909469));
#6499=CARTESIAN_POINT('',(-0.00726792798578413,0.,0.00747214013268227));
#6500=CARTESIAN_POINT('',(-0.00735469983042294,0.,0.00750300002831497));
#6501=CARTESIAN_POINT('',(-0.00744562664657005,0.,0.00753331467641532));
#6502=CARTESIAN_POINT('',(-0.00754077268946364,0.,0.00756289238866177));
#6503=CARTESIAN_POINT('',(-0.00761714649382603,0.,0.00758509346501499));
#6504=CARTESIAN_POINT('',(-0.00766193162522683,0.,0.00759729661459293));
#6505=CARTESIAN_POINT('',(-0.00767304226240349,0.,0.00760029094438956));
#6506=CARTESIAN_POINT('',(-0.00626311875307102,0.,0.00687225296412036));
#6507=CARTESIAN_POINT('',(-0.00603914482481353,0.,0.00707643939440999));
#6508=CARTESIAN_POINT('',(-0.00584239990549039,0.,0.0068459012076078));
#6509=CARTESIAN_POINT('',(2.76415785484041E-17,0.,-3.79203457488146E-17));
#6510=CARTESIAN_POINT('',(-0.00562988490135497,0.,0.00702170890862725));
#6511=CARTESIAN_POINT('',(-0.00581947330143604,0.,0.00725816748302922));
#6512=CARTESIAN_POINT('',(-0.00557693504508092,0.,0.00743991349552394));
#6513=CARTESIAN_POINT('',(-0.00539799679276987,0.,0.00720150197009251));
#6514=CARTESIAN_POINT('',(-0.00550989631844836,0.,0.00735051053513434));
#6515=CARTESIAN_POINT('',(-0.00563510077969127,0.,0.00751723632770155));
#6516=CARTESIAN_POINT('',(-0.00564006134137628,0.,0.00752474527358348));
#6517=CARTESIAN_POINT('',(-0.00564606888138682,0.,0.00753355878501022));
#6518=CARTESIAN_POINT('',(-0.00565293585412793,0.,0.00754424814653899));
#6519=CARTESIAN_POINT('',(-0.00566190855247063,0.,0.00755875513123012));
#6520=CARTESIAN_POINT('',(-0.00567238987753466,0.,0.0075765216450864));
#6521=CARTESIAN_POINT('',(-0.005684394041084,0.,0.0075978174711726));
#6522=CARTESIAN_POINT('',(-0.00569773939378893,0.,0.007622645708601));
#6523=CARTESIAN_POINT('',(-0.005712301898267,0.,0.00765108621718797));
#6524=CARTESIAN_POINT('',(-0.00572793777462088,0.,0.00768319054012606));
#6525=CARTESIAN_POINT('',(-0.00574450678018693,0.,0.00771901326613096));
#6526=CARTESIAN_POINT('',(-0.00576186546852985,0.,0.00775860269197643));
#6527=CARTESIAN_POINT('',(-0.0057798692957408,0.,0.0078020034814293));
#6528=CARTESIAN_POINT('',(-0.00579837215341429,0.,0.00784925583678348));
#6529=CARTESIAN_POINT('',(-0.00581722664771015,0.,0.00790039568342093));
#6530=CARTESIAN_POINT('',(-0.00583628416632606,0.,0.00795545456832338));
#6531=CARTESIAN_POINT('',(-0.00585539500740198,0.,0.00801445964449723));
#6532=CARTESIAN_POINT('',(-0.00587440849257963,0.,0.00807743363457618));
#6533=CARTESIAN_POINT('',(-0.00589317308394765,0.,0.0081443948058926));
#6534=CARTESIAN_POINT('',(-0.00591153650756784,0.,0.00821535693962973));
#6535=CARTESIAN_POINT('',(-0.00592934585006099,0.,0.00829032933087606));
#6536=CARTESIAN_POINT('',(-0.00594644776411786,0.,0.00836931668540865));
#6537=CARTESIAN_POINT('',(-0.00596268825505477,0.,0.00845231942996178));
#6538=CARTESIAN_POINT('',(-0.00597791408770136,0.,0.00853933244048074));
#6539=CARTESIAN_POINT('',(-0.00599196794742273,0.,0.00863034988500329));
#6540=CARTESIAN_POINT('',(-0.00600470765342129,0.,0.0087253465358662));
#6541=CARTESIAN_POINT('',(-0.00601593287247166,0.,0.00882434959136103));
#6542=CARTESIAN_POINT('',(-0.00602342968286455,0.,0.00890353067254814));
#6543=CARTESIAN_POINT('',(-0.00602702478431792,0.,0.00894980917835535));
#6544=CARTESIAN_POINT('',(-0.00602788415050158,0.,0.00896128409705505));
#6545=CARTESIAN_POINT('',(-0.00421775855063094,0.,0.00795050393425345));
#6546=CARTESIAN_POINT('',(-0.00430494103056008,0.,0.00811519841350611));
#6547=CARTESIAN_POINT('',(-0.00440248957120994,0.,0.00829947518697301));
#6548=CARTESIAN_POINT('',(-0.00440717176413941,0.,0.00830716079103904));
#6549=CARTESIAN_POINT('',(-0.0044125885815758,0.,0.00831634918641083));
#6550=CARTESIAN_POINT('',(-0.00441933679027171,0.,0.00832711391789454));
#6551=CARTESIAN_POINT('',(-0.00442864271332618,0.,0.00834140943175317));
#6552=CARTESIAN_POINT('',(-0.00444025560453093,0.,0.0083584578319001));
#6553=CARTESIAN_POINT('',(-0.00445441351982647,0.,0.00837838684556604));
#6554=CARTESIAN_POINT('',(-0.00447119660589634,0.,0.00840103343106124));
#6555=CARTESIAN_POINT('',(-0.00449072993461163,0.,0.00842631935866256));
#6556=CARTESIAN_POINT('',(-0.00451312136215017,0.,0.00845413647845332));
#6557=CARTESIAN_POINT('',(-0.00453847999428063,0.,0.00848438113782224));
#6558=CARTESIAN_POINT('',(-0.00456691060775207,0.,0.00851694410632019));
#6559=CARTESIAN_POINT('',(-0.00459851515935206,0.,0.00855171361361519));
#6560=CARTESIAN_POINT('',(-0.00463339223513711,0.,0.00858857457417358));
#6561=CARTESIAN_POINT('',(-0.00467163709860954,0.,0.00862740891834508));
#6562=CARTESIAN_POINT('',(-0.00471334157037261,0.,0.00866809560974976));
#6563=CARTESIAN_POINT('',(-0.00475859395915301,0.,0.00871051075528267));
#6564=CARTESIAN_POINT('',(-0.00480747898072905,0.,0.00875452769191591));
#6565=CARTESIAN_POINT('',(-0.00486007768558177,0.,0.00880001708189964));
#6566=CARTESIAN_POINT('',(-0.00491646737838813,0.,0.00884684701139763));
#6567=CARTESIAN_POINT('',(-0.00497672157694591,0.,0.00889488307790386));
#6568=CARTESIAN_POINT('',(-0.00504090983127818,0.,0.00894398853224695));
#6569=CARTESIAN_POINT('',(-0.00510909809525298,0.,0.00899402421756579));
#6570=CARTESIAN_POINT('',(-0.0051813469768493,0.,0.00904484930081645));
#6571=CARTESIAN_POINT('',(-0.00525771818046371,0.,0.00909631895633278));
#6572=CARTESIAN_POINT('',(-0.00533824941706332,0.,0.0091482937936662));
#6573=CARTESIAN_POINT('',(-0.00542305059413691,0.,0.0092006041263642));
#6574=CARTESIAN_POINT('',(-0.00549150379182043,0.,0.0092411011078681));
#6575=CARTESIAN_POINT('',(-0.00553184711607258,0.,0.00926405848233676));
#6576=CARTESIAN_POINT('',(-0.00554186403261205,0.,0.00926972184286243));
#6577=CARTESIAN_POINT('',(-0.0043572915461581,0.,0.00821392279606462));
#6578=CARTESIAN_POINT('',(-0.00408957507040675,0.,0.0083559942832279));
#6579=CARTESIAN_POINT('',(-0.00395634377017577,0.,0.00808377040570744));
#6580=CARTESIAN_POINT('',(1.73427610234736E-17,0.,-4.36031894067385E-17));
#6581=CARTESIAN_POINT('',(-0.00370678371835379,0.,0.00820120445211234));
#6582=CARTESIAN_POINT('',(-0.00383161099403043,0.,0.0084773829634065));
#6583=CARTESIAN_POINT('',(-0.0035514941276554,0.,0.00859310227910504));
#6584=CARTESIAN_POINT('',(-0.00343746808494347,0.,0.00831768075637645));
#6585=CARTESIAN_POINT('',(-0.00350879515802709,0.,0.0084898362237547));
#6586=CARTESIAN_POINT('',(-0.00358860307234414,0.,0.00868246110230015));
#6587=CARTESIAN_POINT('',(-0.00359154038995787,0.,0.00869096778236494));
#6588=CARTESIAN_POINT('',(-0.00359516736088965,0.,0.00870099841557066));
#6589=CARTESIAN_POINT('',(-0.00359916025894217,0.,0.00871305969782679));
#6590=CARTESIAN_POINT('',(-0.00360424332308086,0.,0.00872934233825578));
#6591=CARTESIAN_POINT('',(-0.00360997700571795,0.,0.00874915728395644));
#6592=CARTESIAN_POINT('',(-0.00361630797980882,0.,0.00877276937658446));
#6593=CARTESIAN_POINT('',(-0.00362305953215357,0.,0.00880013644353647));
#6594=CARTESIAN_POINT('',(-0.00363009166190349,0.,0.00883130498884323));
#6595=CARTESIAN_POINT('',(-0.00363725228800036,0.,0.00886628917976667));
#6596=CARTESIAN_POINT('',(-0.00364439199810018,0.,0.0089051070130854));
#6597=CARTESIAN_POINT('',(-0.00365135984148199,0.,0.0089477695945634));
#6598=CARTESIAN_POINT('',(-0.00365800470792248,0.,0.00899428423816476));
#6599=CARTESIAN_POINT('',(-0.00366417508137648,0.,0.00904465354747154));
#6600=CARTESIAN_POINT('',(-0.00366971926437315,0.,0.00909887566384626));
#6601=CARTESIAN_POINT('',(-0.0036744854681236,0.,0.00915694418478752));
#6602=CARTESIAN_POINT('',(-0.00367832194124892,0.,0.00921884818090142));
#6603=CARTESIAN_POINT('',(-0.00368107708833931,0.,0.00928457218876441));
#6604=CARTESIAN_POINT('',(-0.00368259958942472,0.,0.00935409621586096));
#6605=CARTESIAN_POINT('',(-0.00368273852729184,0.,0.00942739574142457));
#6606=CARTESIAN_POINT('',(-0.00368134348102195,0.,0.00950444174051041));
#6607=CARTESIAN_POINT('',(-0.00367826475071434,0.,0.00958520063512988));
#6608=CARTESIAN_POINT('',(-0.00367335307358701,0.,0.0096696345416901));
#6609=CARTESIAN_POINT('',(-0.00366646130293482,0.,0.00975770038908075));
#6610=CARTESIAN_POINT('',(-0.00365743851680146,0.,0.00984935340600259));
#6611=CARTESIAN_POINT('',(-0.00364615327512525,0.,0.00994453379843931));
#6612=CARTESIAN_POINT('',(-0.00363240477457745,0.,0.0100432180893509));
#6613=CARTESIAN_POINT('',(-0.00361997452474016,0.,0.0101217759321994));
#6614=CARTESIAN_POINT('',(-0.00361194768308308,0.,0.0101674945790213));
#6615=CARTESIAN_POINT('',(-0.00360992635446117,0.,0.0101788227077284));
#6616=CARTESIAN_POINT('',(-0.00210803998353421,0.,0.00874963813124983));
#6617=CARTESIAN_POINT('',(-0.00215152561407699,0.,0.00893083983168114));
#6618=CARTESIAN_POINT('',(-0.00220018171794252,0.,0.00913358654701561));
#6619=CARTESIAN_POINT('',(-0.00220280547916319,0.,0.00914219510772838));
#6620=CARTESIAN_POINT('',(-0.00220576705631076,0.,0.00915244194048034));
#6621=CARTESIAN_POINT('',(-0.00220962617776335,0.,0.00916454668938868));
#6622=CARTESIAN_POINT('',(-0.00221508458840419,0.,0.00918070737234621));
#6623=CARTESIAN_POINT('',(-0.00222209287456826,0.,0.00920010817425607));
#6624=CARTESIAN_POINT('',(-0.00223084984876031,0.,0.00922293201166815));
#6625=CARTESIAN_POINT('',(-0.00224147368652789,0.,0.00924904089681685));
#6626=CARTESIAN_POINT('',(-0.00225410498532028,0.,0.00927839016181917));
#6627=CARTESIAN_POINT('',(-0.00226887510860573,0.,0.00931090187722761));
#6628=CARTESIAN_POINT('',(-0.00228591551175075,0.,0.0093465027803696));
#6629=CARTESIAN_POINT('',(-0.00230535484425823,0.,0.00938511312938931));
#6630=CARTESIAN_POINT('',(-0.00232731965590704,0.,0.00942665002104729));
#6631=CARTESIAN_POINT('',(-0.00235193405609979,0.,0.0094710265027888));
#6632=CARTESIAN_POINT('',(-0.00237931967818871,0.,0.00951815190540838));
#6633=CARTESIAN_POINT('',(-0.00240959555858765,0.,0.00956793182996201));
#6634=CARTESIAN_POINT('',(-0.00244287804260453,0.,0.00962026823716176));
#6635=CARTESIAN_POINT('',(-0.00247928068432982,0.,0.00967505951128897));
#6636=CARTESIAN_POINT('',(-0.00251891415288509,0.,0.00973220053441207));
#6637=CARTESIAN_POINT('',(-0.00256188612991576,0.,0.00979158276190193));
#6638=CARTESIAN_POINT('',(-0.00260830124806684,0.,0.00985309429688727));
#6639=CARTESIAN_POINT('',(-0.00265826088045556,0.,0.00991661998281076));
#6640=CARTESIAN_POINT('',(-0.00271186351579199,0.,0.00998204143673997));
#6641=CARTESIAN_POINT('',(-0.00276920288169781,0.,0.0100492373227515));
#6642=CARTESIAN_POINT('',(-0.00283037476069108,0.,0.0101180827104032));
#6643=CARTESIAN_POINT('',(-0.00289545034397447,0.,0.01018845196679));
#6644=CARTESIAN_POINT('',(-0.00296457828539561,0.,0.0102602080693522));
#6645=CARTESIAN_POINT('',(-0.00302080971023656,0.,0.0103164563817214));
#6646=CARTESIAN_POINT('',(-0.00305417630790494,0.,0.0103487254848116));
#6647=CARTESIAN_POINT('',(-0.00306247010410139,0.,0.0103567020262961));
#6648=CARTESIAN_POINT('',(-0.00217767968640274,0.,0.00903948165003723));
#6649=CARTESIAN_POINT('',(-0.0018830422739213,0.,0.0091105113200333));
#6650=CARTESIAN_POINT('',(-0.00182169600536643,0.,0.00881370657918858));
#6651=CARTESIAN_POINT('',(5.95423404122492E-18,0.,-4.6546284312924E-17));
#6652=CARTESIAN_POINT('',(-0.00155077168173153,0.,0.0088653881579511));
#6653=CARTESIAN_POINT('',(-0.00160299447619039,0.,0.00916393329455931));
#6654=CARTESIAN_POINT('',(-0.00130289977270754,0.,0.00920635484327047));
#6655=CARTESIAN_POINT('',(-0.00126095061521678,0.,0.00891122907044727));
#6656=CARTESIAN_POINT('',(-0.00128722349338106,0.,0.00909571427900303));
#6657=CARTESIAN_POINT('',(-0.00131662023600274,0.,0.00930213491398298));
#6658=CARTESIAN_POINT('',(-0.00131734974707682,0.,0.00931110482223677));
#6659=CARTESIAN_POINT('',(-0.00131836825300712,0.,0.00932172231564705));
#6660=CARTESIAN_POINT('',(-0.00131923618790156,0.,0.0093343976639081));
#6661=CARTESIAN_POINT('',(-0.00132011023022219,0.,0.00935143286189344));
#6662=CARTESIAN_POINT('',(-0.00132073600206527,0.,0.00937205119352584));
#6663=CARTESIAN_POINT('',(-0.00132099598831184,0.,0.00939649591807664));
#6664=CARTESIAN_POINT('',(-0.00132072951543211,0.,0.00942468224108665));
#6665=CARTESIAN_POINT('',(-0.00131978941587932,0.,0.00945662038878168));
#6666=CARTESIAN_POINT('',(-0.00131802486324659,0.,0.00949228626231189));
#6667=CARTESIAN_POINT('',(-0.0013152866636366,0.,0.00953166013571503));
#6668=CARTESIAN_POINT('',(-0.00131142584683166,0.,0.0095747152259293));
#6669=CARTESIAN_POINT('',(-0.00130629423110514,0.,0.0096214210375528));
#6670=CARTESIAN_POINT('',(-0.00129974441308249,0.,0.00967174241186306));
#6671=CARTESIAN_POINT('',(-0.00129162992337221,0.,0.00972563982298824));
#6672=CARTESIAN_POINT('',(-0.00128180533414669,0.,0.00978306932123649));
#6673=CARTESIAN_POINT('',(-0.00127012637960538,0.,0.00984398258154763));
#6674=CARTESIAN_POINT('',(-0.00125645007258409,0.,0.00990832692606464));
#6675=CARTESIAN_POINT('',(-0.00124063481904434,0.,0.00997604535862735));
#6676=CARTESIAN_POINT('',(-0.00122254054118122,0.,0.0100470765972495));
#6677=CARTESIAN_POINT('',(-0.00120202876203604,0.,0.0101213551206969));
#6678=CARTESIAN_POINT('',(-0.00117896283531197,0.,0.0101988111770439));
#6679=CARTESIAN_POINT('',(-0.00115320760885818,0.,0.0102793709527358));
#6680=CARTESIAN_POINT('',(-0.00112463127020346,0.,0.0103629561359231));
#6681=CARTESIAN_POINT('',(-0.00109309877305161,0.,0.0104494858291148));
#6682=CARTESIAN_POINT('',(-0.00105849767693937,0.,0.0105388694290195));
#6683=CARTESIAN_POINT('',(-0.00102063932564624,0.,0.0106310342584145));
#6684=CARTESIAN_POINT('',(-0.000989063053891318,0.,0.0107040327847427));
#6685=CARTESIAN_POINT('',(-0.000969918625105777,0.,0.0107463189018579));
#6686=CARTESIAN_POINT('',(-0.000965143609189522,0.,0.0107567884525838));
#6687=CARTESIAN_POINT('',(0.000134134488556719,0.,0.0089990003855417));
#6688=CARTESIAN_POINT('',(0.000137078069496264,0.,0.00918532373790031));
#6689=CARTESIAN_POINT('',(0.000140371644365558,0.,0.00939380107332762));
#6690=CARTESIAN_POINT('',(0.000139971175420706,0.,0.00940279168315748));
#6691=CARTESIAN_POINT('',(0.000139650925346073,0.,0.00941345310710258));
#6692=CARTESIAN_POINT('',(0.000138923373930513,0.,0.00942613728754349));
#6693=CARTESIAN_POINT('',(0.000137655447718478,0.,0.00944314770445486));
#6694=CARTESIAN_POINT('',(0.000135692122989469,0.,0.00946368188439251));
#6695=CARTESIAN_POINT('',(0.00013288632279529,0.,0.00948796643990591));
#6696=CARTESIAN_POINT('',(0.00012908926812868,0.,0.00951589710743246));
#6697=CARTESIAN_POINT('',(0.000124153670216983,0.,0.00954746558757664));
#6698=CARTESIAN_POINT('',(0.000117932912351368,0.,0.00958262906795393));
#6699=CARTESIAN_POINT('',(0.000110281449391601,0.,0.00962134927919361));
#6700=CARTESIAN_POINT('',(0.000101054842602386,0.,0.00966358097850725));
#6701=CARTESIAN_POINT('',(9.01099008015879E-5,0.,0.00970927533886333));
#6702=CARTESIAN_POINT('',(7.73047894906767E-5,0.,0.00975837900423485));
#6703=CARTESIAN_POINT('',(6.24991481383782E-5,0.,0.00981083440294082));
#6704=CARTESIAN_POINT('',(4.55542040159376E-5,0.,0.00986657970490595));
#6705=CARTESIAN_POINT('',(2.63328856377749E-5,0.,0.00992554888482832));
#6706=CARTESIAN_POINT('',(4.69993562237183E-6,0.,0.00998767175918789));
#6707=CARTESIAN_POINT('',(-1.9477980044419E-5,0.,0.0100528740348175));
#6708=CARTESIAN_POINT('',(-4.63321539426765E-5,0.,0.0101210773565535));
#6709=CARTESIAN_POINT('',(-7.59917591107701E-5,0.,0.0101921993640512));
#6710=CARTESIAN_POINT('',(-0.000108583622114275,0.,0.0102661537290774));
#6711=CARTESIAN_POINT('',(-0.000144232578097446,0.,0.0103428502810634));
#6712=CARTESIAN_POINT('',(-0.000183059585073463,0.,0.0104221948051885));
#6713=CARTESIAN_POINT('',(-0.000225188485314016,0.,0.0105040901160738));
#6714=CARTESIAN_POINT('',(-0.000270719477052238,0.,0.0105884322323351));
#6715=CARTESIAN_POINT('',(-0.000319830620026655,0.,0.010675125404937));
#6716=CARTESIAN_POINT('',(-0.000360307044797556,0.,0.0107435907598386));
#6717=CARTESIAN_POINT('',(-0.000384600369836891,0.,0.0107831440051257));
#6718=CARTESIAN_POINT('',(-0.000390649915972859,0.,0.0107929325321319));
#6719=CARTESIAN_POINT('',(0.000138763796994964,0.,0.00929705662705001));
#6720=CARTESIAN_POINT('',(0.000441808993979677,0.,0.00929258142448417));
#6721=CARTESIAN_POINT('',(0.000427415619189323,0.,0.00898984515375393));
#6722=CARTESIAN_POINT('',(-5.80841936397497E-18,0.,-4.65647049904693E-17));
#6723=CARTESIAN_POINT('',(0.000702681042993211,0.,0.00897252692120888));
#6724=CARTESIAN_POINT('',(0.000726344079989991,0.,0.00927467999422584));
#6725=CARTESIAN_POINT('',(0.0010275605666897,0.,0.00924113827402855));
#6726=CARTESIAN_POINT('',(0.000994797019115941,0.,0.00894485208881388));
#6727=CARTESIAN_POINT('',(0.00101522915743095,0.,0.00913007515440447));
#6728=CARTESIAN_POINT('',(0.00103809069195722,0.,0.00933732137816112));
#6729=CARTESIAN_POINT('',(0.00103961482528652,0.,0.00934619090227931));
#6730=CARTESIAN_POINT('',(0.0010412687808311,0.,0.00935672811973479));
#6731=CARTESIAN_POINT('',(0.00104358034463621,0.,0.00936922109525285));
#6732=CARTESIAN_POINT('',(0.00104697024342713,0.,0.00938593846665403));
#6733=CARTESIAN_POINT('',(0.00105149170192442,0.,0.00940606465861279));
#6734=CARTESIAN_POINT('',(0.00105731903941418,0.,0.00942980606314145));
#6735=CARTESIAN_POINT('',(0.00106458679404733,0.,0.00945704059187268));
#6736=CARTESIAN_POINT('',(0.00107344005299048,0.,0.00948774155067602));
#6737=CARTESIAN_POINT('',(0.00108401891102134,0.,0.0095218480888092));
#6738=CARTESIAN_POINT('',(0.00109646296918925,0.,0.00955930399702385));
#6739=CARTESIAN_POINT('',(0.00111090985686197,0.,0.00960004628631068));
#6740=CARTESIAN_POINT('',(0.00112749551646665,0.,0.00964400856804004));
#6741=CARTESIAN_POINT('',(0.00114635397681105,0.,0.00969112013033681));
#6742=CARTESIAN_POINT('',(0.00116761727599678,0.,0.00974130626365063));
#6743=CARTESIAN_POINT('',(0.00119141534312491,0.,0.00979448823262002));
#6744=CARTESIAN_POINT('',(0.00121787589366684,0.,0.00985058335295975));
#6745=CARTESIAN_POINT('',(0.00124712432213171,0.,0.00990950504232283));
#6746=CARTESIAN_POINT('',(0.00127928359975229,0.,0.00997116288218281));
#6747=CARTESIAN_POINT('',(0.00131447416332141,0.,0.0100354626799062));
#6748=CARTESIAN_POINT('',(0.00135281384482113,0.,0.0101023065349097));
#6749=CARTESIAN_POINT('',(0.00139441765095506,0.,0.0101715929041005));
#6750=CARTESIAN_POINT('',(0.00143939813113611,0.,0.0102432166819393));
#6751=CARTESIAN_POINT('',(0.00148786348133928,0.,0.0103170692364587));
#6752=CARTESIAN_POINT('',(0.00153992438674515,0.,0.0103930386270631));
#6753=CARTESIAN_POINT('',(0.00159566722317075,0.,0.0104710091341239));
#6754=CARTESIAN_POINT('',(0.00165525664576418,0.,0.0105508634468129));
#6755=CARTESIAN_POINT('',(0.00170399488615298,0.,0.0106137158907417));
#6756=CARTESIAN_POINT('',(0.0017330539871981,0.,0.0106499124858946));
#6757=CARTESIAN_POINT('',(0.0017402826585974,0.,0.0106588656182628));
#6758=CARTESIAN_POINT('',(0.00236788079741949,0.,0.00868292234960166));
#6759=CARTESIAN_POINT('',(0.0024170686338252,0.,0.00886265997240953));
#6760=CARTESIAN_POINT('',(0.00247210494000735,0.,0.00906376853021877));
#6761=CARTESIAN_POINT('',(0.00247395292627494,0.,0.00907257627608496));
#6762=CARTESIAN_POINT('',(0.00247629412576323,0.,0.00908298239474677));
#6763=CARTESIAN_POINT('',(0.0024787438591159,0.,0.00909544901301399));
#6764=CARTESIAN_POINT('',(0.00248174608579968,0.,0.00911224033682473));
#6765=CARTESIAN_POINT('',(0.00248495108541905,0.,0.00913261765674525));
#6766=CARTESIAN_POINT('',(0.00248827275796796,0.,0.00915683704242472));
#6767=CARTESIAN_POINT('',(0.0024915410693116,0.,0.00918483450576662));
#6768=CARTESIAN_POINT('',(0.00249461129404925,0.,0.00921663863734444));
#6769=CARTESIAN_POINT('',(0.00249733077469851,0.,0.00925224443189624));
#6770=CARTESIAN_POINT('',(0.00249954902148188,0.,0.00929165101795845));
#6771=CARTESIAN_POINT('',(0.00250111488204858,0.,0.00933485049458081));
#6772=CARTESIAN_POINT('',(0.00250187752104182,0.,0.00938183117892172));
#6773=CARTESIAN_POINT('',(0.00250168629085032,0.,0.00943257666403732));
#6774=CARTESIAN_POINT('',(0.00250039092313215,0.,0.00948706609321151));
#6775=CARTESIAN_POINT('',(0.00249784162844456,0.,0.0095452740902488));
#6776=CARTESIAN_POINT('',(0.00249388922182988,0.,0.00960717079244579));
#6777=CARTESIAN_POINT('',(0.00248838524133426,0.,0.00967272185836975));
#6778=CARTESIAN_POINT('',(0.00248118206591745,0.,0.00974188848773096));
#6779=CARTESIAN_POINT('',(0.00247213304166037,0.,0.00981462743817415));
#6780=CARTESIAN_POINT('',(0.00246109257154838,0.,0.0098908910608847));
#6781=CARTESIAN_POINT('',(0.00244791634454708,0.,0.00997062728027386));
#6782=CARTESIAN_POINT('',(0.00243246102292928,0.,0.0100537798038851));
#6783=CARTESIAN_POINT('',(0.00241458601852711,0.,0.0101402874578642));
#6784=CARTESIAN_POINT('',(0.00239414721078065,0.,0.0102300869084103));
#6785=CARTESIAN_POINT('',(0.00237102169024978,0.,0.0103231023591929));
#6786=CARTESIAN_POINT('',(0.00234501317945332,0.,0.0104192853509648));
#6787=CARTESIAN_POINT('',(0.0023228350373827,0.,0.0104956658183522));
#6788=CARTESIAN_POINT('',(0.00230914142392922,0.,0.0105400179299682));
#6789=CARTESIAN_POINT('',(0.00230571624308614,0.,0.0105510033933446));
#6790=CARTESIAN_POINT('',(0.00244648824068993,0.,0.00897046334400274));
#6791=CARTESIAN_POINT('',(0.00273889977792909,0.,0.00889076446231085));
#6792=CARTESIAN_POINT('',(0.00264967114846673,0.,0.0086011186949712));
#6793=CARTESIAN_POINT('',(-1.72061084186642E-17,0.,-4.36572940004578E-17));
#6794=CARTESIAN_POINT('',(0.00291198173350659,0.,0.00851588881936137));
#6795=CARTESIAN_POINT('',(0.00301004376631793,0.,0.00880266443996817));
#6796=CARTESIAN_POINT('',(0.00329345549657841,0.,0.00869526700050024));
#6797=CARTESIAN_POINT('',(0.0031880378981301,0.,0.00841643715357551));
#6798=CARTESIAN_POINT('',(0.00325389122652993,0.,0.00859075982978708));
#6799=CARTESIAN_POINT('',(0.00332757456391102,0.,0.00878580959988352));
#6800=CARTESIAN_POINT('',(0.00333125657474125,0.,0.00879402143504593));
#6801=CARTESIAN_POINT('',(0.00333547906765101,0.,0.00880381628442071));
#6802=CARTESIAN_POINT('',(0.00334082488610046,0.,0.00881534190759802));
#6803=CARTESIAN_POINT('',(0.00334826572619473,0.,0.00883069103848773));
#6804=CARTESIAN_POINT('',(0.00335765031516622,0.,0.00884906048811311));
#6805=CARTESIAN_POINT('',(0.00336919882334638,0.,0.00887060681285831));
#6806=CARTESIAN_POINT('',(0.00338301119998043,0.,0.008895178301709));
#6807=CARTESIAN_POINT('',(0.00339922133549453,0.,0.0089227130174688));
#6808=CARTESIAN_POINT('',(0.00341794979036711,0.,0.00895311718097896));
#6809=CARTESIAN_POINT('',(0.00343931780115221,0.,0.0089863016315388));
#6810=CARTESIAN_POINT('',(0.00346344300860831,0.,0.00902217113202265));
#6811=CARTESIAN_POINT('',(0.0034904405741004,0.,0.00906062757201485));
#6812=CARTESIAN_POINT('',(0.00352042273034654,0.,0.00910156912957481));
#6813=CARTESIAN_POINT('',(0.00355349878771893,0.,0.00914489060574949));
#6814=CARTESIAN_POINT('',(0.00358977501266885,0.,0.00919048342674007));
#6815=CARTESIAN_POINT('',(0.00362935454550574,0.,0.00923823574439403));
#6816=CARTESIAN_POINT('',(0.00367233730908556,0.,0.00928803251216168));
#6817=CARTESIAN_POINT('',(0.00371881992510053,0.,0.00933975557047885));
#6818=CARTESIAN_POINT('',(0.00376889562184475,0.,0.00939328373453444));
#6819=CARTESIAN_POINT('',(0.0038226541825069,0.,0.00944849287584966));
#6820=CARTESIAN_POINT('',(0.0038801817479032,0.,0.00950525604049049));
#6821=CARTESIAN_POINT('',(0.0039415611928151,0.,0.00956344343510074));
#6822=CARTESIAN_POINT('',(0.00400687029837035,0.,0.00962292293334113));
#6823=CARTESIAN_POINT('',(0.00407618843387698,0.,0.00968355858515066));
#6824=CARTESIAN_POINT('',(0.00414957048319552,0.,0.00974521682565354));
#6825=CARTESIAN_POINT('',(0.00422714675451313,0.,0.00980774308148658));
#6826=CARTESIAN_POINT('',(0.00428998456064546,0.,0.00985650019280895));
#6827=CARTESIAN_POINT('',(0.00432713244375962,0.,0.00988433290080413));
#6828=CARTESIAN_POINT('',(0.00433636056663274,0.,0.00989120705658074));
#6829=CARTESIAN_POINT('',(0.00445284444732399,0.,0.00782126436888154));
#6830=CARTESIAN_POINT('',(0.00454518588653427,0.,0.00798312268626892));
#6831=CARTESIAN_POINT('',(0.0046485067905025,0.,0.0081642260761474));
#6832=CARTESIAN_POINT('',(0.00465248711620892,0.,0.00817229753498452));
#6833=CARTESIAN_POINT('',(0.00465734265908595,0.,0.00818179449365648));
#6834=CARTESIAN_POINT('',(0.00466281575145079,0.,0.00819326022627528));
#6835=CARTESIAN_POINT('',(0.00466989949008644,0.,0.00820877739635618));
#6836=CARTESIAN_POINT('',(0.00467807143214094,0.,0.00822771747430642));
#6837=CARTESIAN_POINT('',(0.00468731186453042,0.,0.00825034989707705));
#6838=CARTESIAN_POINT('',(0.00469744018186261,0.,0.00827665497264505));
#6839=CARTESIAN_POINT('',(0.00470832331573784,0.,0.00830669638510207));
#6840=CARTESIAN_POINT('',(0.00471981215993123,0.,0.00834050725080774));
#6841=CARTESIAN_POINT('',(0.00473176073585419,0.,0.00837812415096291));
#6842=CARTESIAN_POINT('',(0.00474402067499857,0.,0.00841957702290125));
#6843=CARTESIAN_POINT('',(0.00475644297537311,0.,0.00846489206204698));
#6844=CARTESIAN_POINT('',(0.00476887764199724,0.,0.00851409084144799));
#6845=CARTESIAN_POINT('',(0.00478117394063096,0.,0.0085671905298573));
#6846=CARTESIAN_POINT('',(0.00479318047693911,0.,0.00862420379943884));
#6847=CARTESIAN_POINT('',(0.00480474532633144,0.,0.00868513882647128));
#6848=CARTESIAN_POINT('',(0.00481571615069237,0.,0.00874999926940767));
#6849=CARTESIAN_POINT('',(0.0048259403175284,0.,0.0088187842588006));
#6850=CARTESIAN_POINT('',(0.00483526502638656,0.,0.00889148838217949));
#6851=CARTESIAN_POINT('',(0.0048435374046718,0.,0.00896810169620999));
#6852=CARTESIAN_POINT('',(0.00485060472447398,0.,0.0090486096500486));
#6853=CARTESIAN_POINT('',(0.0048563141519195,0.,0.009132993366413));
#6854=CARTESIAN_POINT('',(0.00486051430235743,0.,0.0092212285561938));
#6855=CARTESIAN_POINT('',(0.00486304983256444,0.,0.00931328971666363));
#6856=CARTESIAN_POINT('',(0.00486378284474561,0.,0.00940913399910782));
#6857=CARTESIAN_POINT('',(0.00486251117651305,0.,0.00950876327894035));
#6858=CARTESIAN_POINT('',(0.0048600248513745,0.,0.00958825959314001));
#6859=CARTESIAN_POINT('',(0.00485779136960176,0.,0.00963462376479636));
#6860=CARTESIAN_POINT('',(0.00485720577076087,0.,0.00964611590747734));
#6861=CARTESIAN_POINT('',(0.00460049083066798,0.,0.00808022285799537));
#6862=CARTESIAN_POINT('',(0.00486389541586245,0.,0.00793030807102611));
#6863=CARTESIAN_POINT('',(0.00470543809467715,0.,0.00767195231588161));
#6864=CARTESIAN_POINT('',(-2.75226744017684E-17,0.,-3.80067346681016E-17));
#6865=CARTESIAN_POINT('',(0.00493831190218407,0.,0.00752416610374513));
#6866=CARTESIAN_POINT('',(0.00510461133264152,0.,0.00777754510501208));
#6867=CARTESIAN_POINT('',(0.00535241050513508,0.,0.00760304012237543));
#6868=CARTESIAN_POINT('',(0.00518096263122151,0.,0.00735918651848737));
#6869=CARTESIAN_POINT('',(0.00528809934289119,0.,0.00751165547045959));
#6870=CARTESIAN_POINT('',(0.00540797468805108,0.,0.00768225309249778));
#6871=CARTESIAN_POINT('',(0.0054135832221003,0.,0.00768929125890015));
#6872=CARTESIAN_POINT('',(0.0054201089376165,0.,0.00769772829378506));
#6873=CARTESIAN_POINT('',(0.00542815311327655,0.,0.00770756236732912));
#6874=CARTESIAN_POINT('',(0.00543917735932555,0.,0.0077205788153634));
#6875=CARTESIAN_POINT('',(0.00545283541053206,0.,0.00773603730257734));
#6876=CARTESIAN_POINT('',(0.00546937945416123,0.,0.0077540347127135));
#6877=CARTESIAN_POINT('',(0.00548886857037388,0.,0.00777439924467154));
#6878=CARTESIAN_POINT('',(0.00551141704002788,0.,0.00779703760993102));
#6879=CARTESIAN_POINT('',(0.0055371183140441,0.,0.00782182899340613));
#6880=CARTESIAN_POINT('',(0.00556606764674272,0.,0.00784865688523861));
#6881=CARTESIAN_POINT('',(0.00559835529847141,0.,0.00787739978428527));
#6882=CARTESIAN_POINT('',(0.00563406841352094,0.,0.00790793402298272));
#6883=CARTESIAN_POINT('',(0.00567329037652522,0.,0.00794013306717187));
#6884=CARTESIAN_POINT('',(0.00571610090175434,0.,0.0079738678385341));
#6885=CARTESIAN_POINT('',(0.00576257591589782,0.,0.00800900674692436));
#6886=CARTESIAN_POINT('',(0.00581278750341819,0.,0.0080454158081536));
#6887=CARTESIAN_POINT('',(0.00586680383699769,0.,0.00808295874026728));
#6888=CARTESIAN_POINT('',(0.00592468911769171,0.,0.00812149706706349));
#6889=CARTESIAN_POINT('',(0.00598650350741908,0.,0.00816089022604083));
#6890=CARTESIAN_POINT('',(0.00605230309916711,0.,0.00820099566027392));
#6891=CARTESIAN_POINT('',(0.00612213975532033,0.,0.00824166898197012));
#6892=CARTESIAN_POINT('',(0.00619606146870146,0.,0.00828276386535018));
#6893=CARTESIAN_POINT('',(0.00627411071831668,0.,0.00832413299168682));
#6894=CARTESIAN_POINT('',(0.00635633057053591,0.,0.00836562494369597));
#6895=CARTESIAN_POINT('',(0.0064427409687084,0.,0.00840709670362693));
#6896=CARTESIAN_POINT('',(0.00653342968631774,0.,0.00844836614799458));
#6897=CARTESIAN_POINT('',(0.00660641872773303,0.,0.00847996433808996));
#6898=CARTESIAN_POINT('',(0.00664932125479979,0.,0.00849768432752264));
#6899=CARTESIAN_POINT('',(0.00665996899224796,0.,0.00850204757821877));
#6900=CARTESIAN_POINT('',(0.00625801950418679,0.,0.00646816758326636));
#6901=CARTESIAN_POINT('',(0.00638771239396801,0.,0.00660197644187854));
#6902=CARTESIAN_POINT('',(0.00653282586333828,0.,0.00675169527178852));
#6903=CARTESIAN_POINT('',(0.00653868842998079,0.,0.00675852328415309));
#6904=CARTESIAN_POINT('',(0.00654575322463015,0.,0.00676651435399448));
#6905=CARTESIAN_POINT('',(0.00655390578148528,0.,0.00677625876681639));
#6906=CARTESIAN_POINT('',(0.00656462593472214,0.,0.00678952678230311));
#6907=CARTESIAN_POINT('',(0.00657725134603818,0.,0.00680583954352873));
#6908=CARTESIAN_POINT('',(0.00659182992791728,0.,0.00682546292503161));
#6909=CARTESIAN_POINT('',(0.00660818185181067,0.,0.00684842276818448));
#6910=CARTESIAN_POINT('',(0.00662619406749674,0.,0.00687481384909144));
#6911=CARTESIAN_POINT('',(0.00664573038890058,0.,0.00690470532491103));
#6912=CARTESIAN_POINT('',(0.0066666585209941,0.,0.00693816893097711));
#6913=CARTESIAN_POINT('',(0.00668884220165081,0.,0.00697527056183455));
#6914=CARTESIAN_POINT('',(0.00671214362458809,0.,0.00701607264521851));
#6915=CARTESIAN_POINT('',(0.00673642287219237,0.,0.00706063337865473));
#6916=CARTESIAN_POINT('',(0.0067615382155122,0.,0.0071090068775894));
#6917=CARTESIAN_POINT('',(0.00678734616798288,0.,0.00716124306630725));
#6918=CARTESIAN_POINT('',(0.00681370161136236,0.,0.00721738764632333));
#6919=CARTESIAN_POINT('',(0.00684045790333738,0.,0.00727748204610244));
#6920=CARTESIAN_POINT('',(0.00686746699042209,0.,0.00734156338167004));
#6921=CARTESIAN_POINT('',(0.00689457952664404,0.,0.00740966441052567));
#6922=CARTESIAN_POINT('',(0.00692164496937519,0.,0.00748181351959153));
#6923=CARTESIAN_POINT('',(0.00694851177028589,0.,0.00755803459705236));
#6924=CARTESIAN_POINT('',(0.00697502720247052,0.,0.00763834736692917));
#6925=CARTESIAN_POINT('',(0.00700103859684946,0.,0.00772276595103136));
#6926=CARTESIAN_POINT('',(0.00702638914832201,0.,0.00781130428013532));
#6927=CARTESIAN_POINT('',(0.00705093463536403,0.,0.00790395514548459));
#6928=CARTESIAN_POINT('',(0.0070744797132873,0.,0.00800077063931501));
#6929=CARTESIAN_POINT('',(0.00709184143003335,0.,0.00807838775453876));
#6930=CARTESIAN_POINT('',(0.00710120841781529,0.,0.00812385075481482));
#6931=CARTESIAN_POINT('',(0.00710349919630544,0.,0.00813512748321057));
#6932=CARTESIAN_POINT('',(0.00646542766233342,0.,0.00668227225283921));
#6933=CARTESIAN_POINT('',(0.00668327461666113,0.,0.00647156125800588));
#6934=CARTESIAN_POINT('',(0.00646554506000822,0.,0.00626072895731826));
#6935=CARTESIAN_POINT('',(-3.61098895308937E-17,0.,-2.99680724175561E-17));
#6936=CARTESIAN_POINT('',(0.00665434977220659,0.,0.00605967235988334));
#6937=CARTESIAN_POINT('',(0.00687843739548798,0.,0.00626373400729805));
#6938=CARTESIAN_POINT('',(0.00707505387686524,0.,0.00603308627133618));
#6939=CARTESIAN_POINT('',(0.00684834842794559,0.,0.0058395311292479));
#6940=CARTESIAN_POINT('',(0.00699003672926964,0.,0.00596056617198678));
#6941=CARTESIAN_POINT('',(0.00714857187340127,0.,0.00609599236995989));
#6942=CARTESIAN_POINT('',(0.00715575452584841,0.,0.00610141463372259));
#6943=CARTESIAN_POINT('',(0.00716417342926525,0.,0.00610796372418657));
#6944=CARTESIAN_POINT('',(0.00717441051699478,0.,0.00611548833708942));
#6945=CARTESIAN_POINT('',(0.00718832547507491,0.,0.00612535423096712));
#6946=CARTESIAN_POINT('',(0.00720539880292835,0.,0.00613693044216562));
#6947=CARTESIAN_POINT('',(0.00722589885890056,0.,0.00615024809422405));
#6948=CARTESIAN_POINT('',(0.00724984014184422,0.,0.006165126090851));
#6949=CARTESIAN_POINT('',(0.00727731014236228,0.,0.00618144565386282));
#6950=CARTESIAN_POINT('',(0.00730836932995303,0.,0.00619906652350281));
#6951=CARTESIAN_POINT('',(0.00734308099152351,0.,0.00621785216149801));
#6952=CARTESIAN_POINT('',(0.00738150233562102,0.,0.0062376624370514));
#6953=CARTESIAN_POINT('',(0.00742368701386578,0.,0.00625835589593966));
#6954=CARTESIAN_POINT('',(0.00746968432344434,0.,0.00627978924239179));
#6955=CARTESIAN_POINT('',(0.00751953937378395,0.,0.00630181762918907));
#6956=CARTESIAN_POINT('',(0.00757329298105921,0.,0.00632429471813299));
#6957=CARTESIAN_POINT('',(0.00763098164455386,0.,0.00634707280771733));
#6958=CARTESIAN_POINT('',(0.00769263750323606,0.,0.00637000294367909));
#6959=CARTESIAN_POINT('',(0.00775828830353596,0.,0.00639293503414766));
#6960=CARTESIAN_POINT('',(0.00782795736080247,0.,0.00641571797099032));
#6961=CARTESIAN_POINT('',(0.00790166355329287,0.,0.00643819972621093));
#6962=CARTESIAN_POINT('',(0.00797942120625566,0.,0.00646022755057432));
#6963=CARTESIAN_POINT('',(0.00806124041498924,0.,0.006481647780065));
#6964=CARTESIAN_POINT('',(0.00814712568726603,0.,0.00650230716014517));
#6965=CARTESIAN_POINT('',(0.00823708108049948,0.,0.00652204832041248));
#6966=CARTESIAN_POINT('',(0.00833109034441353,0.,0.00654072777657258));
#6967=CARTESIAN_POINT('',(0.00842919320265743,0.,0.00655814729850683));
#6968=CARTESIAN_POINT('',(0.00850774730944863,0.,0.00657060113688153));
#6969=CARTESIAN_POINT('',(0.00855370875690794,0.,0.00657709499564607));
#6970=CARTESIAN_POINT('',(0.00856510707242764,0.,0.00657867318217359));
#6971=CARTESIAN_POINT('',(0.00766998018021575,0.,0.0047086520401382));
#6972=CARTESIAN_POINT('',(0.00782887543932588,0.,0.00480600373727402));
#6973=CARTESIAN_POINT('',(0.00800666346112764,0.,0.00491493062250492));
#6974=CARTESIAN_POINT('',(0.00801403990208308,0.,0.00492008615926839));
#6975=CARTESIAN_POINT('',(0.00802287004147446,0.,0.00492606923197197));
#6976=CARTESIAN_POINT('',(0.00803318980768964,0.,0.00493348004770195));
#6977=CARTESIAN_POINT('',(0.00804687278887388,0.,0.00494366523038513));
#6978=CARTESIAN_POINT('',(0.00806315836842547,0.,0.00495632568410417));
#6979=CARTESIAN_POINT('',(0.00808215907387845,0.,0.00497170701510973));
#6980=CARTESIAN_POINT('',(0.00810370715281665,0.,0.00498987897446178));
#6981=CARTESIAN_POINT('',(0.0081277166765577,0.,0.00501096147514569));
#6982=CARTESIAN_POINT('',(0.00815407293624862,0.,0.00503505536972028));
#6983=CARTESIAN_POINT('',(0.00818266563300499,0.,0.00506226304025763));
#6984=CARTESIAN_POINT('',(0.00821337917293251,0.,0.00509268219811713));
#6985=CARTESIAN_POINT('',(0.00824609560433274,0.,0.00512640758078075));
#6986=CARTESIAN_POINT('',(0.00828069387849735,0.,0.00516353035348746));
#6987=CARTESIAN_POINT('',(0.00831705017711473,0.,0.00520413817810414));
#6988=CARTESIAN_POINT('',(0.00835503793717921,0.,0.0052483150941099));
#6989=CARTESIAN_POINT('',(0.00839452796510977,0.,0.00529614145666189));
#6990=CARTESIAN_POINT('',(0.00843538852847132,0.,0.00534769386113385));
#6991=CARTESIAN_POINT('',(0.00847748545553071,0.,0.00540304507688773));
#6992=CARTESIAN_POINT('',(0.00852068223875269,0.,0.00546226397311904));
#6993=CARTESIAN_POINT('',(0.00856484012462321,0.,0.00552541548335179));
#6994=CARTESIAN_POINT('',(0.00860981826673203,0.,0.00559256043381648));
#6995=CARTESIAN_POINT('',(0.00865547364153467,0.,0.00566375591050463));
#6996=CARTESIAN_POINT('',(0.00870166188828258,0.,0.00573905355881923));
#6997=CARTESIAN_POINT('',(0.00874823459263884,0.,0.00581850586771851));
#6998=CARTESIAN_POINT('',(0.00879505027131888,0.,0.00590214172135693));
#6999=CARTESIAN_POINT('',(0.00884193267155932,0.,0.0059900601556454));
#7000=CARTESIAN_POINT('',(0.00887805152967488,0.,0.00606092110308794));
#7001=CARTESIAN_POINT('',(0.0088984304247198,0.,0.00610262632447515));
#7002=CARTESIAN_POINT('',(0.00890345364250356,0.,0.00611297908026767));
#7003=CARTESIAN_POINT('',(0.00792411789579483,0.,0.00486444990635891));
#7004=CARTESIAN_POINT('',(0.00808271909393031,0.,0.00460618245040772));
#7005=CARTESIAN_POINT('',(0.00781939805060758,0.,0.00445612097301615));
#7006=CARTESIAN_POINT('',(-4.24281874979089E-17,0.,-2.00464059621549E-17));
#7007=CARTESIAN_POINT('',(0.00795227037305482,0.,0.00421442711573407));
#7008=CARTESIAN_POINT('',(0.00822006593965275,0.,0.00435634946550323));
#7009=CARTESIAN_POINT('',(0.00835314559328394,0.,0.00408405142172967));
#7010=CARTESIAN_POINT('',(0.00808542730647815,0.,0.00395295652286458));
#7011=CARTESIAN_POINT('',(0.00825276440039127,0.,0.00403495257949908));
#7012=CARTESIAN_POINT('',(0.00843999799733737,0.,0.00412669802732575));
#7013=CARTESIAN_POINT('',(0.00844830345571323,0.,0.00413016368767487));
#7014=CARTESIAN_POINT('',(0.00845808655636647,0.,0.00413441333027821));
#7015=CARTESIAN_POINT('',(0.00846987332229406,0.,0.00413915568343757));
#7016=CARTESIAN_POINT('',(0.00848580466441351,0.,0.00414525111276214));
#7017=CARTESIAN_POINT('',(0.00850522048893353,0.,0.00415221767202127));
#7018=CARTESIAN_POINT('',(0.00852838846333811,0.,0.00416001876894424));
#7019=CARTESIAN_POINT('',(0.00855527759415556,0.,0.00416847539099459));
#7020=CARTESIAN_POINT('',(0.00858594308437753,0.,0.00417745073359556));
#7021=CARTESIAN_POINT('',(0.00862040862255878,0.,0.00418679390535592));
#7022=CARTESIAN_POINT('',(0.0086587015516441,0.,0.00419635691878986));
#7023=CARTESIAN_POINT('',(0.00870084243375694,0.,0.00420598981837986));
#7024=CARTESIAN_POINT('',(0.00874684805671842,0.,0.00421554225133177));
#7025=CARTESIAN_POINT('',(0.00879673053274419,0.,0.00422486316406295));
#7026=CARTESIAN_POINT('',(0.00885049753202738,0.,0.00423380104173807));
#7027=CARTESIAN_POINT('',(0.00890815219559739,0.,0.00424220399307236));
#7028=CARTESIAN_POINT('',(0.00896969314417488,0.,0.00424991987987125));
#7029=CARTESIAN_POINT('',(0.00903511446360439,0.,0.00425679643490747));
#7030=CARTESIAN_POINT('',(0.00910440570228057,0.,0.00426268138146595));
#7031=CARTESIAN_POINT('',(0.00917755186399331,0.,0.00426742256046231));
#7032=CARTESIAN_POINT('',(0.0092545334260795,0.,0.00427086802530782));
#7033=CARTESIAN_POINT('',(0.00933532627654356,0.,0.00427286626312097));
#7034=CARTESIAN_POINT('',(0.00941990197883485,0.,0.0042732659269253));
#7035=CARTESIAN_POINT('',(0.00950822678625213,0.,0.00427191745591866));
#7036=CARTESIAN_POINT('',(0.00960026549231013,0.,0.00426866741474163));
#7037=CARTESIAN_POINT('',(0.00969596667417214,0.,0.0042633808682021));
#7038=CARTESIAN_POINT('',(0.00979531950967007,0.,0.0042558559350753));
#7039=CARTESIAN_POINT('',(0.0098745028384057,0.,0.00424838290126221));
#7040=CARTESIAN_POINT('',(0.0099206352794793,0.,0.00424324259632971));
#7041=CARTESIAN_POINT('',(0.00993206797498637,0.,0.00424193655542492));
#7042=CARTESIAN_POINT('',(0.00860000779330785,0.,0.00265327457211731));
#7043=CARTESIAN_POINT('',(0.0087781214482411,0.,0.00270805214261123));
#7044=CARTESIAN_POINT('',(0.00897741294720595,0.,0.00276934280635893));
#7045=CARTESIAN_POINT('',(0.00898583977356043,0.,0.00277250192618573));
#7046=CARTESIAN_POINT('',(0.0089958804275609,0.,0.00277610106328932));
#7047=CARTESIAN_POINT('',(0.0090077189742714,0.,0.00278071263311999));
#7048=CARTESIAN_POINT('',(0.00902350503137272,0.,0.00278717501051314));
#7049=CARTESIAN_POINT('',(0.00904242749630246,0.,0.00279538765385655));
#7050=CARTESIAN_POINT('',(0.00906465644112599,0.,0.00280556046876913));
#7051=CARTESIAN_POINT('',(0.00909004673006104,0.,0.00281780273328248));
#7052=CARTESIAN_POINT('',(0.00911854495517957,0.,0.00283225196268935));
#7053=CARTESIAN_POINT('',(0.00915006509242964,0.,0.0028490343680117));
#7054=CARTESIAN_POINT('',(0.00918452576955507,0.,0.00286827654501762));
#7055=CARTESIAN_POINT('',(0.00922183932408324,0.,0.00289010188231704));
#7056=CARTESIAN_POINT('',(0.00926191507023894,0.,0.00291463147443428));
#7057=CARTESIAN_POINT('',(0.00930465843415457,0.,0.00294198372607432));
#7058=CARTESIAN_POINT('',(0.00934997128811826,0.,0.00297227433740721));
#7059=CARTESIAN_POINT('',(0.00939775194510247,0.,0.0030056161825969));
#7060=CARTESIAN_POINT('',(0.00944789525389507,0.,0.00304211922143259));
#7061=CARTESIAN_POINT('',(0.0095002926691725,0.,0.00308189040342796));
#7062=CARTESIAN_POINT('',(0.00955483233145776,0.,0.00312503357891478));
#7063=CARTESIAN_POINT('',(0.00961139914892329,0.,0.00317164940147968));
#7064=CARTESIAN_POINT('',(0.00966987487556258,0.,0.0032218352712364));
#7065=CARTESIAN_POINT('',(0.00973013821678279,0.,0.00327568513052538));
#7066=CARTESIAN_POINT('',(0.00979206483909587,0.,0.00333328984038591));
#7067=CARTESIAN_POINT('',(0.00985552776080108,0.,0.00339473532474394));
#7068=CARTESIAN_POINT('',(0.00992039628374393,0.,0.00346010933266525));
#7069=CARTESIAN_POINT('',(0.0099865405527945,0.,0.00352947502631756));
#7070=CARTESIAN_POINT('',(0.0100538144817236,0.,0.00360297216249636));
#7071=CARTESIAN_POINT('',(0.0101064210005174,0.,0.00366262448822153));
#7072=CARTESIAN_POINT('',(0.0101365313219013,0.,0.00369795143827907));
#7073=CARTESIAN_POINT('',(0.0101439713517312,0.,0.00370672971974712));
#7074=CARTESIAN_POINT('',(0.00888490665899639,0.,0.00274097628206676));
#7075=CARTESIAN_POINT('',(0.00897429660436639,0.,0.00245138025909639));
#7076=CARTESIAN_POINT('',(0.00868192950395288,0.,0.00237151851951289));
#7077=CARTESIAN_POINT('',(-4.60805664044721E-17,0.,-8.86515009462759E-18));
#7078=CARTESIAN_POINT('',(0.00875052057995941,0.,0.0021043739163245));
#7079=CARTESIAN_POINT('',(0.00904519750954133,0.,0.00217523946525823));
#7080=CARTESIAN_POINT('',(0.00910637845135607,0.,0.00187840060120541));
#7081=CARTESIAN_POINT('',(0.00881446905122312,0.,0.00181800312019253));
#7082=CARTESIAN_POINT('',(0.00899694053269197,0.,0.0018558080769239));
#7083=CARTESIAN_POINT('',(0.00920110800695941,0.,0.00189810807070103));
#7084=CARTESIAN_POINT('',(0.0092100144087689,0.,0.00189939936745104));
#7085=CARTESIAN_POINT('',(0.00922054699846477,0.,0.00190108254151987));
#7086=CARTESIAN_POINT('',(0.00923314283673849,0.,0.00190274465544558));
#7087=CARTESIAN_POINT('',(0.00925008953808052,0.,0.00190468662197513));
#7088=CARTESIAN_POINT('',(0.00927062789160612,0.,0.00190660579475545));
#7089=CARTESIAN_POINT('',(0.0092950080554054,0.,0.00190840016493284));
#7090=CARTESIAN_POINT('',(0.00932315549111606,0.,0.00190990405174189));
#7091=CARTESIAN_POINT('',(0.00935508964551152,0.,0.00191097122014739));
#7092=CARTESIAN_POINT('',(0.00939079593776396,0.,0.00191144962818464));
#7093=CARTESIAN_POINT('',(0.00943026404879813,0.,0.00191118913775297));
#7094=CARTESIAN_POINT('',(0.00947347660231985,0.,0.00191003939087101));
#7095=CARTESIAN_POINT('',(0.00952041246751053,0.,0.0019078505833928));
#7096=CARTESIAN_POINT('',(0.00957104581055988,0.,0.00190447339517622));
#7097=CARTESIAN_POINT('',(0.00962534638048052,0.,0.00189975916400363));
#7098=CARTESIAN_POINT('',(0.00968327944579413,0.,0.00189355998939206));
#7099=CARTESIAN_POINT('',(0.00974480583532357,0.,0.00188572885586088));
#7100=CARTESIAN_POINT('',(0.00980988195339785,0.,0.00187611975072844));
#7101=CARTESIAN_POINT('',(0.00987845980708895,0.,0.00186458778054123));
#7102=CARTESIAN_POINT('',(0.00995048703089473,0.,0.00185098929597812));
#7103=CARTESIAN_POINT('',(0.0100259069279124,0.,0.00183518197922076));
#7104=CARTESIAN_POINT('',(0.0101046584639478,0.,0.00181702507385288));
#7105=CARTESIAN_POINT('',(0.0101866764573742,0.,0.00179637905962414));
#7106=CARTESIAN_POINT('',(0.010271891027446,0.,0.00177310746692339));
#7107=CARTESIAN_POINT('',(0.0103602299159322,0.,0.00174707043634197));
#7108=CARTESIAN_POINT('',(0.0104516097585215,0.,0.00171815006026446));
#7109=CARTESIAN_POINT('',(0.0105459698672249,0.,0.00168615349129973));
#7110=CARTESIAN_POINT('',(0.0106208070381446,0.,0.00165922314349722));
#7111=CARTESIAN_POINT('',(0.0106642118018966,0.,0.0016427716591313));
#7112=CARTESIAN_POINT('',(0.0106749605190858,0.,0.00163866345414753));
#7113=CARTESIAN_POINT('',(0.00898966528813021,0.,0.000431182104668993));
#7114=CARTESIAN_POINT('',(0.00917580580289093,0.,0.000439943672309075));
#7115=CARTESIAN_POINT('',(0.00938407856119605,0.,0.000449746996759007));
#7116=CARTESIAN_POINT('',(0.00939302628445801,0.,0.000450711200531978));
#7117=CARTESIAN_POINT('',(0.00940364656184977,0.,0.000451700255014677));
#7118=CARTESIAN_POINT('',(0.00941626002962664,0.,0.000453222817053401));
#7119=CARTESIAN_POINT('',(0.00943315726662032,0.,0.000455556334217962));
#7120=CARTESIAN_POINT('',(0.0094535276488647,0.,0.00045880513660049));
#7121=CARTESIAN_POINT('',(0.00947758810670319,0.,0.000463130240046135));
#7122=CARTESIAN_POINT('',(0.00950522524040233,0.,0.000468673583217508));
#7123=CARTESIAN_POINT('',(0.00953642151860501,0.,0.000475581643123159));
#7124=CARTESIAN_POINT('',(0.00957112500726786,0.,0.000483998058945473));
#7125=CARTESIAN_POINT('',(0.00960928837368106,0.,0.000494065685670923));
#7126=CARTESIAN_POINT('',(0.00965085739494922,0.,0.000505925836199767));
#7127=CARTESIAN_POINT('',(0.00969577434934113,0.,0.000519718353284373));
#7128=CARTESIAN_POINT('',(0.00974397708025387,0.,0.000535581441292633));
#7129=CARTESIAN_POINT('',(0.00979539931630031,0.,0.000553651568830615));
#7130=CARTESIAN_POINT('',(0.00984997063580098,0.,0.000574063352448243));
#7131=CARTESIAN_POINT('',(0.00990761653694999,0.,0.000596949447388822));
#7132=CARTESIAN_POINT('',(0.00996825848183721,0.,0.000622440437274639));
#7133=CARTESIAN_POINT('',(0.0100318139517841,0.,0.000650664728109061));
#7134=CARTESIAN_POINT('',(0.0100981965023136,0.,0.00068174843343481));
#7135=CARTESIAN_POINT('',(0.0101673158247583,0.,0.000715815299947946));
#7136=CARTESIAN_POINT('',(0.0102390777977279,0.,0.000752986483356171));
#7137=CARTESIAN_POINT('',(0.0103133845901213,0.,0.000793380910613243));
#7138=CARTESIAN_POINT('',(0.0103901345780128,0.,0.0008371133852518));
#7139=CARTESIAN_POINT('',(0.010469222991676,0.,0.000884301402848664));
#7140=CARTESIAN_POINT('',(0.010550539763411,0.,0.000935038434873505));
#7141=CARTESIAN_POINT('',(0.010633978152658,0.,0.000989496177572955));
#7142=CARTESIAN_POINT('',(0.010699766871081,0.,0.00103419170656956));
#7143=CARTESIAN_POINT('',(0.0107377166765733,0.,0.00106092066310186));
#7144=CARTESIAN_POINT('',(0.0107471060340126,0.,0.00106757289853656));
#7145=CARTESIAN_POINT('',(0.00928742406041228,0.,0.000445277037366747));
#7146=CARTESIAN_POINT('',(0.00930198605399597,0.,0.000142548830560085));
#7147=CARTESIAN_POINT('',(0.00899894339666163,0.,0.000137904835593625));
#7148=CARTESIAN_POINT('',(-4.68375338513738E-17,0.,2.87313575708659E-18));
#7149=CARTESIAN_POINT('',(0.00899894339666163,0.,-0.000137904835593625));
#7150=CARTESIAN_POINT('',(0.00930198605399597,0.,-0.000142548830560084));
#7151=CARTESIAN_POINT('',(0.00928742406041227,0.,-0.000445277037366747));
#7152=CARTESIAN_POINT('',(0.00898966528813021,0.,-0.000431182104668993));
#7153=CARTESIAN_POINT('',(0.00917580580289093,0.,-0.000439943672309075));
#7154=CARTESIAN_POINT('',(0.00938407856119605,0.,-0.000449746996759007));
#7155=CARTESIAN_POINT('',(0.00939302628445801,0.,-0.000450711200531978));
#7156=CARTESIAN_POINT('',(0.00940364656184977,0.,-0.000451700255014677));
#7157=CARTESIAN_POINT('',(0.00941626002962664,0.,-0.000453222817053401));
#7158=CARTESIAN_POINT('',(0.00943315726662032,0.,-0.000455556334217962));
#7159=CARTESIAN_POINT('',(0.0094535276488647,0.,-0.00045880513660049));
#7160=CARTESIAN_POINT('',(0.00947758810670319,0.,-0.000463130240046135));
#7161=CARTESIAN_POINT('',(0.00950522524040233,0.,-0.000468673583217508));
#7162=CARTESIAN_POINT('',(0.00953642151860501,0.,-0.000475581643123159));
#7163=CARTESIAN_POINT('',(0.00957112500726786,0.,-0.000483998058945473));
#7164=CARTESIAN_POINT('',(0.00960928837368106,0.,-0.000494065685670923));
#7165=CARTESIAN_POINT('',(0.00965085739494922,0.,-0.000505925836199767));
#7166=CARTESIAN_POINT('',(0.00969577434934113,0.,-0.000519718353284373));
#7167=CARTESIAN_POINT('',(0.00974397708025387,0.,-0.000535581441292633));
#7168=CARTESIAN_POINT('',(0.00979539931630031,0.,-0.000553651568830615));
#7169=CARTESIAN_POINT('',(0.00984997063580098,0.,-0.000574063352448243));
#7170=CARTESIAN_POINT('',(0.00990761653694999,0.,-0.000596949447388822));
#7171=CARTESIAN_POINT('',(0.00996825848183721,0.,-0.000622440437274639));
#7172=CARTESIAN_POINT('',(0.0100318139517841,0.,-0.000650664728109061));
#7173=CARTESIAN_POINT('',(0.0100981965023136,0.,-0.00068174843343481));
#7174=CARTESIAN_POINT('',(0.0101673158247583,0.,-0.000715815299947946));
#7175=CARTESIAN_POINT('',(0.0102390777977279,0.,-0.000752986483356171));
#7176=CARTESIAN_POINT('',(0.0103133845901213,0.,-0.000793380910613243));
#7177=CARTESIAN_POINT('',(0.0103901345780128,0.,-0.0008371133852518));
#7178=CARTESIAN_POINT('',(0.010469222991676,0.,-0.000884301402848664));
#7179=CARTESIAN_POINT('',(0.010550539763411,0.,-0.000935038434873505));
#7180=CARTESIAN_POINT('',(0.010633978152658,0.,-0.000989496177572955));
#7181=CARTESIAN_POINT('',(0.010699766871081,0.,-0.00103419170656956));
#7182=CARTESIAN_POINT('',(0.0107377166765733,0.,-0.00106092066310186));
#7183=CARTESIAN_POINT('',(0.0107471060340126,0.,-0.00106757289853656));
#7184=CARTESIAN_POINT('',(0.00881446905122312,0.,-0.00181800312019253));
#7185=CARTESIAN_POINT('',(0.00899694053269198,0.,-0.0018558080769239));
#7186=CARTESIAN_POINT('',(0.00920110800695941,0.,-0.00189810807070103));
#7187=CARTESIAN_POINT('',(0.0092100144087689,0.,-0.00189939936745104));
#7188=CARTESIAN_POINT('',(0.00922054699846477,0.,-0.00190108254151986));
#7189=CARTESIAN_POINT('',(0.00923314283673849,0.,-0.00190274465544557));
#7190=CARTESIAN_POINT('',(0.00925008953808052,0.,-0.00190468662197513));
#7191=CARTESIAN_POINT('',(0.00927062789160612,0.,-0.00190660579475544));
#7192=CARTESIAN_POINT('',(0.0092950080554054,0.,-0.00190840016493283));
#7193=CARTESIAN_POINT('',(0.00932315549111606,0.,-0.00190990405174189));
#7194=CARTESIAN_POINT('',(0.00935508964551152,0.,-0.00191097122014739));
#7195=CARTESIAN_POINT('',(0.00939079593776396,0.,-0.00191144962818464));
#7196=CARTESIAN_POINT('',(0.00943026404879813,0.,-0.00191118913775297));
#7197=CARTESIAN_POINT('',(0.00947347660231985,0.,-0.00191003939087101));
#7198=CARTESIAN_POINT('',(0.00952041246751053,0.,-0.00190785058339279));
#7199=CARTESIAN_POINT('',(0.00957104581055988,0.,-0.00190447339517621));
#7200=CARTESIAN_POINT('',(0.00962534638048052,0.,-0.00189975916400363));
#7201=CARTESIAN_POINT('',(0.00968327944579413,0.,-0.00189355998939206));
#7202=CARTESIAN_POINT('',(0.00974480583532357,0.,-0.00188572885586088));
#7203=CARTESIAN_POINT('',(0.00980988195339785,0.,-0.00187611975072844));
#7204=CARTESIAN_POINT('',(0.00987845980708895,0.,-0.00186458778054122));
#7205=CARTESIAN_POINT('',(0.00995048703089473,0.,-0.00185098929597812));
#7206=CARTESIAN_POINT('',(0.0100259069279124,0.,-0.00183518197922075));
#7207=CARTESIAN_POINT('',(0.0101046584639478,0.,-0.00181702507385288));
#7208=CARTESIAN_POINT('',(0.0101866764573742,0.,-0.00179637905962414));
#7209=CARTESIAN_POINT('',(0.010271891027446,0.,-0.00177310746692338));
#7210=CARTESIAN_POINT('',(0.0103602299159322,0.,-0.00174707043634197));
#7211=CARTESIAN_POINT('',(0.0104516097585215,0.,-0.00171815006026446));
#7212=CARTESIAN_POINT('',(0.0105459698672249,0.,-0.00168615349129973));
#7213=CARTESIAN_POINT('',(0.0106208070381446,0.,-0.00165922314349722));
#7214=CARTESIAN_POINT('',(0.0106642118018966,0.,-0.0016427716591313));
#7215=CARTESIAN_POINT('',(0.0106749605190858,0.,-0.00163866345414752));
#7216=CARTESIAN_POINT('',(0.00910637845135607,0.,-0.00187840060120541));
#7217=CARTESIAN_POINT('',(0.00904519750954133,0.,-0.00217523946525823));
#7218=CARTESIAN_POINT('',(0.00875052057995941,0.,-0.0021043739163245));
#7219=CARTESIAN_POINT('',(-4.46515267899937E-17,0.,1.44308919225288E-17));
#7220=CARTESIAN_POINT('',(0.00868192950395287,0.,-0.00237151851951289));
#7221=CARTESIAN_POINT('',(0.00897429660436639,0.,-0.00245138025909638));
#7222=CARTESIAN_POINT('',(0.00888490665899639,0.,-0.00274097628206676));
#7223=CARTESIAN_POINT('',(0.00860000779330785,0.,-0.0026532745721173));
#7224=CARTESIAN_POINT('',(0.0087781214482411,0.,-0.00270805214261123));
#7225=CARTESIAN_POINT('',(0.00897741294720595,0.,-0.00276934280635893));
#7226=CARTESIAN_POINT('',(0.00898583977356043,0.,-0.00277250192618572));
#7227=CARTESIAN_POINT('',(0.0089958804275609,0.,-0.00277610106328932));
#7228=CARTESIAN_POINT('',(0.0090077189742714,0.,-0.00278071263311999));
#7229=CARTESIAN_POINT('',(0.00902350503137272,0.,-0.00278717501051314));
#7230=CARTESIAN_POINT('',(0.00904242749630246,0.,-0.00279538765385655));
#7231=CARTESIAN_POINT('',(0.00906465644112599,0.,-0.00280556046876913));
#7232=CARTESIAN_POINT('',(0.00909004673006104,0.,-0.00281780273328248));
#7233=CARTESIAN_POINT('',(0.00911854495517957,0.,-0.00283225196268935));
#7234=CARTESIAN_POINT('',(0.00915006509242964,0.,-0.00284903436801169));
#7235=CARTESIAN_POINT('',(0.00918452576955507,0.,-0.00286827654501762));
#7236=CARTESIAN_POINT('',(0.00922183932408324,0.,-0.00289010188231704));
#7237=CARTESIAN_POINT('',(0.00926191507023894,0.,-0.00291463147443428));
#7238=CARTESIAN_POINT('',(0.00930465843415457,0.,-0.00294198372607431));
#7239=CARTESIAN_POINT('',(0.00934997128811826,0.,-0.0029722743374072));
#7240=CARTESIAN_POINT('',(0.00939775194510247,0.,-0.0030056161825969));
#7241=CARTESIAN_POINT('',(0.00944789525389507,0.,-0.00304211922143259));
#7242=CARTESIAN_POINT('',(0.0095002926691725,0.,-0.00308189040342795));
#7243=CARTESIAN_POINT('',(0.00955483233145776,0.,-0.00312503357891478));
#7244=CARTESIAN_POINT('',(0.00961139914892329,0.,-0.00317164940147968));
#7245=CARTESIAN_POINT('',(0.00966987487556258,0.,-0.0032218352712364));
#7246=CARTESIAN_POINT('',(0.00973013821678279,0.,-0.00327568513052537));
#7247=CARTESIAN_POINT('',(0.00979206483909587,0.,-0.00333328984038591));
#7248=CARTESIAN_POINT('',(0.00985552776080108,0.,-0.00339473532474394));
#7249=CARTESIAN_POINT('',(0.00992039628374394,0.,-0.00346010933266525));
#7250=CARTESIAN_POINT('',(0.0099865405527945,0.,-0.00352947502631756));
#7251=CARTESIAN_POINT('',(0.0100538144817236,0.,-0.00360297216249635));
#7252=CARTESIAN_POINT('',(0.0101064210005174,0.,-0.00366262448822153));
#7253=CARTESIAN_POINT('',(0.0101365313219013,0.,-0.00369795143827907));
#7254=CARTESIAN_POINT('',(0.0101439713517312,0.,-0.00370672971974712));
#7255=CARTESIAN_POINT('',(0.00808542730647815,0.,-0.00395295652286458));
#7256=CARTESIAN_POINT('',(0.00825276440039127,0.,-0.00403495257949908));
#7257=CARTESIAN_POINT('',(0.00843999799733737,0.,-0.00412669802732575));
#7258=CARTESIAN_POINT('',(0.00844830345571323,0.,-0.00413016368767487));
#7259=CARTESIAN_POINT('',(0.00845808655636647,0.,-0.00413441333027821));
#7260=CARTESIAN_POINT('',(0.00846987332229406,0.,-0.00413915568343757));
#7261=CARTESIAN_POINT('',(0.00848580466441351,0.,-0.00414525111276214));
#7262=CARTESIAN_POINT('',(0.00850522048893353,0.,-0.00415221767202127));
#7263=CARTESIAN_POINT('',(0.00852838846333811,0.,-0.00416001876894424));
#7264=CARTESIAN_POINT('',(0.00855527759415556,0.,-0.00416847539099459));
#7265=CARTESIAN_POINT('',(0.00858594308437753,0.,-0.00417745073359556));
#7266=CARTESIAN_POINT('',(0.00862040862255878,0.,-0.00418679390535592));
#7267=CARTESIAN_POINT('',(0.0086587015516441,0.,-0.00419635691878986));
#7268=CARTESIAN_POINT('',(0.00870084243375694,0.,-0.00420598981837986));
#7269=CARTESIAN_POINT('',(0.00874684805671842,0.,-0.00421554225133177));
#7270=CARTESIAN_POINT('',(0.00879673053274419,0.,-0.00422486316406295));
#7271=CARTESIAN_POINT('',(0.00885049753202738,0.,-0.00423380104173807));
#7272=CARTESIAN_POINT('',(0.00890815219559739,0.,-0.00424220399307236));
#7273=CARTESIAN_POINT('',(0.00896969314417488,0.,-0.00424991987987125));
#7274=CARTESIAN_POINT('',(0.00903511446360439,0.,-0.00425679643490747));
#7275=CARTESIAN_POINT('',(0.00910440570228057,0.,-0.00426268138146595));
#7276=CARTESIAN_POINT('',(0.00917755186399331,0.,-0.00426742256046231));
#7277=CARTESIAN_POINT('',(0.0092545334260795,0.,-0.00427086802530782));
#7278=CARTESIAN_POINT('',(0.00933532627654356,0.,-0.00427286626312097));
#7279=CARTESIAN_POINT('',(0.00941990197883485,0.,-0.0042732659269253));
#7280=CARTESIAN_POINT('',(0.00950822678625213,0.,-0.00427191745591866));
#7281=CARTESIAN_POINT('',(0.00960026549231013,0.,-0.00426866741474163));
#7282=CARTESIAN_POINT('',(0.00969596667417214,0.,-0.0042633808682021));
#7283=CARTESIAN_POINT('',(0.00979531950967007,0.,-0.0042558559350753));
#7284=CARTESIAN_POINT('',(0.0098745028384057,0.,-0.00424838290126221));
#7285=CARTESIAN_POINT('',(0.0099206352794793,0.,-0.00424324259632971));
#7286=CARTESIAN_POINT('',(0.00993206797498637,0.,-0.00424193655542492));
#7287=CARTESIAN_POINT('',(0.00835314559328394,0.,-0.00408405142172967));
#7288=CARTESIAN_POINT('',(0.00822006593965276,0.,-0.00435634946550323));
#7289=CARTESIAN_POINT('',(0.00795227037305483,0.,-0.00421442711573407));
#7290=CARTESIAN_POINT('',(-3.96599000835699E-17,0.,2.50819020753706E-17));
#7291=CARTESIAN_POINT('',(0.00781939805060758,0.,-0.00445612097301615));
#7292=CARTESIAN_POINT('',(0.00808271909393031,0.,-0.00460618245040772));
#7293=CARTESIAN_POINT('',(0.00792411789579482,0.,-0.00486444990635891));
#7294=CARTESIAN_POINT('',(0.00766998018021575,0.,-0.0047086520401382));
#7295=CARTESIAN_POINT('',(0.00782887543932588,0.,-0.00480600373727402));
#7296=CARTESIAN_POINT('',(0.00800666346112764,0.,-0.00491493062250492));
#7297=CARTESIAN_POINT('',(0.00801403990208308,0.,-0.00492008615926839));
#7298=CARTESIAN_POINT('',(0.00802287004147446,0.,-0.00492606923197197));
#7299=CARTESIAN_POINT('',(0.00803318980768964,0.,-0.00493348004770195));
#7300=CARTESIAN_POINT('',(0.00804687278887388,0.,-0.00494366523038513));
#7301=CARTESIAN_POINT('',(0.00806315836842547,0.,-0.00495632568410417));
#7302=CARTESIAN_POINT('',(0.00808215907387845,0.,-0.00497170701510973));
#7303=CARTESIAN_POINT('',(0.00810370715281665,0.,-0.00498987897446178));
#7304=CARTESIAN_POINT('',(0.0081277166765577,0.,-0.00501096147514569));
#7305=CARTESIAN_POINT('',(0.00815407293624862,0.,-0.00503505536972028));
#7306=CARTESIAN_POINT('',(0.00818266563300499,0.,-0.00506226304025763));
#7307=CARTESIAN_POINT('',(0.00821337917293251,0.,-0.00509268219811713));
#7308=CARTESIAN_POINT('',(0.00824609560433274,0.,-0.00512640758078075));
#7309=CARTESIAN_POINT('',(0.00828069387849735,0.,-0.00516353035348746));
#7310=CARTESIAN_POINT('',(0.00831705017711473,0.,-0.00520413817810414));
#7311=CARTESIAN_POINT('',(0.00835503793717921,0.,-0.0052483150941099));
#7312=CARTESIAN_POINT('',(0.00839452796510977,0.,-0.00529614145666189));
#7313=CARTESIAN_POINT('',(0.00843538852847132,0.,-0.00534769386113385));
#7314=CARTESIAN_POINT('',(0.00847748545553071,0.,-0.00540304507688773));
#7315=CARTESIAN_POINT('',(0.00852068223875269,0.,-0.00546226397311904));
#7316=CARTESIAN_POINT('',(0.00856484012462321,0.,-0.00552541548335179));
#7317=CARTESIAN_POINT('',(0.00860981826673203,0.,-0.00559256043381648));
#7318=CARTESIAN_POINT('',(0.00865547364153467,0.,-0.00566375591050463));
#7319=CARTESIAN_POINT('',(0.00870166188828258,0.,-0.00573905355881923));
#7320=CARTESIAN_POINT('',(0.00874823459263884,0.,-0.00581850586771851));
#7321=CARTESIAN_POINT('',(0.00879505027131888,0.,-0.00590214172135693));
#7322=CARTESIAN_POINT('',(0.00884193267155932,0.,-0.0059900601556454));
#7323=CARTESIAN_POINT('',(0.00887805152967488,0.,-0.00606092110308794));
#7324=CARTESIAN_POINT('',(0.0088984304247198,0.,-0.00610262632447515));
#7325=CARTESIAN_POINT('',(0.00890345364250356,0.,-0.00611297908026767));
#7326=CARTESIAN_POINT('',(0.00684834842794559,0.,-0.00583953112924789));
#7327=CARTESIAN_POINT('',(0.00699003672926965,0.,-0.00596056617198677));
#7328=CARTESIAN_POINT('',(0.00714857187340128,0.,-0.00609599236995989));
#7329=CARTESIAN_POINT('',(0.00715575452584841,0.,-0.00610141463372258));
#7330=CARTESIAN_POINT('',(0.00716417342926525,0.,-0.00610796372418657));
#7331=CARTESIAN_POINT('',(0.00717441051699478,0.,-0.00611548833708942));
#7332=CARTESIAN_POINT('',(0.00718832547507492,0.,-0.00612535423096712));
#7333=CARTESIAN_POINT('',(0.00720539880292835,0.,-0.00613693044216562));
#7334=CARTESIAN_POINT('',(0.00722589885890056,0.,-0.00615024809422405));
#7335=CARTESIAN_POINT('',(0.00724984014184422,0.,-0.006165126090851));
#7336=CARTESIAN_POINT('',(0.00727731014236228,0.,-0.00618144565386282));
#7337=CARTESIAN_POINT('',(0.00730836932995303,0.,-0.0061990665235028));
#7338=CARTESIAN_POINT('',(0.00734308099152351,0.,-0.00621785216149801));
#7339=CARTESIAN_POINT('',(0.00738150233562102,0.,-0.0062376624370514));
#7340=CARTESIAN_POINT('',(0.00742368701386578,0.,-0.00625835589593966));
#7341=CARTESIAN_POINT('',(0.00746968432344435,0.,-0.00627978924239178));
#7342=CARTESIAN_POINT('',(0.00751953937378395,0.,-0.00630181762918907));
#7343=CARTESIAN_POINT('',(0.00757329298105921,0.,-0.00632429471813299));
#7344=CARTESIAN_POINT('',(0.00763098164455386,0.,-0.00634707280771733));
#7345=CARTESIAN_POINT('',(0.00769263750323606,0.,-0.00637000294367909));
#7346=CARTESIAN_POINT('',(0.00775828830353596,0.,-0.00639293503414766));
#7347=CARTESIAN_POINT('',(0.00782795736080248,0.,-0.00641571797099032));
#7348=CARTESIAN_POINT('',(0.00790166355329288,0.,-0.00643819972621093));
#7349=CARTESIAN_POINT('',(0.00797942120625566,0.,-0.00646022755057431));
#7350=CARTESIAN_POINT('',(0.00806124041498924,0.,-0.006481647780065));
#7351=CARTESIAN_POINT('',(0.00814712568726604,0.,-0.00650230716014517));
#7352=CARTESIAN_POINT('',(0.00823708108049948,0.,-0.00652204832041248));
#7353=CARTESIAN_POINT('',(0.00833109034441353,0.,-0.00654072777657258));
#7354=CARTESIAN_POINT('',(0.00842919320265743,0.,-0.00655814729850683));
#7355=CARTESIAN_POINT('',(0.00850774730944864,0.,-0.00657060113688152));
#7356=CARTESIAN_POINT('',(0.00855370875690794,0.,-0.00657709499564607));
#7357=CARTESIAN_POINT('',(0.00856510707242765,0.,-0.00657867318217358));
#7358=CARTESIAN_POINT('',(0.00707505387686524,0.,-0.00603308627133618));
#7359=CARTESIAN_POINT('',(0.00687843739548799,0.,-0.00626373400729805));
#7360=CARTESIAN_POINT('',(0.0066543497722066,0.,-0.00605967235988334));
#7361=CARTESIAN_POINT('',(-3.2176295995986E-17,0.,3.41569240760337E-17));
#7362=CARTESIAN_POINT('',(0.00646554506000822,0.,-0.00626072895731826));
#7363=CARTESIAN_POINT('',(0.00668327461666113,0.,-0.00647156125800587));
#7364=CARTESIAN_POINT('',(0.00646542766233343,0.,-0.0066822722528392));
#7365=CARTESIAN_POINT('',(0.00625801950418679,0.,-0.00646816758326636));
#7366=CARTESIAN_POINT('',(0.00638771239396802,0.,-0.00660197644187854));
#7367=CARTESIAN_POINT('',(0.00653282586333828,0.,-0.00675169527178852));
#7368=CARTESIAN_POINT('',(0.00653868842998079,0.,-0.00675852328415309));
#7369=CARTESIAN_POINT('',(0.00654575322463016,0.,-0.00676651435399447));
#7370=CARTESIAN_POINT('',(0.00655390578148528,0.,-0.00677625876681638));
#7371=CARTESIAN_POINT('',(0.00656462593472214,0.,-0.00678952678230311));
#7372=CARTESIAN_POINT('',(0.00657725134603819,0.,-0.00680583954352872));
#7373=CARTESIAN_POINT('',(0.00659182992791728,0.,-0.00682546292503161));
#7374=CARTESIAN_POINT('',(0.00660818185181068,0.,-0.00684842276818448));
#7375=CARTESIAN_POINT('',(0.00662619406749674,0.,-0.00687481384909144));
#7376=CARTESIAN_POINT('',(0.00664573038890058,0.,-0.00690470532491102));
#7377=CARTESIAN_POINT('',(0.00666665852099411,0.,-0.00693816893097711));
#7378=CARTESIAN_POINT('',(0.00668884220165082,0.,-0.00697527056183455));
#7379=CARTESIAN_POINT('',(0.0067121436245881,0.,-0.00701607264521851));
#7380=CARTESIAN_POINT('',(0.00673642287219237,0.,-0.00706063337865473));
#7381=CARTESIAN_POINT('',(0.0067615382155122,0.,-0.0071090068775894));
#7382=CARTESIAN_POINT('',(0.00678734616798288,0.,-0.00716124306630725));
#7383=CARTESIAN_POINT('',(0.00681370161136237,0.,-0.00721738764632333));
#7384=CARTESIAN_POINT('',(0.00684045790333738,0.,-0.00727748204610244));
#7385=CARTESIAN_POINT('',(0.00686746699042209,0.,-0.00734156338167003));
#7386=CARTESIAN_POINT('',(0.00689457952664404,0.,-0.00740966441052566));
#7387=CARTESIAN_POINT('',(0.00692164496937519,0.,-0.00748181351959153));
#7388=CARTESIAN_POINT('',(0.00694851177028589,0.,-0.00755803459705236));
#7389=CARTESIAN_POINT('',(0.00697502720247052,0.,-0.00763834736692917));
#7390=CARTESIAN_POINT('',(0.00700103859684946,0.,-0.00772276595103136));
#7391=CARTESIAN_POINT('',(0.00702638914832201,0.,-0.00781130428013531));
#7392=CARTESIAN_POINT('',(0.00705093463536404,0.,-0.00790395514548459));
#7393=CARTESIAN_POINT('',(0.0070744797132873,0.,-0.00800077063931501));
#7394=CARTESIAN_POINT('',(0.00709184143003335,0.,-0.00807838775453876));
#7395=CARTESIAN_POINT('',(0.0071012084178153,0.,-0.00812385075481482));
#7396=CARTESIAN_POINT('',(0.00710349919630544,0.,-0.00813512748321057));
#7397=CARTESIAN_POINT('',(0.00518096263122151,0.,-0.00735918651848737));
#7398=CARTESIAN_POINT('',(0.00528809934289119,0.,-0.00751165547045959));
#7399=CARTESIAN_POINT('',(0.00540797468805109,0.,-0.00768225309249778));
#7400=CARTESIAN_POINT('',(0.0054135832221003,0.,-0.00768929125890015));
#7401=CARTESIAN_POINT('',(0.0054201089376165,0.,-0.00769772829378506));
#7402=CARTESIAN_POINT('',(0.00542815311327655,0.,-0.00770756236732912));
#7403=CARTESIAN_POINT('',(0.00543917735932555,0.,-0.0077205788153634));
#7404=CARTESIAN_POINT('',(0.00545283541053207,0.,-0.00773603730257734));
#7405=CARTESIAN_POINT('',(0.00546937945416123,0.,-0.0077540347127135));
#7406=CARTESIAN_POINT('',(0.00548886857037388,0.,-0.00777439924467154));
#7407=CARTESIAN_POINT('',(0.00551141704002788,0.,-0.00779703760993102));
#7408=CARTESIAN_POINT('',(0.0055371183140441,0.,-0.00782182899340613));
#7409=CARTESIAN_POINT('',(0.00556606764674272,0.,-0.00784865688523861));
#7410=CARTESIAN_POINT('',(0.00559835529847141,0.,-0.00787739978428527));
#7411=CARTESIAN_POINT('',(0.00563406841352095,0.,-0.00790793402298272));
#7412=CARTESIAN_POINT('',(0.00567329037652522,0.,-0.00794013306717187));
#7413=CARTESIAN_POINT('',(0.00571610090175434,0.,-0.0079738678385341));
#7414=CARTESIAN_POINT('',(0.00576257591589783,0.,-0.00800900674692436));
#7415=CARTESIAN_POINT('',(0.0058127875034182,0.,-0.0080454158081536));
#7416=CARTESIAN_POINT('',(0.0058668038369977,0.,-0.00808295874026728));
#7417=CARTESIAN_POINT('',(0.00592468911769172,0.,-0.00812149706706349));
#7418=CARTESIAN_POINT('',(0.00598650350741908,0.,-0.00816089022604083));
#7419=CARTESIAN_POINT('',(0.00605230309916711,0.,-0.00820099566027392));
#7420=CARTESIAN_POINT('',(0.00612213975532033,0.,-0.00824166898197012));
#7421=CARTESIAN_POINT('',(0.00619606146870146,0.,-0.00828276386535017));
#7422=CARTESIAN_POINT('',(0.00627411071831668,0.,-0.00832413299168682));
#7423=CARTESIAN_POINT('',(0.00635633057053591,0.,-0.00836562494369597));
#7424=CARTESIAN_POINT('',(0.00644274096870841,0.,-0.00840709670362693));
#7425=CARTESIAN_POINT('',(0.00653342968631774,0.,-0.00844836614799458));
#7426=CARTESIAN_POINT('',(0.00660641872773303,0.,-0.00847996433808996));
#7427=CARTESIAN_POINT('',(0.00664932125479979,0.,-0.00849768432752264));
#7428=CARTESIAN_POINT('',(0.00665996899224796,0.,-0.00850204757821877));
#7429=CARTESIAN_POINT('',(0.00535241050513508,0.,-0.00760304012237543));
#7430=CARTESIAN_POINT('',(0.00510461133264152,0.,-0.00777754510501208));
#7431=CARTESIAN_POINT('',(0.00493831190218407,0.,-0.00752416610374513));
#7432=CARTESIAN_POINT('',(-2.26709368948353E-17,0.,4.10857409166201E-17));
#7433=CARTESIAN_POINT('',(0.00470543809467715,0.,-0.00767195231588161));
#7434=CARTESIAN_POINT('',(0.00486389541586245,0.,-0.00793030807102611));
#7435=CARTESIAN_POINT('',(0.00460049083066798,0.,-0.00808022285799536));
#7436=CARTESIAN_POINT('',(0.00445284444732399,0.,-0.00782126436888154));
#7437=CARTESIAN_POINT('',(0.00454518588653427,0.,-0.00798312268626892));
#7438=CARTESIAN_POINT('',(0.0046485067905025,0.,-0.0081642260761474));
#7439=CARTESIAN_POINT('',(0.00465248711620893,0.,-0.00817229753498452));
#7440=CARTESIAN_POINT('',(0.00465734265908595,0.,-0.00818179449365648));
#7441=CARTESIAN_POINT('',(0.0046628157514508,0.,-0.00819326022627527));
#7442=CARTESIAN_POINT('',(0.00466989949008644,0.,-0.00820877739635618));
#7443=CARTESIAN_POINT('',(0.00467807143214095,0.,-0.00822771747430642));
#7444=CARTESIAN_POINT('',(0.00468731186453043,0.,-0.00825034989707705));
#7445=CARTESIAN_POINT('',(0.00469744018186261,0.,-0.00827665497264505));
#7446=CARTESIAN_POINT('',(0.00470832331573784,0.,-0.00830669638510207));
#7447=CARTESIAN_POINT('',(0.00471981215993123,0.,-0.00834050725080774));
#7448=CARTESIAN_POINT('',(0.0047317607358542,0.,-0.00837812415096291));
#7449=CARTESIAN_POINT('',(0.00474402067499857,0.,-0.00841957702290125));
#7450=CARTESIAN_POINT('',(0.00475644297537311,0.,-0.00846489206204698));
#7451=CARTESIAN_POINT('',(0.00476887764199725,0.,-0.00851409084144799));
#7452=CARTESIAN_POINT('',(0.00478117394063096,0.,-0.0085671905298573));
#7453=CARTESIAN_POINT('',(0.00479318047693911,0.,-0.00862420379943884));
#7454=CARTESIAN_POINT('',(0.00480474532633144,0.,-0.00868513882647128));
#7455=CARTESIAN_POINT('',(0.00481571615069237,0.,-0.00874999926940767));
#7456=CARTESIAN_POINT('',(0.00482594031752841,0.,-0.0088187842588006));
#7457=CARTESIAN_POINT('',(0.00483526502638656,0.,-0.00889148838217949));
#7458=CARTESIAN_POINT('',(0.0048435374046718,0.,-0.00896810169620999));
#7459=CARTESIAN_POINT('',(0.00485060472447398,0.,-0.0090486096500486));
#7460=CARTESIAN_POINT('',(0.0048563141519195,0.,-0.009132993366413));
#7461=CARTESIAN_POINT('',(0.00486051430235743,0.,-0.0092212285561938));
#7462=CARTESIAN_POINT('',(0.00486304983256445,0.,-0.00931328971666363));
#7463=CARTESIAN_POINT('',(0.00486378284474561,0.,-0.00940913399910782));
#7464=CARTESIAN_POINT('',(0.00486251117651305,0.,-0.00950876327894034));
#7465=CARTESIAN_POINT('',(0.00486002485137451,0.,-0.00958825959314001));
#7466=CARTESIAN_POINT('',(0.00485779136960177,0.,-0.00963462376479636));
#7467=CARTESIAN_POINT('',(0.00485720577076087,0.,-0.00964611590747734));
#7468=CARTESIAN_POINT('',(0.00318803789813009,0.,-0.00841643715357551));
#7469=CARTESIAN_POINT('',(0.00325389122652992,0.,-0.00859075982978708));
#7470=CARTESIAN_POINT('',(0.00332757456391101,0.,-0.00878580959988352));
#7471=CARTESIAN_POINT('',(0.00333125657474125,0.,-0.00879402143504594));
#7472=CARTESIAN_POINT('',(0.00333547906765101,0.,-0.00880381628442071));
#7473=CARTESIAN_POINT('',(0.00334082488610046,0.,-0.00881534190759802));
#7474=CARTESIAN_POINT('',(0.00334826572619473,0.,-0.00883069103848773));
#7475=CARTESIAN_POINT('',(0.00335765031516621,0.,-0.00884906048811311));
#7476=CARTESIAN_POINT('',(0.00336919882334638,0.,-0.00887060681285831));
#7477=CARTESIAN_POINT('',(0.00338301119998043,0.,-0.008895178301709));
#7478=CARTESIAN_POINT('',(0.00339922133549452,0.,-0.0089227130174688));
#7479=CARTESIAN_POINT('',(0.00341794979036711,0.,-0.00895311718097896));
#7480=CARTESIAN_POINT('',(0.00343931780115221,0.,-0.0089863016315388));
#7481=CARTESIAN_POINT('',(0.00346344300860831,0.,-0.00902217113202265));
#7482=CARTESIAN_POINT('',(0.00349044057410039,0.,-0.00906062757201485));
#7483=CARTESIAN_POINT('',(0.00352042273034654,0.,-0.00910156912957481));
#7484=CARTESIAN_POINT('',(0.00355349878771892,0.,-0.00914489060574949));
#7485=CARTESIAN_POINT('',(0.00358977501266885,0.,-0.00919048342674007));
#7486=CARTESIAN_POINT('',(0.00362935454550574,0.,-0.00923823574439403));
#7487=CARTESIAN_POINT('',(0.00367233730908556,0.,-0.00928803251216168));
#7488=CARTESIAN_POINT('',(0.00371881992510052,0.,-0.00933975557047886));
#7489=CARTESIAN_POINT('',(0.00376889562184475,0.,-0.00939328373453444));
#7490=CARTESIAN_POINT('',(0.0038226541825069,0.,-0.00944849287584967));
#7491=CARTESIAN_POINT('',(0.0038801817479032,0.,-0.00950525604049049));
#7492=CARTESIAN_POINT('',(0.0039415611928151,0.,-0.00956344343510074));
#7493=CARTESIAN_POINT('',(0.00400687029837035,0.,-0.00962292293334113));
#7494=CARTESIAN_POINT('',(0.00407618843387698,0.,-0.00968355858515067));
#7495=CARTESIAN_POINT('',(0.00414957048319552,0.,-0.00974521682565354));
#7496=CARTESIAN_POINT('',(0.00422714675451313,0.,-0.00980774308148658));
#7497=CARTESIAN_POINT('',(0.00428998456064546,0.,-0.00985650019280895));
#7498=CARTESIAN_POINT('',(0.00432713244375962,0.,-0.00988433290080413));
#7499=CARTESIAN_POINT('',(0.00433636056663274,0.,-0.00989120705658074));
#7500=CARTESIAN_POINT('',(0.00329345549657841,0.,-0.00869526700050024));
#7501=CARTESIAN_POINT('',(0.00301004376631793,0.,-0.00880266443996818));
#7502=CARTESIAN_POINT('',(0.00291198173350659,0.,-0.00851588881936138));
#7503=CARTESIAN_POINT('',(-1.17410794507086E-17,0.,4.543298955263E-17));
#7504=CARTESIAN_POINT('',(0.00264967114846673,0.,-0.0086011186949712));
#7505=CARTESIAN_POINT('',(0.00273889977792909,0.,-0.00889076446231085));
#7506=CARTESIAN_POINT('',(0.00244648824068993,0.,-0.00897046334400274));
#7507=CARTESIAN_POINT('',(0.00236788079741949,0.,-0.00868292234960166));
#7508=CARTESIAN_POINT('',(0.00241706863382519,0.,-0.00886265997240954));
#7509=CARTESIAN_POINT('',(0.00247210494000735,0.,-0.00906376853021878));
#7510=CARTESIAN_POINT('',(0.00247395292627494,0.,-0.00907257627608497));
#7511=CARTESIAN_POINT('',(0.00247629412576323,0.,-0.00908298239474677));
#7512=CARTESIAN_POINT('',(0.00247874385911589,0.,-0.009095449013014));
#7513=CARTESIAN_POINT('',(0.00248174608579968,0.,-0.00911224033682473));
#7514=CARTESIAN_POINT('',(0.00248495108541905,0.,-0.00913261765674525));
#7515=CARTESIAN_POINT('',(0.00248827275796795,0.,-0.00915683704242472));
#7516=CARTESIAN_POINT('',(0.0024915410693116,0.,-0.00918483450576662));
#7517=CARTESIAN_POINT('',(0.00249461129404925,0.,-0.00921663863734444));
#7518=CARTESIAN_POINT('',(0.00249733077469851,0.,-0.00925224443189624));
#7519=CARTESIAN_POINT('',(0.00249954902148188,0.,-0.00929165101795845));
#7520=CARTESIAN_POINT('',(0.00250111488204858,0.,-0.00933485049458082));
#7521=CARTESIAN_POINT('',(0.00250187752104182,0.,-0.00938183117892172));
#7522=CARTESIAN_POINT('',(0.00250168629085032,0.,-0.00943257666403732));
#7523=CARTESIAN_POINT('',(0.00250039092313215,0.,-0.00948706609321151));
#7524=CARTESIAN_POINT('',(0.00249784162844456,0.,-0.0095452740902488));
#7525=CARTESIAN_POINT('',(0.00249388922182988,0.,-0.00960717079244579));
#7526=CARTESIAN_POINT('',(0.00248838524133426,0.,-0.00967272185836975));
#7527=CARTESIAN_POINT('',(0.00248118206591745,0.,-0.00974188848773096));
#7528=CARTESIAN_POINT('',(0.00247213304166037,0.,-0.00981462743817415));
#7529=CARTESIAN_POINT('',(0.00246109257154838,0.,-0.0098908910608847));
#7530=CARTESIAN_POINT('',(0.00244791634454708,0.,-0.00997062728027386));
#7531=CARTESIAN_POINT('',(0.00243246102292928,0.,-0.0100537798038851));
#7532=CARTESIAN_POINT('',(0.00241458601852711,0.,-0.0101402874578642));
#7533=CARTESIAN_POINT('',(0.00239414721078065,0.,-0.0102300869084103));
#7534=CARTESIAN_POINT('',(0.00237102169024978,0.,-0.0103231023591929));
#7535=CARTESIAN_POINT('',(0.00234501317945332,0.,-0.0104192853509648));
#7536=CARTESIAN_POINT('',(0.0023228350373827,0.,-0.0104956658183522));
#7537=CARTESIAN_POINT('',(0.00230914142392922,0.,-0.0105400179299682));
#7538=CARTESIAN_POINT('',(0.00230571624308614,0.,-0.0105510033933446));
#7539=CARTESIAN_POINT('',(0.000994797019115945,0.,-0.00894485208881388));
#7540=CARTESIAN_POINT('',(0.00101522915743096,0.,-0.00913007515440447));
#7541=CARTESIAN_POINT('',(0.00103809069195723,0.,-0.00933732137816112));
#7542=CARTESIAN_POINT('',(0.00103961482528653,0.,-0.00934619090227931));
#7543=CARTESIAN_POINT('',(0.00104126878083111,0.,-0.00935672811973479));
#7544=CARTESIAN_POINT('',(0.00104358034463622,0.,-0.00936922109525285));
#7545=CARTESIAN_POINT('',(0.00104697024342714,0.,-0.00938593846665403));
#7546=CARTESIAN_POINT('',(0.00105149170192442,0.,-0.00940606465861279));
#7547=CARTESIAN_POINT('',(0.00105731903941418,0.,-0.00942980606314145));
#7548=CARTESIAN_POINT('',(0.00106458679404733,0.,-0.00945704059187268));
#7549=CARTESIAN_POINT('',(0.00107344005299048,0.,-0.00948774155067602));
#7550=CARTESIAN_POINT('',(0.00108401891102134,0.,-0.0095218480888092));
#7551=CARTESIAN_POINT('',(0.00109646296918925,0.,-0.00955930399702385));
#7552=CARTESIAN_POINT('',(0.00111090985686197,0.,-0.00960004628631068));
#7553=CARTESIAN_POINT('',(0.00112749551646665,0.,-0.00964400856804004));
#7554=CARTESIAN_POINT('',(0.00114635397681105,0.,-0.00969112013033681));
#7555=CARTESIAN_POINT('',(0.00116761727599678,0.,-0.00974130626365063));
#7556=CARTESIAN_POINT('',(0.00119141534312491,0.,-0.00979448823262002));
#7557=CARTESIAN_POINT('',(0.00121787589366684,0.,-0.00985058335295975));
#7558=CARTESIAN_POINT('',(0.00124712432213172,0.,-0.00990950504232283));
#7559=CARTESIAN_POINT('',(0.0012792835997523,0.,-0.00997116288218281));
#7560=CARTESIAN_POINT('',(0.00131447416332141,0.,-0.0100354626799062));
#7561=CARTESIAN_POINT('',(0.00135281384482113,0.,-0.0101023065349097));
#7562=CARTESIAN_POINT('',(0.00139441765095507,0.,-0.0101715929041005));
#7563=CARTESIAN_POINT('',(0.00143939813113611,0.,-0.0102432166819393));
#7564=CARTESIAN_POINT('',(0.00148786348133928,0.,-0.0103170692364587));
#7565=CARTESIAN_POINT('',(0.00153992438674516,0.,-0.0103930386270631));
#7566=CARTESIAN_POINT('',(0.00159566722317076,0.,-0.0104710091341239));
#7567=CARTESIAN_POINT('',(0.00165525664576418,0.,-0.0105508634468129));
#7568=CARTESIAN_POINT('',(0.00170399488615298,0.,-0.0106137158907417));
#7569=CARTESIAN_POINT('',(0.00173305398719811,0.,-0.0106499124858946));
#7570=CARTESIAN_POINT('',(0.00174028265859741,0.,-0.0106588656182628));
#7571=CARTESIAN_POINT('',(0.0010275605666897,0.,-0.00924113827402855));
#7572=CARTESIAN_POINT('',(0.000726344079989995,0.,-0.00927467999422585));
#7573=CARTESIAN_POINT('',(0.000702681042993216,0.,-0.00897252692120888));
#7574=CARTESIAN_POINT('',(-7.34868040241672E-20,0.,4.69255163642007E-17));
#7575=CARTESIAN_POINT('',(0.000427415619189326,0.,-0.00898984515375393));
#7576=CARTESIAN_POINT('',(0.000441808993979681,0.,-0.00929258142448417));
#7577=CARTESIAN_POINT('',(0.000138763796994968,0.,-0.00929705662705001));
#7578=CARTESIAN_POINT('',(0.000134134488556723,0.,-0.0089990003855417));
#7579=CARTESIAN_POINT('',(0.000137078069496268,0.,-0.00918532373790031));
#7580=CARTESIAN_POINT('',(0.000140371644365562,0.,-0.00939380107332762));
#7581=CARTESIAN_POINT('',(0.000139971175420709,0.,-0.00940279168315748));
#7582=CARTESIAN_POINT('',(0.000139650925346077,0.,-0.00941345310710258));
#7583=CARTESIAN_POINT('',(0.000138923373930517,0.,-0.00942613728754349));
#7584=CARTESIAN_POINT('',(0.000137655447718482,0.,-0.00944314770445486));
#7585=CARTESIAN_POINT('',(0.000135692122989473,0.,-0.00946368188439251));
#7586=CARTESIAN_POINT('',(0.000132886322795294,0.,-0.00948796643990591));
#7587=CARTESIAN_POINT('',(0.000129089268128684,0.,-0.00951589710743246));
#7588=CARTESIAN_POINT('',(0.000124153670216987,0.,-0.00954746558757664));
#7589=CARTESIAN_POINT('',(0.000117932912351372,0.,-0.00958262906795393));
#7590=CARTESIAN_POINT('',(0.000110281449391605,0.,-0.00962134927919361));
#7591=CARTESIAN_POINT('',(0.00010105484260239,0.,-0.00966358097850725));
#7592=CARTESIAN_POINT('',(9.0109900801592E-5,0.,-0.00970927533886333));
#7593=CARTESIAN_POINT('',(7.73047894906807E-5,0.,-0.00975837900423485));
#7594=CARTESIAN_POINT('',(6.24991481383822E-5,0.,-0.00981083440294082));
#7595=CARTESIAN_POINT('',(4.55542040159417E-5,0.,-0.00986657970490595));
#7596=CARTESIAN_POINT('',(2.6332885637779E-5,0.,-0.00992554888482832));
#7597=CARTESIAN_POINT('',(4.69993562237595E-6,0.,-0.00998767175918789));
#7598=CARTESIAN_POINT('',(-1.94779800444148E-5,0.,-0.0100528740348175));
#7599=CARTESIAN_POINT('',(-4.63321539426723E-5,0.,-0.0101210773565535));
#7600=CARTESIAN_POINT('',(-7.59917591107659E-5,0.,-0.0101921993640512));
#7601=CARTESIAN_POINT('',(-0.000108583622114271,0.,-0.0102661537290774));
#7602=CARTESIAN_POINT('',(-0.000144232578097441,0.,-0.0103428502810634));
#7603=CARTESIAN_POINT('',(-0.000183059585073458,0.,-0.0104221948051885));
#7604=CARTESIAN_POINT('',(-0.000225188485314011,0.,-0.0105040901160738));
#7605=CARTESIAN_POINT('',(-0.000270719477052233,0.,-0.0105884322323351));
#7606=CARTESIAN_POINT('',(-0.00031983062002665,0.,-0.010675125404937));
#7607=CARTESIAN_POINT('',(-0.000360307044797551,0.,-0.0107435907598386));
#7608=CARTESIAN_POINT('',(-0.000384600369836887,0.,-0.0107831440051257));
#7609=CARTESIAN_POINT('',(-0.000390649915972854,0.,-0.0107929325321319));
#7610=CARTESIAN_POINT('',(-0.00126095061521678,0.,-0.00891122907044727));
#7611=CARTESIAN_POINT('',(-0.00128722349338106,0.,-0.00909571427900303));
#7612=CARTESIAN_POINT('',(-0.00131662023600274,0.,-0.00930213491398298));
#7613=CARTESIAN_POINT('',(-0.00131734974707682,0.,-0.00931110482223677));
#7614=CARTESIAN_POINT('',(-0.00131836825300712,0.,-0.00932172231564705));
#7615=CARTESIAN_POINT('',(-0.00131923618790156,0.,-0.0093343976639081));
#7616=CARTESIAN_POINT('',(-0.00132011023022219,0.,-0.00935143286189344));
#7617=CARTESIAN_POINT('',(-0.00132073600206527,0.,-0.00937205119352584));
#7618=CARTESIAN_POINT('',(-0.00132099598831184,0.,-0.00939649591807664));
#7619=CARTESIAN_POINT('',(-0.00132072951543211,0.,-0.00942468224108665));
#7620=CARTESIAN_POINT('',(-0.00131978941587932,0.,-0.00945662038878168));
#7621=CARTESIAN_POINT('',(-0.00131802486324659,0.,-0.00949228626231189));
#7622=CARTESIAN_POINT('',(-0.0013152866636366,0.,-0.00953166013571503));
#7623=CARTESIAN_POINT('',(-0.00131142584683167,0.,-0.0095747152259293));
#7624=CARTESIAN_POINT('',(-0.00130629423110514,0.,-0.0096214210375528));
#7625=CARTESIAN_POINT('',(-0.00129974441308249,0.,-0.00967174241186306));
#7626=CARTESIAN_POINT('',(-0.00129162992337221,0.,-0.00972563982298824));
#7627=CARTESIAN_POINT('',(-0.00128180533414669,0.,-0.00978306932123649));
#7628=CARTESIAN_POINT('',(-0.00127012637960538,0.,-0.00984398258154763));
#7629=CARTESIAN_POINT('',(-0.00125645007258409,0.,-0.00990832692606464));
#7630=CARTESIAN_POINT('',(-0.00124063481904434,0.,-0.00997604535862735));
#7631=CARTESIAN_POINT('',(-0.00122254054118122,0.,-0.0100470765972495));
#7632=CARTESIAN_POINT('',(-0.00120202876203604,0.,-0.0101213551206969));
#7633=CARTESIAN_POINT('',(-0.00117896283531197,0.,-0.0101988111770439));
#7634=CARTESIAN_POINT('',(-0.00115320760885818,0.,-0.0102793709527358));
#7635=CARTESIAN_POINT('',(-0.00112463127020346,0.,-0.0103629561359231));
#7636=CARTESIAN_POINT('',(-0.00109309877305161,0.,-0.0104494858291148));
#7637=CARTESIAN_POINT('',(-0.00105849767693937,0.,-0.0105388694290195));
#7638=CARTESIAN_POINT('',(-0.00102063932564624,0.,-0.0106310342584145));
#7639=CARTESIAN_POINT('',(-0.000989063053891319,0.,-0.0107040327847427));
#7640=CARTESIAN_POINT('',(-0.000969918625105777,0.,-0.0107463189018579));
#7641=CARTESIAN_POINT('',(-0.000965143609189523,0.,-0.0107567884525838));
#7642=CARTESIAN_POINT('',(-0.00130289977270754,0.,-0.00920635484327047));
#7643=CARTESIAN_POINT('',(-0.00160299447619039,0.,-0.00916393329455932));
#7644=CARTESIAN_POINT('',(-0.00155077168173153,0.,-0.0088653881579511));
#7645=CARTESIAN_POINT('',(1.15987232888227E-17,0.,4.54695404026317E-17));
#7646=CARTESIAN_POINT('',(-0.00182169600536643,0.,-0.00881370657918858));
#7647=CARTESIAN_POINT('',(-0.0018830422739213,0.,-0.0091105113200333));
#7648=CARTESIAN_POINT('',(-0.00217767968640274,0.,-0.00903948165003723));
#7649=CARTESIAN_POINT('',(-0.00210803998353421,0.,-0.00874963813124983));
#7650=CARTESIAN_POINT('',(-0.00215152561407699,0.,-0.00893083983168114));
#7651=CARTESIAN_POINT('',(-0.00220018171794252,0.,-0.00913358654701561));
#7652=CARTESIAN_POINT('',(-0.00220280547916319,0.,-0.00914219510772838));
#7653=CARTESIAN_POINT('',(-0.00220576705631076,0.,-0.00915244194048034));
#7654=CARTESIAN_POINT('',(-0.00220962617776335,0.,-0.00916454668938868));
#7655=CARTESIAN_POINT('',(-0.00221508458840419,0.,-0.00918070737234621));
#7656=CARTESIAN_POINT('',(-0.00222209287456826,0.,-0.00920010817425607));
#7657=CARTESIAN_POINT('',(-0.00223084984876031,0.,-0.00922293201166815));
#7658=CARTESIAN_POINT('',(-0.00224147368652789,0.,-0.00924904089681685));
#7659=CARTESIAN_POINT('',(-0.00225410498532028,0.,-0.00927839016181917));
#7660=CARTESIAN_POINT('',(-0.00226887510860573,0.,-0.00931090187722761));
#7661=CARTESIAN_POINT('',(-0.00228591551175075,0.,-0.0093465027803696));
#7662=CARTESIAN_POINT('',(-0.00230535484425823,0.,-0.00938511312938931));
#7663=CARTESIAN_POINT('',(-0.00232731965590704,0.,-0.00942665002104729));
#7664=CARTESIAN_POINT('',(-0.00235193405609979,0.,-0.0094710265027888));
#7665=CARTESIAN_POINT('',(-0.00237931967818871,0.,-0.00951815190540838));
#7666=CARTESIAN_POINT('',(-0.00240959555858765,0.,-0.00956793182996201));
#7667=CARTESIAN_POINT('',(-0.00244287804260453,0.,-0.00962026823716176));
#7668=CARTESIAN_POINT('',(-0.00247928068432982,0.,-0.00967505951128897));
#7669=CARTESIAN_POINT('',(-0.00251891415288509,0.,-0.00973220053441207));
#7670=CARTESIAN_POINT('',(-0.00256188612991576,0.,-0.00979158276190193));
#7671=CARTESIAN_POINT('',(-0.00260830124806684,0.,-0.00985309429688727));
#7672=CARTESIAN_POINT('',(-0.00265826088045556,0.,-0.00991661998281076));
#7673=CARTESIAN_POINT('',(-0.00271186351579199,0.,-0.00998204143673997));
#7674=CARTESIAN_POINT('',(-0.00276920288169781,0.,-0.0100492373227515));
#7675=CARTESIAN_POINT('',(-0.00283037476069108,0.,-0.0101180827104032));
#7676=CARTESIAN_POINT('',(-0.00289545034397447,0.,-0.01018845196679));
#7677=CARTESIAN_POINT('',(-0.00296457828539561,0.,-0.0102602080693522));
#7678=CARTESIAN_POINT('',(-0.00302080971023656,0.,-0.0103164563817214));
#7679=CARTESIAN_POINT('',(-0.00305417630790494,0.,-0.0103487254848116));
#7680=CARTESIAN_POINT('',(-0.00306247010410139,0.,-0.0103567020262961));
#7681=CARTESIAN_POINT('',(-0.00343746808494346,0.,-0.00831768075637645));
#7682=CARTESIAN_POINT('',(-0.00350879515802709,0.,-0.0084898362237547));
#7683=CARTESIAN_POINT('',(-0.00358860307234413,0.,-0.00868246110230016));
#7684=CARTESIAN_POINT('',(-0.00359154038995786,0.,-0.00869096778236494));
#7685=CARTESIAN_POINT('',(-0.00359516736088964,0.,-0.00870099841557066));
#7686=CARTESIAN_POINT('',(-0.00359916025894216,0.,-0.00871305969782679));
#7687=CARTESIAN_POINT('',(-0.00360424332308085,0.,-0.00872934233825578));
#7688=CARTESIAN_POINT('',(-0.00360997700571795,0.,-0.00874915728395644));
#7689=CARTESIAN_POINT('',(-0.00361630797980881,0.,-0.00877276937658446));
#7690=CARTESIAN_POINT('',(-0.00362305953215357,0.,-0.00880013644353647));
#7691=CARTESIAN_POINT('',(-0.00363009166190348,0.,-0.00883130498884323));
#7692=CARTESIAN_POINT('',(-0.00363725228800035,0.,-0.00886628917976667));
#7693=CARTESIAN_POINT('',(-0.00364439199810018,0.,-0.0089051070130854));
#7694=CARTESIAN_POINT('',(-0.00365135984148198,0.,-0.0089477695945634));
#7695=CARTESIAN_POINT('',(-0.00365800470792248,0.,-0.00899428423816476));
#7696=CARTESIAN_POINT('',(-0.00366417508137647,0.,-0.00904465354747154));
#7697=CARTESIAN_POINT('',(-0.00366971926437315,0.,-0.00909887566384626));
#7698=CARTESIAN_POINT('',(-0.00367448546812359,0.,-0.00915694418478753));
#7699=CARTESIAN_POINT('',(-0.00367832194124891,0.,-0.00921884818090142));
#7700=CARTESIAN_POINT('',(-0.0036810770883393,0.,-0.00928457218876442));
#7701=CARTESIAN_POINT('',(-0.00368259958942472,0.,-0.00935409621586096));
#7702=CARTESIAN_POINT('',(-0.00368273852729184,0.,-0.00942739574142457));
#7703=CARTESIAN_POINT('',(-0.00368134348102194,0.,-0.00950444174051042));
#7704=CARTESIAN_POINT('',(-0.00367826475071433,0.,-0.00958520063512989));
#7705=CARTESIAN_POINT('',(-0.003673353073587,0.,-0.00966963454169011));
#7706=CARTESIAN_POINT('',(-0.00366646130293482,0.,-0.00975770038908075));
#7707=CARTESIAN_POINT('',(-0.00365743851680145,0.,-0.00984935340600259));
#7708=CARTESIAN_POINT('',(-0.00364615327512525,0.,-0.00994453379843931));
#7709=CARTESIAN_POINT('',(-0.00363240477457744,0.,-0.0100432180893509));
#7710=CARTESIAN_POINT('',(-0.00361997452474015,0.,-0.0101217759321994));
#7711=CARTESIAN_POINT('',(-0.00361194768308308,0.,-0.0101674945790213));
#7712=CARTESIAN_POINT('',(-0.00360992635446116,0.,-0.0101788227077284));
#7713=CARTESIAN_POINT('',(-0.00355149412765539,0.,-0.00859310227910504));
#7714=CARTESIAN_POINT('',(-0.00383161099403043,0.,-0.0084773829634065));
#7715=CARTESIAN_POINT('',(-0.00370678371835378,0.,-0.00820120445211235));
#7716=CARTESIAN_POINT('',(2.25421429403124E-17,0.,4.11565459922934E-17));
#7717=CARTESIAN_POINT('',(-0.00395634377017576,0.,-0.00808377040570744));
#7718=CARTESIAN_POINT('',(-0.00408957507040675,0.,-0.0083559942832279));
#7719=CARTESIAN_POINT('',(-0.0043572915461581,0.,-0.00821392279606463));
#7720=CARTESIAN_POINT('',(-0.00421775855063094,0.,-0.00795050393425345));
#7721=CARTESIAN_POINT('',(-0.00430494103056008,0.,-0.00811519841350611));
#7722=CARTESIAN_POINT('',(-0.00440248957120993,0.,-0.00829947518697302));
#7723=CARTESIAN_POINT('',(-0.00440717176413941,0.,-0.00830716079103905));
#7724=CARTESIAN_POINT('',(-0.0044125885815758,0.,-0.00831634918641084));
#7725=CARTESIAN_POINT('',(-0.00441933679027171,0.,-0.00832711391789454));
#7726=CARTESIAN_POINT('',(-0.00442864271332618,0.,-0.00834140943175317));
#7727=CARTESIAN_POINT('',(-0.00444025560453093,0.,-0.0083584578319001));
#7728=CARTESIAN_POINT('',(-0.00445441351982646,0.,-0.00837838684556605));
#7729=CARTESIAN_POINT('',(-0.00447119660589634,0.,-0.00840103343106124));
#7730=CARTESIAN_POINT('',(-0.00449072993461163,0.,-0.00842631935866257));
#7731=CARTESIAN_POINT('',(-0.00451312136215017,0.,-0.00845413647845332));
#7732=CARTESIAN_POINT('',(-0.00453847999428063,0.,-0.00848438113782225));
#7733=CARTESIAN_POINT('',(-0.00456691060775206,0.,-0.00851694410632019));
#7734=CARTESIAN_POINT('',(-0.00459851515935206,0.,-0.00855171361361519));
#7735=CARTESIAN_POINT('',(-0.00463339223513711,0.,-0.00858857457417358));
#7736=CARTESIAN_POINT('',(-0.00467163709860953,0.,-0.00862740891834509));
#7737=CARTESIAN_POINT('',(-0.00471334157037261,0.,-0.00866809560974976));
#7738=CARTESIAN_POINT('',(-0.00475859395915301,0.,-0.00871051075528268));
#7739=CARTESIAN_POINT('',(-0.00480747898072904,0.,-0.00875452769191592));
#7740=CARTESIAN_POINT('',(-0.00486007768558177,0.,-0.00880001708189965));
#7741=CARTESIAN_POINT('',(-0.00491646737838813,0.,-0.00884684701139763));
#7742=CARTESIAN_POINT('',(-0.0049767215769459,0.,-0.00889488307790386));
#7743=CARTESIAN_POINT('',(-0.00504090983127817,0.,-0.00894398853224696));
#7744=CARTESIAN_POINT('',(-0.00510909809525298,0.,-0.00899402421756579));
#7745=CARTESIAN_POINT('',(-0.00518134697684929,0.,-0.00904484930081645));
#7746=CARTESIAN_POINT('',(-0.0052577181804637,0.,-0.00909631895633278));
#7747=CARTESIAN_POINT('',(-0.00533824941706332,0.,-0.00914829379366621));
#7748=CARTESIAN_POINT('',(-0.0054230505941369,0.,-0.00920060412636421));
#7749=CARTESIAN_POINT('',(-0.00549150379182042,0.,-0.00924110110786811));
#7750=CARTESIAN_POINT('',(-0.00553184711607258,0.,-0.00926405848233676));
#7751=CARTESIAN_POINT('',(-0.00554186403261204,0.,-0.00926972184286244));
#7752=CARTESIAN_POINT('',(-0.00539799679276987,0.,-0.00720150197009251));
#7753=CARTESIAN_POINT('',(-0.00550989631844836,0.,-0.00735051053513434));
#7754=CARTESIAN_POINT('',(-0.00563510077969127,0.,-0.00751723632770155));
#7755=CARTESIAN_POINT('',(-0.00564006134137627,0.,-0.00752474527358348));
#7756=CARTESIAN_POINT('',(-0.00564606888138682,0.,-0.00753355878501022));
#7757=CARTESIAN_POINT('',(-0.00565293585412793,0.,-0.00754424814653899));
#7758=CARTESIAN_POINT('',(-0.00566190855247063,0.,-0.00755875513123012));
#7759=CARTESIAN_POINT('',(-0.00567238987753465,0.,-0.0075765216450864));
#7760=CARTESIAN_POINT('',(-0.005684394041084,0.,-0.00759781747117261));
#7761=CARTESIAN_POINT('',(-0.00569773939378893,0.,-0.007622645708601));
#7762=CARTESIAN_POINT('',(-0.005712301898267,0.,-0.00765108621718797));
#7763=CARTESIAN_POINT('',(-0.00572793777462087,0.,-0.00768319054012606));
#7764=CARTESIAN_POINT('',(-0.00574450678018693,0.,-0.00771901326613096));
#7765=CARTESIAN_POINT('',(-0.00576186546852984,0.,-0.00775860269197643));
#7766=CARTESIAN_POINT('',(-0.00577986929574079,0.,-0.0078020034814293));
#7767=CARTESIAN_POINT('',(-0.00579837215341429,0.,-0.00784925583678348));
#7768=CARTESIAN_POINT('',(-0.00581722664771015,0.,-0.00790039568342093));
#7769=CARTESIAN_POINT('',(-0.00583628416632606,0.,-0.00795545456832338));
#7770=CARTESIAN_POINT('',(-0.00585539500740198,0.,-0.00801445964449723));
#7771=CARTESIAN_POINT('',(-0.00587440849257963,0.,-0.00807743363457618));
#7772=CARTESIAN_POINT('',(-0.00589317308394765,0.,-0.0081443948058926));
#7773=CARTESIAN_POINT('',(-0.00591153650756784,0.,-0.00821535693962974));
#7774=CARTESIAN_POINT('',(-0.00592934585006098,0.,-0.00829032933087607));
#7775=CARTESIAN_POINT('',(-0.00594644776411786,0.,-0.00836931668540866));
#7776=CARTESIAN_POINT('',(-0.00596268825505477,0.,-0.00845231942996178));
#7777=CARTESIAN_POINT('',(-0.00597791408770136,0.,-0.00853933244048074));
#7778=CARTESIAN_POINT('',(-0.00599196794742273,0.,-0.00863034988500329));
#7779=CARTESIAN_POINT('',(-0.00600470765342128,0.,-0.0087253465358662));
#7780=CARTESIAN_POINT('',(-0.00601593287247166,0.,-0.00882434959136103));
#7781=CARTESIAN_POINT('',(-0.00602342968286455,0.,-0.00890353067254814));
#7782=CARTESIAN_POINT('',(-0.00602702478431792,0.,-0.00894980917835535));
#7783=CARTESIAN_POINT('',(-0.00602788415050158,0.,-0.00896128409705506));
#7784=CARTESIAN_POINT('',(-0.00557693504508092,0.,-0.00743991349552394));
#7785=CARTESIAN_POINT('',(-0.00581947330143604,0.,-0.00725816748302923));
#7786=CARTESIAN_POINT('',(-0.00562988490135497,0.,-0.00702170890862726));
#7787=CARTESIAN_POINT('',(3.20691568466599E-17,0.,3.4257534434071E-17));
#7788=CARTESIAN_POINT('',(-0.00584239990549039,0.,-0.0068459012076078));
#7789=CARTESIAN_POINT('',(-0.00603914482481353,0.,-0.00707643939440999));
#7790=CARTESIAN_POINT('',(-0.00626311875307102,0.,-0.00687225296412036));
#7791=CARTESIAN_POINT('',(-0.00606245983616066,0.,-0.00665181033515981));
#7792=CARTESIAN_POINT('',(-0.00618786116962747,0.,-0.00678964923339846));
#7793=CARTESIAN_POINT('',(-0.00632817281349418,0.,-0.00694387727759831));
#7794=CARTESIAN_POINT('',(-0.0063346192387308,0.,-0.00695015701024845));
#7795=CARTESIAN_POINT('',(-0.00634215093789484,0.,-0.00695770962756631));
#7796=CARTESIAN_POINT('',(-0.00635136421906352,0.,-0.00696645795395635));
#7797=CARTESIAN_POINT('',(-0.0063639329291613,0.,-0.00697799005900512));
#7798=CARTESIAN_POINT('',(-0.00637942074474312,0.,-0.00699161484370825));
#7799=CARTESIAN_POINT('',(-0.00639809000725495,0.,-0.00700739682040565));
#7800=CARTESIAN_POINT('',(-0.00641997779860547,0.,-0.00702515813799237));
#7801=CARTESIAN_POINT('',(-0.00644518580636193,0.,-0.00704479192036636));
#7802=CARTESIAN_POINT('',(-0.0064737916024114,0.,-0.00706616659259877));
#7803=CARTESIAN_POINT('',(-0.00650587508740802,0.,-0.0070891546250144));
#7804=CARTESIAN_POINT('',(-0.00654151058183851,0.,-0.00711362416192164));
#7805=CARTESIAN_POINT('',(-0.00658076904317927,0.,-0.00713944158883701));
#7806=CARTESIAN_POINT('',(-0.00662371733961613,0.,-0.00716647091849527));
#7807=CARTESIAN_POINT('',(-0.00667041837904531,0.,-0.00719457409955167));
#7808=CARTESIAN_POINT('',(-0.00672093099683333,0.,-0.00722361106335125));
#7809=CARTESIAN_POINT('',(-0.00677530991636353,0.,-0.00725343984763151));
#7810=CARTESIAN_POINT('',(-0.00683360569209815,0.,-0.00728391670075914));
#7811=CARTESIAN_POINT('',(-0.00689586466317793,0.,-0.00731489619193255));
#7812=CARTESIAN_POINT('',(-0.00696212889997418,0.,-0.00734623132673986));
#7813=CARTESIAN_POINT('',(-0.00703243618604382,0.,-0.00737777364204412));
#7814=CARTESIAN_POINT('',(-0.00710681987823206,0.,-0.00740937338851321));
#7815=CARTESIAN_POINT('',(-0.00718530925144081,0.,-0.00744087937909469));
#7816=CARTESIAN_POINT('',(-0.00726792798578413,0.,-0.00747214013268227));
#7817=CARTESIAN_POINT('',(-0.00735469983042294,0.,-0.00750300002831497));
#7818=CARTESIAN_POINT('',(-0.00744562664657005,0.,-0.00753331467641532));
#7819=CARTESIAN_POINT('',(-0.00754077268946363,0.,-0.00756289238866177));
#7820=CARTESIAN_POINT('',(-0.00761714649382602,0.,-0.00758509346501499));
#7821=CARTESIAN_POINT('',(-0.00766193162522682,0.,-0.00759729661459293));
#7822=CARTESIAN_POINT('',(-0.00767304226240349,0.,-0.00760029094438956));
#7823=CARTESIAN_POINT('',(-0.00701934950966304,0.,-0.00563282632975608));
#7824=CARTESIAN_POINT('',(-0.00716479042920036,0.,-0.00574932523630475));
#7825=CARTESIAN_POINT('',(-0.00732752438059943,0.,-0.00587967594817214));
#7826=CARTESIAN_POINT('',(-0.00733419649602137,0.,-0.00588571534518549));
#7827=CARTESIAN_POINT('',(-0.00734220712927763,0.,-0.00589275794949649));
#7828=CARTESIAN_POINT('',(-0.00735151669955506,0.,-0.00590140373840031));
#7829=CARTESIAN_POINT('',(-0.00736381524446563,0.,-0.00591322354015248));
#7830=CARTESIAN_POINT('',(-0.00737838563175519,0.,-0.00592782528675812));
#7831=CARTESIAN_POINT('',(-0.00739530871901897,0.,-0.00594546675122895));
#7832=CARTESIAN_POINT('',(-0.00741440933449286,0.,-0.00596619610966423));
#7833=CARTESIAN_POINT('',(-0.00743558719798558,0.,-0.00599012155978001));
#7834=CARTESIAN_POINT('',(-0.00745871586498042,0.,-0.00601732878205112));
#7835=CARTESIAN_POINT('',(-0.00748367307445644,0.,-0.00604790552712054));
#7836=CARTESIAN_POINT('',(-0.0075103318975311,0.,-0.00608193424810788));
#7837=CARTESIAN_POINT('',(-0.00753856343883539,0.,-0.00611949415219399));
#7838=CARTESIAN_POINT('',(-0.00756823617813201,0.,-0.00616066051432666));
#7839=CARTESIAN_POINT('',(-0.00759921628650847,0.,-0.00620550478658341));
#7840=CARTESIAN_POINT('',(-0.00763136766600654,0.,-0.00625409448321621));
#7841=CARTESIAN_POINT('',(-0.00766455207060351,0.,-0.00630649313350852));
#7842=CARTESIAN_POINT('',(-0.00769862920666801,0.,-0.00636276021840463));
#7843=CARTESIAN_POINT('',(-0.00773345684003164,0.,-0.00642295111728115));
#7844=CARTESIAN_POINT('',(-0.00776889090796289,0.,-0.00648711704734864));
#7845=CARTESIAN_POINT('',(-0.00780478561273206,0.,-0.00655530503968428));
#7846=CARTESIAN_POINT('',(-0.00784099359499677,0.,-0.00662755778814954));
#7847=CARTESIAN_POINT('',(-0.00787736580422402,0.,-0.00670391400299255));
#7848=CARTESIAN_POINT('',(-0.0079137525451075,0.,-0.00678440682917746));
#7849=CARTESIAN_POINT('',(-0.00794999999499083,0.,-0.00686906974052262));
#7850=CARTESIAN_POINT('',(-0.0079859641660829,0.,-0.00695791366086475));
#7851=CARTESIAN_POINT('',(-0.00802145778293506,0.,-0.00705101475485829));
#7852=CARTESIAN_POINT('',(-0.0080484106013898,0.,-0.00712584383584538));
#7853=CARTESIAN_POINT('',(-0.00806340175250743,0.,-0.00716977435191765));
#7854=CARTESIAN_POINT('',(-0.00806708781635883,0.,-0.00718067504926626));
#7855=CARTESIAN_POINT('',(-0.00725195662309166,0.,-0.00581924758493124));
#7856=CARTESIAN_POINT('',(-0.00744167669878675,0.,-0.00558289464602047));
#7857=CARTESIAN_POINT('',(-0.00719923971073572,0.,-0.00540101357037417));
#7858=CARTESIAN_POINT('',(3.9581147686223E-17,0.,2.52059959969576E-17));
#7859=CARTESIAN_POINT('',(0.00928742406077998,-0.008,-0.000445277037384434));
#7860=CARTESIAN_POINT('',(0.00928742406077998,-1.73472347597681E-18,-0.000445277037384434));
#7861=CARTESIAN_POINT('',(0.00936939678251798,-0.008,-0.000449220132944282));
#7862=CARTESIAN_POINT('',(0.00936939678251798,-1.73472347597681E-18,-0.000449220132944282));
#7863=CARTESIAN_POINT('',(0.00939889387116682,-0.008,-0.000450518408620138));
#7864=CARTESIAN_POINT('',(0.00939889387116682,-1.73472347597681E-18,-0.000450518408620138));
#7865=CARTESIAN_POINT('',(0.00946395660532923,-0.008,-0.000459708741626858));
#7866=CARTESIAN_POINT('',(0.00946395660532923,-1.73472347597681E-18,-0.000459708741626858));
#7867=CARTESIAN_POINT('',(0.00958339631062818,-0.008,-0.000484906960948861));
#7868=CARTESIAN_POINT('',(0.00958339631062818,0.,-0.000484906960948861));
#7869=CARTESIAN_POINT('',(0.00974799660165515,-0.008,-0.000534940896233616));
#7870=CARTESIAN_POINT('',(0.00974799660165515,-1.73472347597681E-18,-0.000534940896233616));
#7871=CARTESIAN_POINT('',(0.00999141143416853,-0.008,-0.00062744335115345));
#7872=CARTESIAN_POINT('',(0.00999141143416853,0.,-0.00062744335115345));
#7873=CARTESIAN_POINT('',(0.0103242883465497,-0.008,-0.000790180232224286));
#7874=CARTESIAN_POINT('',(0.0103242883465497,0.,-0.000790180232224286));
#7875=CARTESIAN_POINT('',(0.0106053523338449,-0.008,-0.000967142278725996));
#7876=CARTESIAN_POINT('',(0.0106053523338449,0.,-0.000967142278725996));
#7877=CARTESIAN_POINT('',(0.0107471060340126,-0.008,-0.00106757289853656));
#7878=CARTESIAN_POINT('',(0.0107471060340126,0.,-0.00106757289853656));
#7879=CARTESIAN_POINT('',(0.00928742406041232,-0.008,-0.000445277037366749));
#7880=CARTESIAN_POINT('',(0.00928742406077999,-0.008,0.000445277037384435));
#7881=CARTESIAN_POINT('',(0.00928742406077999,0.,0.000445277037384435));
#7882=CARTESIAN_POINT('',(0.00936939678251799,-0.008,0.000449220132944282));
#7883=CARTESIAN_POINT('',(0.00936939678251799,0.,0.000449220132944282));
#7884=CARTESIAN_POINT('',(0.00939889387116682,-0.008,0.000450518408620138));
#7885=CARTESIAN_POINT('',(0.00939889387116682,-1.73472347597681E-18,0.000450518408620138));
#7886=CARTESIAN_POINT('',(0.00946395660532923,-0.008,0.000459708741626858));
#7887=CARTESIAN_POINT('',(0.00946395660532923,1.73472347597681E-18,0.000459708741626858));
#7888=CARTESIAN_POINT('',(0.00958339631062818,-0.008,0.000484906960948862));
#7889=CARTESIAN_POINT('',(0.00958339631062818,-3.46944695195361E-18,0.000484906960948862));
#7890=CARTESIAN_POINT('',(0.00974799660165515,-0.008,0.000534940896233617));
#7891=CARTESIAN_POINT('',(0.00974799660165515,1.73472347597681E-18,0.000534940896233617));
#7892=CARTESIAN_POINT('',(0.00999141143416854,-0.008,0.000627443351153451));
#7893=CARTESIAN_POINT('',(0.00999141143416854,-3.46944695195361E-18,0.000627443351153451));
#7894=CARTESIAN_POINT('',(0.0103242883465497,-0.008,0.000790180232224286));
#7895=CARTESIAN_POINT('',(0.0103242883465497,0.,0.000790180232224286));
#7896=CARTESIAN_POINT('',(0.0106053523338449,-0.008,0.000967142278725995));
#7897=CARTESIAN_POINT('',(0.0106053523338449,-1.73472347597681E-18,0.000967142278725995));
#7898=CARTESIAN_POINT('',(0.0107471060340126,-0.008,0.00106757289853656));
#7899=CARTESIAN_POINT('',(0.0107471060340126,-1.73472347597681E-18,0.00106757289853656));
#7900=CARTESIAN_POINT('',(0.00928742406041232,0.,0.000445277037366749));
#7901=CARTESIAN_POINT('',(-4.68375338513738E-17,-0.008,2.87313575708659E-18));
#7902=CARTESIAN_POINT('',(0.00899894339666163,-0.008,0.000137904835593625));
#7903=CARTESIAN_POINT('',(0.00899894339666163,-0.008,-0.000137904835593625));
#7904=CARTESIAN_POINT('',(0.00930198605399597,-0.004,-0.000142548830560084));
#7905=CARTESIAN_POINT('',(0.00930198605399597,-0.004,0.000142548830560085));
#7906=CARTESIAN_POINT('',(0.00646542766258937,-0.008,-0.00668227225310381));
#7907=CARTESIAN_POINT('',(0.00646542766258937,0.,-0.00668227225310381));
#7908=CARTESIAN_POINT('',(0.00652248397038682,-0.008,-0.00674126083549271));
#7909=CARTESIAN_POINT('',(0.00652248397038682,0.,-0.00674126083549271));
#7910=CARTESIAN_POINT('',(0.00654309769175548,-0.008,-0.00676239938439803));
#7911=CARTESIAN_POINT('',(0.00654309769175548,-1.73472347597681E-18,-0.00676239938439803));
#7912=CARTESIAN_POINT('',(0.00658423516791187,-0.00799999999999999,-0.00681363735521017));
#7913=CARTESIAN_POINT('',(0.00658423516791187,5.20417042793042E-18,-0.00681363735521017));
#7914=CARTESIAN_POINT('',(0.00665405359783183,-0.008,-0.00691376817115817));
#7915=CARTESIAN_POINT('',(0.00665405359783183,-1.73472347597681E-18,-0.00691376817115817));
#7916=CARTESIAN_POINT('',(0.00673979146045752,-0.008,-0.00706291799314472));
#7917=CARTESIAN_POINT('',(0.00673979146045752,1.73472347597681E-18,-0.00706291799314472));
#7918=CARTESIAN_POINT('',(0.00685391094900215,-0.008,-0.00729697829987789));
#7919=CARTESIAN_POINT('',(0.00685391094900215,1.73472347597681E-18,-0.00729697829987789));
#7920=CARTESIAN_POINT('',(0.00698516671395601,-0.008,-0.00764347830770396));
#7921=CARTESIAN_POINT('',(0.00698516671395601,0.,-0.00764347830770396));
#7922=CARTESIAN_POINT('',(0.00706891468620026,-0.008,-0.00796487962693171));
#7923=CARTESIAN_POINT('',(0.00706891468620026,0.,-0.00796487962693171));
#7924=CARTESIAN_POINT('',(0.00710349919630544,-0.008,-0.00813512748321057));
#7925=CARTESIAN_POINT('',(0.00710349919630544,0.,-0.00813512748321057));
#7926=CARTESIAN_POINT('',(0.00646542766233345,-0.008,-0.00668227225283923));
#7927=CARTESIAN_POINT('',(0.0070750538771454,-0.008,-0.006033086271575));
#7928=CARTESIAN_POINT('',(0.0070750538771454,-1.73472347597681E-18,-0.006033086271575));
#7929=CARTESIAN_POINT('',(0.00713750865425064,-0.008,-0.00608632606804779));
#7930=CARTESIAN_POINT('',(0.00713750865425064,0.,-0.00608632606804779));
#7931=CARTESIAN_POINT('',(0.0071598998373325,-0.008,-0.00610557181247823));
#7932=CARTESIAN_POINT('',(0.0071598998373325,-3.46944695195361E-18,-0.00610557181247823));
#7933=CARTESIAN_POINT('',(0.00721361974521344,-0.008,-0.00614341085441547));
#7934=CARTESIAN_POINT('',(0.00721361974521344,0.,-0.00614341085441547));
#7935=CARTESIAN_POINT('',(0.00731793691135626,-0.008,-0.00620680424765821));
#7936=CARTESIAN_POINT('',(0.00731793691135626,0.,-0.00620680424765821));
#7937=CARTESIAN_POINT('',(0.00747217594517677,-0.008,-0.00628300773138672));
#7938=CARTESIAN_POINT('',(0.00747217594517677,-1.73472347597681E-18,-0.00628300773138672));
#7939=CARTESIAN_POINT('',(0.00771294000933471,-0.008,-0.00638220526292785));
#7940=CARTESIAN_POINT('',(0.00771294000933471,1.73472347597681E-18,-0.00638220526292785));
#7941=CARTESIAN_POINT('',(0.00806699789621843,-0.008,-0.00649144510910381));
#7942=CARTESIAN_POINT('',(0.00806699789621843,0.,-0.00649144510910381));
#7943=CARTESIAN_POINT('',(0.00839302358204652,-0.008,-0.0065548468680435));
#7944=CARTESIAN_POINT('',(0.00839302358204652,0.,-0.0065548468680435));
#7945=CARTESIAN_POINT('',(0.00856510707242765,-0.008,-0.00657867318217358));
#7946=CARTESIAN_POINT('',(0.00856510707242765,0.,-0.00657867318217358));
#7947=CARTESIAN_POINT('',(0.00707505387686527,0.,-0.00603308627133621));
#7948=CARTESIAN_POINT('',(-3.2176295995986E-17,-0.008,3.41569240760337E-17));
#7949=CARTESIAN_POINT('',(0.00665434977220659,-0.008,-0.00605967235988334));
#7950=CARTESIAN_POINT('',(0.00646554506000822,-0.008,-0.00626072895731826));
#7951=CARTESIAN_POINT('',(0.00668327461666113,-0.004,-0.00647156125800587));
#7952=CARTESIAN_POINT('',(0.00687843739548799,-0.004,-0.00626373400729805));
#7953=CARTESIAN_POINT('',(0.00460049083085008,-0.008,-0.00808022285831531));
#7954=CARTESIAN_POINT('',(0.00460049083085008,0.,-0.00808022285831531));
#7955=CARTESIAN_POINT('',(0.00464108474592055,-0.008,-0.00815154753266423));
#7956=CARTESIAN_POINT('',(0.00464108474592055,0.,-0.00815154753266423));
#7957=CARTESIAN_POINT('',(0.00465579390598434,-0.008,-0.00817714839922585));
#7958=CARTESIAN_POINT('',(0.00465579390598434,0.,-0.00817714839922585));
#7959=CARTESIAN_POINT('',(0.00468289660750092,-0.008,-0.00823700710926847));
#7960=CARTESIAN_POINT('',(0.00468289660750092,0.,-0.00823700710926847));
#7961=CARTESIAN_POINT('',(0.004725620041738,-0.008,-0.00835135526896459));
#7962=CARTESIAN_POINT('',(0.004725620041738,0.,-0.00835135526896459));
#7963=CARTESIAN_POINT('',(0.00477157223934792,-0.008,-0.00851714141440824));
#7964=CARTESIAN_POINT('',(0.00477157223934792,-1.73472347597681E-18,-0.00851714141440824));
#7965=CARTESIAN_POINT('',(0.0048238980230376,-0.008,-0.00877222864892806));
#7966=CARTESIAN_POINT('',(0.0048238980230376,-1.73472347597681E-18,-0.00877222864892806));
#7967=CARTESIAN_POINT('',(0.0048648590989241,-0.008,-0.00914048470321545));
#7968=CARTESIAN_POINT('',(0.0048648590989241,0.,-0.00914048470321545));
#7969=CARTESIAN_POINT('',(0.00486604671680512,-0.008,-0.00947261588275164));
#7970=CARTESIAN_POINT('',(0.00486604671680512,0.,-0.00947261588275164));
#7971=CARTESIAN_POINT('',(0.00485720577076087,-0.008,-0.00964611590747734));
#7972=CARTESIAN_POINT('',(0.00485720577076087,0.,-0.00964611590747734));
#7973=CARTESIAN_POINT('',(0.004600490830668,-0.008,-0.0080802228579954));
#7974=CARTESIAN_POINT('',(0.00535241050534705,-0.008,-0.00760304012267642));
#7975=CARTESIAN_POINT('',(0.00535241050534705,0.,-0.00760304012267642));
#7976=CARTESIAN_POINT('',(0.00539966295180572,-0.008,-0.00767013916451309));
#7977=CARTESIAN_POINT('',(0.00539966295180572,0.,-0.00767013916451309));
#7978=CARTESIAN_POINT('',(0.00541656445268577,-0.008,-0.00769434872928592));
#7979=CARTESIAN_POINT('',(0.00541656445268577,-3.46944695195361E-18,-0.00769434872928592));
#7980=CARTESIAN_POINT('',(0.00545918646380682,-0.008,-0.00774435858596898));
#7981=CARTESIAN_POINT('',(0.00545918646380682,1.73472347597681E-18,-0.00774435858596898));
#7982=CARTESIAN_POINT('',(0.00554446101853688,-0.008,-0.00783170298346813));
#7983=CARTESIAN_POINT('',(0.00554446101853688,0.,-0.00783170298346813));
#7984=CARTESIAN_POINT('',(0.00567490331371415,-0.008,-0.00794387008254414));
#7985=CARTESIAN_POINT('',(0.00567490331371415,-1.73472347597681E-18,-0.00794387008254414));
#7986=CARTESIAN_POINT('',(0.00588343390913645,-0.008,-0.00809982672916918));
#7987=CARTESIAN_POINT('',(0.00588343390913645,3.46944695195361E-18,-0.00809982672916918));
#7988=CARTESIAN_POINT('',(0.00619920157141738,-0.008,-0.00829368522063842));
#7989=CARTESIAN_POINT('',(0.00619920157141738,0.,-0.00829368522063842));
#7990=CARTESIAN_POINT('',(0.00649921718452913,-0.008,-0.00843617438775485));
#7991=CARTESIAN_POINT('',(0.00649921718452913,0.,-0.00843617438775485));
#7992=CARTESIAN_POINT('',(0.00665996899224796,-0.008,-0.00850204757821877));
#7993=CARTESIAN_POINT('',(0.00665996899224796,0.,-0.00850204757821877));
#7994=CARTESIAN_POINT('',(0.00535241050513511,0.,-0.00760304012237547));
#7995=CARTESIAN_POINT('',(-2.26709368948353E-17,-0.008,4.10857409166201E-17));
#7996=CARTESIAN_POINT('',(0.00493831190218407,-0.008,-0.00752416610374513));
#7997=CARTESIAN_POINT('',(0.00470543809467715,-0.008,-0.00767195231588161));
#7998=CARTESIAN_POINT('',(0.00486389541586245,-0.004,-0.00793030807102611));
#7999=CARTESIAN_POINT('',(0.00510461133264152,-0.004,-0.00777754510501208));
#8000=CARTESIAN_POINT('',(0.00792411789610853,-0.008,-0.00486444990655155));
#8001=CARTESIAN_POINT('',(0.00792411789610853,0.,-0.00486444990655155));
#8002=CARTESIAN_POINT('',(0.00799405153897562,-0.008,-0.00490739592740409));
#8003=CARTESIAN_POINT('',(0.00799405153897562,0.,-0.00490739592740409));
#8004=CARTESIAN_POINT('',(0.0080192745857236,-0.008,-0.00492274394588327));
#8005=CARTESIAN_POINT('',(0.0080192745857236,-1.73472347597681E-18,-0.00492274394588327));
#8006=CARTESIAN_POINT('',(0.00807186201759983,-0.008,-0.00496214170731873));
#8007=CARTESIAN_POINT('',(0.00807186201759983,3.46944695195361E-18,-0.00496214170731873));
#8008=CARTESIAN_POINT('',(0.00816438849447658,-0.008,-0.00504176359209721));
#8009=CARTESIAN_POINT('',(0.00816438849447658,-3.46944695195361E-18,-0.00504176359209721));
#8010=CARTESIAN_POINT('',(0.00828452479688748,-0.008,-0.00516490545877657));
#8011=CARTESIAN_POINT('',(0.00828452479688748,3.46944695195361E-18,-0.00516490545877657));
#8012=CARTESIAN_POINT('',(0.00845326744311966,-0.008,-0.00536323196783745));
#8013=CARTESIAN_POINT('',(0.00845326744311966,-3.46944695195361E-18,-0.00536323196783745));
#8014=CARTESIAN_POINT('',(0.00866657061470397,-0.008,-0.00566620405937265));
#8015=CARTESIAN_POINT('',(0.00866657061470397,-1.73472347597681E-18,-0.00566620405937265));
#8016=CARTESIAN_POINT('',(0.00882761674821167,-0.008,-0.00595668069137333));
#8017=CARTESIAN_POINT('',(0.00882761674821167,0.,-0.00595668069137333));
#8018=CARTESIAN_POINT('',(0.00890345364250356,-0.008,-0.00611297908026767));
#8019=CARTESIAN_POINT('',(0.00890345364250356,0.,-0.00611297908026767));
#8020=CARTESIAN_POINT('',(0.00792411789579486,-0.008,-0.00486444990635893));
#8021=CARTESIAN_POINT('',(0.00835314559361469,-0.008,-0.00408405142189131));
#8022=CARTESIAN_POINT('',(0.00835314559361469,0.,-0.00408405142189131));
#8023=CARTESIAN_POINT('',(0.00842687843802836,-0.008,-0.00412008672078556));
#8024=CARTESIAN_POINT('',(0.00842687843802836,0.,-0.00412008672078556));
#8025=CARTESIAN_POINT('',(0.00845335238293003,-0.008,-0.00413315936397015));
#8026=CARTESIAN_POINT('',(0.00845335238293003,-3.46944695195361E-18,-0.00413315936397015));
#8027=CARTESIAN_POINT('',(0.00851479476819066,-0.00799999999999999,-0.00415645002499438));
#8028=CARTESIAN_POINT('',(0.00851479476819066,5.20417042793042E-18,-0.00415645002499438));
#8029=CARTESIAN_POINT('',(0.00863159991454581,-0.008,-0.0041919091739387));
#8030=CARTESIAN_POINT('',(0.00863159991454581,-3.46944695195361E-18,-0.0041919091739387));
#8031=CARTESIAN_POINT('',(0.0087999442812631,-0.008,-0.00422736089718023));
#8032=CARTESIAN_POINT('',(0.0087999442812631,-1.73472347597681E-18,-0.00422736089718023));
#8033=CARTESIAN_POINT('',(0.00905781372253739,-0.008,-0.0042635663679077));
#8034=CARTESIAN_POINT('',(0.00905781372253739,1.73472347597681E-18,-0.0042635663679077));
#8035=CARTESIAN_POINT('',(0.00942791507485711,-0.008,-0.00428132362749912));
#8036=CARTESIAN_POINT('',(0.00942791507485711,0.,-0.00428132362749912));
#8037=CARTESIAN_POINT('',(0.00975946544052245,-0.008,-0.0042616542125725));
#8038=CARTESIAN_POINT('',(0.00975946544052245,0.,-0.0042616542125725));
#8039=CARTESIAN_POINT('',(0.00993206797498637,-0.008,-0.00424193655542492));
#8040=CARTESIAN_POINT('',(0.00993206797498637,0.,-0.00424193655542492));
#8041=CARTESIAN_POINT('',(0.00835314559328398,0.,-0.00408405142172969));
#8042=CARTESIAN_POINT('',(-3.96599000835699E-17,-0.008,2.50819020753706E-17));
#8043=CARTESIAN_POINT('',(0.00795227037305482,-0.008,-0.00421442711573407));
#8044=CARTESIAN_POINT('',(0.00781939805060758,-0.008,-0.00445612097301615));
#8045=CARTESIAN_POINT('',(0.00808271909393031,-0.004,-0.00460618245040772));
#8046=CARTESIAN_POINT('',(0.00822006593965276,-0.004,-0.00435634946550323));
#8047=CARTESIAN_POINT('',(0.00888490665934815,-0.008,-0.00274097628217534));
#8048=CARTESIAN_POINT('',(0.00888490665934815,0.,-0.00274097628217534));
#8049=CARTESIAN_POINT('',(0.0089633234493056,-0.008,-0.00276518128505695));
#8050=CARTESIAN_POINT('',(0.0089633234493056,0.,-0.00276518128505695));
#8051=CARTESIAN_POINT('',(0.00899157096464185,-0.008,-0.00277377440066285));
#8052=CARTESIAN_POINT('',(0.00899157096464185,-1.73472347597681E-18,-0.00277377440066285));
#8053=CARTESIAN_POINT('',(0.00905230409049009,-0.00799999999999999,-0.00279885644647581));
#8054=CARTESIAN_POINT('',(0.00905230409049009,5.20417042793042E-18,-0.00279885644647581));
#8055=CARTESIAN_POINT('',(0.00916172483549288,-0.008,-0.00285296646423533));
#8056=CARTESIAN_POINT('',(0.00916172483549288,0.,-0.00285296646423533));
#8057=CARTESIAN_POINT('',(0.0093087109719781,-0.008,-0.00294236291923994));
#8058=CARTESIAN_POINT('',(0.0093087109719781,-1.73472347597681E-18,-0.00294236291923994));
#8059=CARTESIAN_POINT('',(0.00952147405484301,-0.008,-0.00309249404667036));
#8060=CARTESIAN_POINT('',(0.00952147405484301,3.46944695195361E-18,-0.00309249404667036));
#8061=CARTESIAN_POINT('',(0.00980342201031277,-0.008,-0.00333290137115001));
#8062=CARTESIAN_POINT('',(0.00980342201031277,0.,-0.00333290137115001));
#8063=CARTESIAN_POINT('',(0.0100316471842299,-0.008,-0.00357420160083703));
#8064=CARTESIAN_POINT('',(0.0100316471842299,0.,-0.00357420160083703));
#8065=CARTESIAN_POINT('',(0.0101439713517312,-0.008,-0.00370672971974712));
#8066=CARTESIAN_POINT('',(0.0101439713517312,0.,-0.00370672971974712));
#8067=CARTESIAN_POINT('',(0.00888490665899643,-0.008,-0.00274097628206677));
#8068=CARTESIAN_POINT('',(0.00910637845171663,-0.008,-0.00187840060127972));
#8069=CARTESIAN_POINT('',(0.00910637845171663,0.,-0.00187840060127972));
#8070=CARTESIAN_POINT('',(0.00918675645765379,-0.008,-0.00189496717223735));
#8071=CARTESIAN_POINT('',(0.00918675645765379,0.,-0.00189496717223735));
#8072=CARTESIAN_POINT('',(0.00921564970905271,-0.008,-0.00190104531192699));
#8073=CARTESIAN_POINT('',(0.00921564970905271,-3.46944695195361E-18,-0.00190104531192699));
#8074=CARTESIAN_POINT('',(0.00928095392065784,-0.008,-0.001908324154149));
#8075=CARTESIAN_POINT('',(0.00928095392065784,3.46944695195361E-18,-0.001908324154149));
#8076=CARTESIAN_POINT('',(0.00940290775030053,-0.008,-0.00191362103005708));
#8077=CARTESIAN_POINT('',(0.00940290775030053,0.,-0.00191362103005708));
#8078=CARTESIAN_POINT('',(0.00957477975422651,-0.008,-0.00190609343065806));
#8079=CARTESIAN_POINT('',(0.00957477975422651,-1.73472347597681E-18,-0.00190609343065806));
#8080=CARTESIAN_POINT('',(0.0098335516872444,-0.008,-0.00187703191769166));
#8081=CARTESIAN_POINT('',(0.0098335516872444,1.73472347597681E-18,-0.00187703191769166));
#8082=CARTESIAN_POINT('',(0.0101964416758963,-0.008,-0.0018021908367717));
#8083=CARTESIAN_POINT('',(0.0101964416758963,-1.73472347597681E-18,-0.0018021908367717));
#8084=CARTESIAN_POINT('',(0.0105126841925673,-0.008,-0.00170068614965789));
#8085=CARTESIAN_POINT('',(0.0105126841925673,-1.73472347597681E-18,-0.00170068614965789));
#8086=CARTESIAN_POINT('',(0.0106749605190858,-0.008,-0.00163866345414753));
#8087=CARTESIAN_POINT('',(0.0106749605190858,-1.73472347597681E-18,-0.00163866345414753));
#8088=CARTESIAN_POINT('',(0.00910637845135611,0.,-0.00187840060120542));
#8089=CARTESIAN_POINT('',(-4.46515267899937E-17,-0.008,1.44308919225288E-17));
#8090=CARTESIAN_POINT('',(0.00875052057995941,-0.008,-0.0021043739163245));
#8091=CARTESIAN_POINT('',(0.00868192950395288,-0.008,-0.00237151851951289));
#8092=CARTESIAN_POINT('',(0.00897429660436639,-0.004,-0.00245138025909638));
#8093=CARTESIAN_POINT('',(0.00904519750954133,-0.004,-0.00217523946525823));
#8094=CARTESIAN_POINT('',(0.00244648824078673,-0.008,-0.00897046334435792));
#8095=CARTESIAN_POINT('',(0.00244648824078673,0.,-0.00897046334435792));
#8096=CARTESIAN_POINT('',(0.00246806909815237,-0.008,-0.00904964251906373));
#8097=CARTESIAN_POINT('',(0.00246806909815237,0.,-0.00904964251906373));
#8098=CARTESIAN_POINT('',(0.00247594946628798,-0.008,-0.00907809710668217));
#8099=CARTESIAN_POINT('',(0.00247594946628798,-1.73472347597681E-18,-0.00907809710668217));
#8100=CARTESIAN_POINT('',(0.0024873144307517,-0.008,-0.00914281541305834));
#8101=CARTESIAN_POINT('',(0.0024873144307517,3.46944695195361E-18,-0.00914281541305834));
#8102=CARTESIAN_POINT('',(0.00250025839880699,-0.008,-0.00926419600108577));
#8103=CARTESIAN_POINT('',(0.00250025839880699,-3.46944695195361E-18,-0.00926419600108577));
#8104=CARTESIAN_POINT('',(0.00250353758582492,-0.008,-0.0094362015167495));
#8105=CARTESIAN_POINT('',(0.00250353758582492,-1.73472347597681E-18,-0.0094362015167495));
#8106=CARTESIAN_POINT('',(0.00249078184322969,-0.008,-0.00969628760996587));
#8107=CARTESIAN_POINT('',(0.00249078184322969,0.,-0.00969628760996587));
#8108=CARTESIAN_POINT('',(0.00243887449500655,-0.008,-0.0100631608284727));
#8109=CARTESIAN_POINT('',(0.00243887449500655,-1.73472347597681E-18,-0.0100631608284727));
#8110=CARTESIAN_POINT('',(0.00235742713612522,-0.008,-0.010385152844814));
#8111=CARTESIAN_POINT('',(0.00235742713612522,0.,-0.010385152844814));
#8112=CARTESIAN_POINT('',(0.00230571624308614,-0.008,-0.0105510033933446));
#8113=CARTESIAN_POINT('',(0.00230571624308614,0.,-0.0105510033933446));
#8114=CARTESIAN_POINT('',(0.00244648824068994,-0.008,-0.00897046334400278));
#8115=CARTESIAN_POINT('',(0.00329345549670887,-0.008,-0.00869526700084449));
#8116=CARTESIAN_POINT('',(0.00329345549670887,0.,-0.00869526700084449));
#8117=CARTESIAN_POINT('',(0.00332253656752764,-0.008,-0.00877200920847342));
#8118=CARTESIAN_POINT('',(0.00332253656752764,0.,-0.00877200920847342));
#8119=CARTESIAN_POINT('',(0.00333288640274619,-0.008,-0.00879966141759742));
#8120=CARTESIAN_POINT('',(0.00333288640274619,-3.46944695195361E-18,-0.00879966141759742));
#8121=CARTESIAN_POINT('',(0.00336173241939583,-0.008,-0.0088586997858075));
#8122=CARTESIAN_POINT('',(0.00336173241939583,3.46944695195361E-18,-0.0088586997858075));
#8123=CARTESIAN_POINT('',(0.00342260624882158,-0.008,-0.00896450701783796));
#8124=CARTESIAN_POINT('',(0.00342260624882158,-1.73472347597681E-18,-0.00896450701783796));
#8125=CARTESIAN_POINT('',(0.00352105563621643,-0.008,-0.00910558986090479));
#8126=CARTESIAN_POINT('',(0.00352105563621643,0.,-0.00910558986090479));
#8127=CARTESIAN_POINT('',(0.0036842500186708,-0.008,-0.0093085062929379));
#8128=CARTESIAN_POINT('',(0.0036842500186708,-1.73472347597681E-18,-0.0093085062929379));
#8129=CARTESIAN_POINT('',(0.0039418866128156,-0.008,-0.00957480258771981));
#8130=CARTESIAN_POINT('',(0.0039418866128156,-1.73472347597681E-18,-0.00957480258771981));
#8131=CARTESIAN_POINT('',(0.00419704106885901,-0.008,-0.00978742604460428));
#8132=CARTESIAN_POINT('',(0.00419704106885901,-1.73472347597681E-18,-0.00978742604460428));
#8133=CARTESIAN_POINT('',(0.00433636056663274,-0.008,-0.00989120705658074));
#8134=CARTESIAN_POINT('',(0.00433636056663274,-1.73472347597681E-18,-0.00989120705658074));
#8135=CARTESIAN_POINT('',(0.00329345549657843,0.,-0.00869526700050028));
#8136=CARTESIAN_POINT('',(-1.17410794507086E-17,-0.008,4.543298955263E-17));
#8137=CARTESIAN_POINT('',(0.00291198173350659,-0.008,-0.00851588881936137));
#8138=CARTESIAN_POINT('',(0.00264967114846673,-0.008,-0.0086011186949712));
#8139=CARTESIAN_POINT('',(0.00273889977792909,-0.004,-0.00889076446231085));
#8140=CARTESIAN_POINT('',(0.00301004376631793,-0.004,-0.00880266443996818));
#8141=CARTESIAN_POINT('',(0.000138763797000404,-0.008,-0.00929705662741811));
#8142=CARTESIAN_POINT('',(0.000138763797000404,0.,-0.00929705662741811));
#8143=CARTESIAN_POINT('',(0.000139975592024089,-0.008,-0.0093791151837334));
#8144=CARTESIAN_POINT('',(0.000139975592024089,0.,-0.0093791151837334));
#8145=CARTESIAN_POINT('',(0.00014053201571958,-0.008,-0.00940863558601993));
#8146=CARTESIAN_POINT('',(0.00014053201571958,-1.73472347597681E-18,-0.00940863558601993));
#8147=CARTESIAN_POINT('',(0.000135445140615772,-0.008,-0.00947414699952277));
#8148=CARTESIAN_POINT('',(0.000135445140615772,3.46944695195361E-18,-0.00947414699952277));
#8149=CARTESIAN_POINT('',(0.000117796325371764,-0.008,-0.00959493322712917));
#8150=CARTESIAN_POINT('',(0.000117796325371764,-1.73472347597681E-18,-0.00959493322712917));
#8151=CARTESIAN_POINT('',(7.81964584173879E-5,-0.008,-0.00976235037387178));
#8152=CARTESIAN_POINT('',(7.81964584173879E-5,1.73472347597681E-18,-0.00976235037387178));
#8153=CARTESIAN_POINT('',(1.16067975681622E-6,-0.008,-0.0100110931600182));
#8154=CARTESIAN_POINT('',(1.16067975681622E-6,1.73472347597681E-18,-0.0100110931600182));
#8155=CARTESIAN_POINT('',(-0.000140353562985185,-0.008,-0.0103535315491603));
#8156=CARTESIAN_POINT('',(-0.000140353562985185,0.,-0.0103535315491603));
#8157=CARTESIAN_POINT('',(-0.000299318261528057,-0.008,-0.0106451524597164));
#8158=CARTESIAN_POINT('',(-0.000299318261528057,0.,-0.0106451524597164));
#8159=CARTESIAN_POINT('',(-0.000390649915972854,-0.008,-0.0107929325321319));
#8160=CARTESIAN_POINT('',(-0.000390649915972854,0.,-0.0107929325321319));
#8161=CARTESIAN_POINT('',(0.000138763796994968,-0.008,-0.00929705662705005));
#8162=CARTESIAN_POINT('',(0.00102756056673044,-0.008,-0.00924113827439443));
#8163=CARTESIAN_POINT('',(0.00102756056673044,0.,-0.00924113827439443));
#8164=CARTESIAN_POINT('',(0.00103664299127708,-0.008,-0.0093227016526722));
#8165=CARTESIAN_POINT('',(0.00103664299127708,0.,-0.0093227016526722));
#8166=CARTESIAN_POINT('',(0.00103979084262331,-0.008,-0.00935205901615037));
#8167=CARTESIAN_POINT('',(0.00103979084262331,0.,-0.00935205901615037));
#8168=CARTESIAN_POINT('',(0.00105304836348723,-0.008,-0.00941641629808495));
#8169=CARTESIAN_POINT('',(0.00105304836348723,0.,-0.00941641629808495));
#8170=CARTESIAN_POINT('',(0.00108569654102754,-0.008,-0.00953403810712645));
#8171=CARTESIAN_POINT('',(0.00108569654102754,0.,-0.00953403810712645));
#8172=CARTESIAN_POINT('',(0.00114596708355844,-0.008,-0.00969517194028782));
#8173=CARTESIAN_POINT('',(0.00114596708355844,-1.73472347597681E-18,-0.00969517194028782));
#8174=CARTESIAN_POINT('',(0.00125357114980832,-0.008,-0.00993229817202988));
#8175=CARTESIAN_POINT('',(0.00125357114980832,1.73472347597681E-18,-0.00993229817202988));
#8176=CARTESIAN_POINT('',(0.00143688842108579,-0.008,-0.010254299894554));
#8177=CARTESIAN_POINT('',(0.00143688842108579,1.73472347597681E-18,-0.010254299894554));
#8178=CARTESIAN_POINT('',(0.00163114942719511,-0.008,-0.0105236977274363));
#8179=CARTESIAN_POINT('',(0.00163114942719511,-1.73472347597681E-18,-0.0105236977274363));
#8180=CARTESIAN_POINT('',(0.00174028265859741,-0.008,-0.0106588656182628));
#8181=CARTESIAN_POINT('',(0.00174028265859741,-1.73472347597681E-18,-0.0106588656182628));
#8182=CARTESIAN_POINT('',(0.00102756056668971,0.,-0.00924113827402859));
#8183=CARTESIAN_POINT('',(-7.34868040241672E-20,-0.008,4.69255163642007E-17));
#8184=CARTESIAN_POINT('',(0.000702681042993216,-0.008,-0.00897252692120888));
#8185=CARTESIAN_POINT('',(0.000427415619189326,-0.008,-0.00898984515375393));
#8186=CARTESIAN_POINT('',(0.000441808993979681,-0.004,-0.00929258142448417));
#8187=CARTESIAN_POINT('',(0.000726344079989995,-0.004,-0.00927467999422585));
#8188=CARTESIAN_POINT('',(-0.00217767968648901,-0.008,-0.00903948165039512));
#8189=CARTESIAN_POINT('',(-0.00217767968648901,0.,-0.00903948165039512));
#8190=CARTESIAN_POINT('',(-0.00219691309534529,-0.008,-0.00911926354743634));
#8191=CARTESIAN_POINT('',(-0.00219691309534529,0.,-0.00911926354743634));
#8192=CARTESIAN_POINT('',(-0.00220371557823709,-0.008,-0.00914799488894687));
#8193=CARTESIAN_POINT('',(-0.00220371557823709,0.,-0.00914799488894687));
#8194=CARTESIAN_POINT('',(-0.00222493466583744,-0.008,-0.00921018308653187));
#8195=CARTESIAN_POINT('',(-0.00222493466583744,1.73472347597681E-18,-0.00921018308653187));
#8196=CARTESIAN_POINT('',(-0.00227206732441115,-0.008,-0.00932278551081605));
#8197=CARTESIAN_POINT('',(-0.00227206732441115,0.,-0.00932278551081605));
#8198=CARTESIAN_POINT('',(-0.00235205804005898,-0.008,-0.00947509485359053));
#8199=CARTESIAN_POINT('',(-0.00235205804005898,-1.73472347597681E-18,-0.00947509485359053));
#8200=CARTESIAN_POINT('',(-0.00248853341349386,-0.008,-0.00969686490860137));
#8201=CARTESIAN_POINT('',(-0.00248853341349386,1.73472347597681E-18,-0.00969686490860137));
#8202=CARTESIAN_POINT('',(-0.00271076269043028,-0.008,-0.0099933518049888));
#8203=CARTESIAN_POINT('',(-0.00271076269043028,0.,-0.0099933518049888));
#8204=CARTESIAN_POINT('',(-0.00293725639199395,-0.008,-0.0102362779954423));
#8205=CARTESIAN_POINT('',(-0.00293725639199395,0.,-0.0102362779954423));
#8206=CARTESIAN_POINT('',(-0.00306247010410139,-0.008,-0.0103567020262961));
#8207=CARTESIAN_POINT('',(-0.00306247010410139,0.,-0.0103567020262961));
#8208=CARTESIAN_POINT('',(-0.00217767968640275,-0.008,-0.00903948165003727));
#8209=CARTESIAN_POINT('',(-0.00130289977275907,-0.008,-0.00920635484363498));
#8210=CARTESIAN_POINT('',(-0.00130289977275907,0.,-0.00920635484363498));
#8211=CARTESIAN_POINT('',(-0.00131438667662166,-0.008,-0.00928761446553529));
#8212=CARTESIAN_POINT('',(-0.00131438667662166,0.,-0.00928761446553529));
#8213=CARTESIAN_POINT('',(-0.00131863860022481,-0.008,-0.00931683235225149));
#8214=CARTESIAN_POINT('',(-0.00131863860022481,-1.73472347597681E-18,-0.00931683235225149));
#8215=CARTESIAN_POINT('',(-0.00132180259394025,-0.00799999999999999,-0.00938246474319705));
#8216=CARTESIAN_POINT('',(-0.00132180259394025,5.20417042793042E-18,-0.00938246474319705));
#8217=CARTESIAN_POINT('',(-0.00131943147335183,-0.008,-0.00950451051840478));
#8218=CARTESIAN_POINT('',(-0.00131943147335183,-1.73472347597681E-18,-0.00950451051840478));
#8219=CARTESIAN_POINT('',(-0.00130112679553166,-0.008,-0.00967557071031437));
#8220=CARTESIAN_POINT('',(-0.00130112679553166,-1.73472347597681E-18,-0.00967557071031437));
#8221=CARTESIAN_POINT('',(-0.00125587420470882,-0.008,-0.00993200722853577));
#8222=CARTESIAN_POINT('',(-0.00125587420470882,1.73472347597681E-18,-0.00993200722853577));
#8223=CARTESIAN_POINT('',(-0.00115839475464683,-0.008,-0.0102894818263365));
#8224=CARTESIAN_POINT('',(-0.00115839475464683,0.,-0.0102894818263365));
#8225=CARTESIAN_POINT('',(-0.00103723333192737,-0.008,-0.0105987267786005));
#8226=CARTESIAN_POINT('',(-0.00103723333192737,0.,-0.0105987267786005));
#8227=CARTESIAN_POINT('',(-0.000965143609189523,-0.008,-0.0107567884525838));
#8228=CARTESIAN_POINT('',(-0.000965143609189523,0.,-0.0107567884525838));
#8229=CARTESIAN_POINT('',(-0.00130289977270755,0.,-0.00920635484327051));
#8230=CARTESIAN_POINT('',(1.15987232888227E-17,-0.008,4.54695404026317E-17));
#8231=CARTESIAN_POINT('',(-0.00155077168173153,-0.008,-0.0088653881579511));
#8232=CARTESIAN_POINT('',(-0.00182169600536643,-0.008,-0.00881370657918858));
#8233=CARTESIAN_POINT('',(-0.0018830422739213,-0.004,-0.0091105113200333));
#8234=CARTESIAN_POINT('',(-0.00160299447619039,-0.004,-0.00916393329455932));
#8235=CARTESIAN_POINT('',(-0.00435729154633067,-0.008,-0.00821392279638981));
#8236=CARTESIAN_POINT('',(-0.00435729154633067,0.,-0.00821392279638981));
#8237=CARTESIAN_POINT('',(-0.00439576165325294,-0.008,-0.00828641504414857));
#8238=CARTESIAN_POINT('',(-0.00439576165325294,0.,-0.00828641504414857));
#8239=CARTESIAN_POINT('',(-0.00440949561771415,-0.008,-0.00831255202902951));
#8240=CARTESIAN_POINT('',(-0.00440949561771415,-1.73472347597681E-18,-0.00831255202902951));
#8241=CARTESIAN_POINT('',(-0.00444551364449875,-0.008,-0.0083675094975302));
#8242=CARTESIAN_POINT('',(-0.00444551364449875,3.46944695195361E-18,-0.0083675094975302));
#8243=CARTESIAN_POINT('',(-0.00451916862812221,-0.008,-0.00846485289405165));
#8244=CARTESIAN_POINT('',(-0.00451916862812221,1.73472347597681E-18,-0.00846485289405165));
#8245=CARTESIAN_POINT('',(-0.00463452408161406,-0.008,-0.00859248427669688));
#8246=CARTESIAN_POINT('',(-0.00463452408161406,-1.73472347597681E-18,-0.00859248427669688));
#8247=CARTESIAN_POINT('',(-0.00482186380018902,-0.008,-0.00877334697240266));
#8248=CARTESIAN_POINT('',(-0.00482186380018902,1.73472347597681E-18,-0.00877334697240266));
#8249=CARTESIAN_POINT('',(-0.00511084462854784,-0.008,-0.0090052530139327));
#8250=CARTESIAN_POINT('',(-0.00511084462854784,0.,-0.0090052530139327));
#8251=CARTESIAN_POINT('',(-0.00539063590087748,-0.008,-0.00918422053831788));
#8252=CARTESIAN_POINT('',(-0.00539063590087748,0.,-0.00918422053831788));
#8253=CARTESIAN_POINT('',(-0.00554186403261204,-0.008,-0.00926972184286244));
#8254=CARTESIAN_POINT('',(-0.00554186403261204,0.,-0.00926972184286244));
#8255=CARTESIAN_POINT('',(-0.00435729154615812,-0.008,-0.00821392279606466));
#8256=CARTESIAN_POINT('',(-0.00355149412779595,-0.008,-0.00859310227944529));
#8257=CARTESIAN_POINT('',(-0.00355149412779595,0.,-0.00859310227944529));
#8258=CARTESIAN_POINT('',(-0.0035828285956522,-0.008,-0.00866895230407214));
#8259=CARTESIAN_POINT('',(-0.0035828285956522,0.,-0.00866895230407214));
#8260=CARTESIAN_POINT('',(-0.00359421313020726,-0.008,-0.00869619484674812));
#8261=CARTESIAN_POINT('',(-0.00359421313020726,0.,-0.00869619484674812));
#8262=CARTESIAN_POINT('',(-0.00361359983314057,-0.008,-0.00875897842220251));
#8263=CARTESIAN_POINT('',(-0.00361359983314057,1.73472347597681E-18,-0.00875897842220251));
#8264=CARTESIAN_POINT('',(-0.00364165475573098,-0.008,-0.00887777957866721));
#8265=CARTESIAN_POINT('',(-0.00364165475573098,0.,-0.00887777957866721));
#8266=CARTESIAN_POINT('',(-0.00366646609284887,-0.008,-0.00904801778835194));
#8267=CARTESIAN_POINT('',(-0.00366646609284887,0.,-0.00904801778835194));
#8268=CARTESIAN_POINT('',(-0.00368640836416186,-0.008,-0.00930765174350533));
#8269=CARTESIAN_POINT('',(-0.00368640836416186,0.,-0.00930765174350533));
#8270=CARTESIAN_POINT('',(-0.00368089172766705,-0.008,-0.00967813777290304));
#8271=CARTESIAN_POINT('',(-0.00368089172766705,0.,-0.00967813777290304));
#8272=CARTESIAN_POINT('',(-0.00364044290612756,-0.008,-0.0100077988468751));
#8273=CARTESIAN_POINT('',(-0.00364044290612756,0.,-0.0100077988468751));
#8274=CARTESIAN_POINT('',(-0.00360992635446116,-0.008,-0.0101788227077284));
#8275=CARTESIAN_POINT('',(-0.00360992635446116,0.,-0.0101788227077284));
#8276=CARTESIAN_POINT('',(-0.00355149412765541,0.,-0.00859310227910508));
#8277=CARTESIAN_POINT('',(2.25421429403124E-17,-0.008,4.11565459922934E-17));
#8278=CARTESIAN_POINT('',(-0.00370678371835378,-0.008,-0.00820120445211235));
#8279=CARTESIAN_POINT('',(-0.00395634377017576,-0.008,-0.00808377040570744));
#8280=CARTESIAN_POINT('',(-0.00408957507040675,-0.004,-0.0083559942832279));
#8281=CARTESIAN_POINT('',(-0.00383161099403043,-0.004,-0.0084773829634065));
#8282=CARTESIAN_POINT('',(0.00707505387714539,-0.008,0.00603308627157501));
#8283=CARTESIAN_POINT('',(0.00707505387714539,0.,0.00603308627157501));
#8284=CARTESIAN_POINT('',(0.00713750865425063,-0.008,0.0060863260680478));
#8285=CARTESIAN_POINT('',(0.00713750865425063,0.,0.0060863260680478));
#8286=CARTESIAN_POINT('',(0.00715989983733251,-0.008,0.00610557181247824));
#8287=CARTESIAN_POINT('',(0.00715989983733251,-1.73472347597681E-18,0.00610557181247824));
#8288=CARTESIAN_POINT('',(0.00721361974521343,-0.00799999999999999,0.00614341085441546));
#8289=CARTESIAN_POINT('',(0.00721361974521343,5.20417042793042E-18,0.00614341085441546));
#8290=CARTESIAN_POINT('',(0.00731793691135627,-0.008,0.00620680424765822));
#8291=CARTESIAN_POINT('',(0.00731793691135627,-1.73472347597681E-18,0.00620680424765822));
#8292=CARTESIAN_POINT('',(0.00747217594517676,-0.008,0.00628300773138673));
#8293=CARTESIAN_POINT('',(0.00747217594517676,1.73472347597681E-18,0.00628300773138673));
#8294=CARTESIAN_POINT('',(0.00771294000933473,-0.008,0.00638220526292784));
#8295=CARTESIAN_POINT('',(0.00771294000933473,1.73472347597681E-18,0.00638220526292784));
#8296=CARTESIAN_POINT('',(0.00806699789621835,-0.008,0.00649144510910389));
#8297=CARTESIAN_POINT('',(0.00806699789621835,0.,0.00649144510910389));
#8298=CARTESIAN_POINT('',(0.00839302358204666,-0.008,0.00655484686804335));
#8299=CARTESIAN_POINT('',(0.00839302358204666,0.,0.00655484686804335));
#8300=CARTESIAN_POINT('',(0.00856510707242764,-0.008,0.00657867318217359));
#8301=CARTESIAN_POINT('',(0.00856510707242764,0.,0.00657867318217359));
#8302=CARTESIAN_POINT('',(0.00707505387686527,-0.008,0.00603308627133621));
#8303=CARTESIAN_POINT('',(0.00646542766258937,-0.008,0.00668227225310382));
#8304=CARTESIAN_POINT('',(0.00646542766258937,0.,0.00668227225310382));
#8305=CARTESIAN_POINT('',(0.00652248397038682,-0.008,0.00674126083549271));
#8306=CARTESIAN_POINT('',(0.00652248397038682,0.,0.00674126083549271));
#8307=CARTESIAN_POINT('',(0.00654309769175548,-0.008,0.00676239938439804));
#8308=CARTESIAN_POINT('',(0.00654309769175548,1.73472347597681E-18,0.00676239938439804));
#8309=CARTESIAN_POINT('',(0.00658423516791186,-0.008,0.00681363735521017));
#8310=CARTESIAN_POINT('',(0.00658423516791186,1.73472347597681E-18,0.00681363735521017));
#8311=CARTESIAN_POINT('',(0.00665405359783183,-0.008,0.00691376817115818));
#8312=CARTESIAN_POINT('',(0.00665405359783183,1.73472347597681E-18,0.00691376817115818));
#8313=CARTESIAN_POINT('',(0.00673979146045753,-0.008,0.00706291799314473));
#8314=CARTESIAN_POINT('',(0.00673979146045753,-1.73472347597681E-18,0.00706291799314473));
#8315=CARTESIAN_POINT('',(0.00685391094900212,-0.008,0.00729697829987789));
#8316=CARTESIAN_POINT('',(0.00685391094900212,3.46944695195361E-18,0.00729697829987789));
#8317=CARTESIAN_POINT('',(0.00698516671395609,-0.008,0.00764347830770396));
#8318=CARTESIAN_POINT('',(0.00698516671395609,0.,0.00764347830770396));
#8319=CARTESIAN_POINT('',(0.00706891468620012,-0.008,0.0079648796269317));
#8320=CARTESIAN_POINT('',(0.00706891468620012,0.,0.0079648796269317));
#8321=CARTESIAN_POINT('',(0.00710349919630544,-0.008,0.00813512748321057));
#8322=CARTESIAN_POINT('',(0.00710349919630544,0.,0.00813512748321057));
#8323=CARTESIAN_POINT('',(0.00646542766233346,0.,0.00668227225283924));
#8324=CARTESIAN_POINT('',(-3.61098895308937E-17,-0.008,-2.99680724175561E-17));
#8325=CARTESIAN_POINT('',(0.00646554506000822,-0.008,0.00626072895731826));
#8326=CARTESIAN_POINT('',(0.00665434977220659,-0.008,0.00605967235988334));
#8327=CARTESIAN_POINT('',(0.00687843739548798,-0.004,0.00626373400729805));
#8328=CARTESIAN_POINT('',(0.00668327461666113,-0.004,0.00647156125800588));
#8329=CARTESIAN_POINT('',(0.00535241050534704,-0.008,0.00760304012267642));
#8330=CARTESIAN_POINT('',(0.00535241050534704,0.,0.00760304012267642));
#8331=CARTESIAN_POINT('',(0.00539966295180572,-0.008,0.00767013916451309));
#8332=CARTESIAN_POINT('',(0.00539966295180572,0.,0.00767013916451309));
#8333=CARTESIAN_POINT('',(0.00541656445268577,-0.008,0.00769434872928592));
#8334=CARTESIAN_POINT('',(0.00541656445268577,0.,0.00769434872928592));
#8335=CARTESIAN_POINT('',(0.00545918646380681,-0.008,0.00774435858596898));
#8336=CARTESIAN_POINT('',(0.00545918646380681,-1.73472347597681E-18,0.00774435858596898));
#8337=CARTESIAN_POINT('',(0.00554446101853688,-0.008,0.00783170298346812));
#8338=CARTESIAN_POINT('',(0.00554446101853688,1.73472347597681E-18,0.00783170298346812));
#8339=CARTESIAN_POINT('',(0.00567490331371415,-0.008,0.00794387008254414));
#8340=CARTESIAN_POINT('',(0.00567490331371415,-1.73472347597681E-18,0.00794387008254414));
#8341=CARTESIAN_POINT('',(0.00588343390913644,-0.008,0.00809982672916918));
#8342=CARTESIAN_POINT('',(0.00588343390913644,3.46944695195361E-18,0.00809982672916918));
#8343=CARTESIAN_POINT('',(0.00619920157141738,-0.008,0.00829368522063844));
#8344=CARTESIAN_POINT('',(0.00619920157141738,-1.73472347597681E-18,0.00829368522063844));
#8345=CARTESIAN_POINT('',(0.00649921718452914,-0.008,0.00843617438775485));
#8346=CARTESIAN_POINT('',(0.00649921718452914,-1.73472347597681E-18,0.00843617438775485));
#8347=CARTESIAN_POINT('',(0.00665996899224796,-0.008,0.00850204757821877));
#8348=CARTESIAN_POINT('',(0.00665996899224796,-1.73472347597681E-18,0.00850204757821877));
#8349=CARTESIAN_POINT('',(0.0053524105051351,-0.008,0.00760304012237546));
#8350=CARTESIAN_POINT('',(0.00460049083085008,-0.008,0.00808022285831532));
#8351=CARTESIAN_POINT('',(0.00460049083085008,0.,0.00808022285831532));
#8352=CARTESIAN_POINT('',(0.00464108474592055,-0.008,0.00815154753266424));
#8353=CARTESIAN_POINT('',(0.00464108474592055,0.,0.00815154753266424));
#8354=CARTESIAN_POINT('',(0.00465579390598434,-0.008,0.00817714839922585));
#8355=CARTESIAN_POINT('',(0.00465579390598434,0.,0.00817714839922585));
#8356=CARTESIAN_POINT('',(0.00468289660750091,-0.008,0.00823700710926847));
#8357=CARTESIAN_POINT('',(0.00468289660750091,1.73472347597681E-18,0.00823700710926847));
#8358=CARTESIAN_POINT('',(0.004725620041738,-0.008,0.0083513552689646));
#8359=CARTESIAN_POINT('',(0.004725620041738,0.,0.0083513552689646));
#8360=CARTESIAN_POINT('',(0.00477157223934791,-0.008,0.00851714141440824));
#8361=CARTESIAN_POINT('',(0.00477157223934791,-1.73472347597681E-18,0.00851714141440824));
#8362=CARTESIAN_POINT('',(0.00482389802303759,-0.008,0.00877222864892806));
#8363=CARTESIAN_POINT('',(0.00482389802303759,0.,0.00877222864892806));
#8364=CARTESIAN_POINT('',(0.00486485909892417,-0.008,0.00914048470321545));
#8365=CARTESIAN_POINT('',(0.00486485909892417,-1.73472347597681E-18,0.00914048470321545));
#8366=CARTESIAN_POINT('',(0.00486604671680498,-0.008,0.00947261588275165));
#8367=CARTESIAN_POINT('',(0.00486604671680498,-1.73472347597681E-18,0.00947261588275165));
#8368=CARTESIAN_POINT('',(0.00485720577076087,-0.008,0.00964611590747734));
#8369=CARTESIAN_POINT('',(0.00485720577076087,-1.73472347597681E-18,0.00964611590747734));
#8370=CARTESIAN_POINT('',(0.004600490830668,0.,0.00808022285799541));
#8371=CARTESIAN_POINT('',(-2.75226744017684E-17,-0.008,-3.80067346681016E-17));
#8372=CARTESIAN_POINT('',(0.00470543809467714,-0.008,0.00767195231588161));
#8373=CARTESIAN_POINT('',(0.00493831190218407,-0.008,0.00752416610374513));
#8374=CARTESIAN_POINT('',(0.00510461133264152,-0.004,0.00777754510501208));
#8375=CARTESIAN_POINT('',(0.00486389541586245,-0.004,0.00793030807102611));
#8376=CARTESIAN_POINT('',(0.00835314559361469,-0.008,0.00408405142189131));
#8377=CARTESIAN_POINT('',(0.00835314559361469,0.,0.00408405142189131));
#8378=CARTESIAN_POINT('',(0.00842687843802836,-0.008,0.00412008672078556));
#8379=CARTESIAN_POINT('',(0.00842687843802836,0.,0.00412008672078556));
#8380=CARTESIAN_POINT('',(0.00845335238293003,-0.008,0.00413315936397015));
#8381=CARTESIAN_POINT('',(0.00845335238293003,-3.46944695195361E-18,0.00413315936397015));
#8382=CARTESIAN_POINT('',(0.00851479476819066,-0.00799999999999999,0.00415645002499438));
#8383=CARTESIAN_POINT('',(0.00851479476819066,5.20417042793042E-18,0.00415645002499438));
#8384=CARTESIAN_POINT('',(0.00863159991454581,-0.008,0.0041919091739387));
#8385=CARTESIAN_POINT('',(0.00863159991454581,-3.46944695195361E-18,0.0041919091739387));
#8386=CARTESIAN_POINT('',(0.0087999442812631,-0.008,0.00422736089718023));
#8387=CARTESIAN_POINT('',(0.0087999442812631,-1.73472347597681E-18,0.00422736089718023));
#8388=CARTESIAN_POINT('',(0.00905781372253739,-0.008,0.0042635663679077));
#8389=CARTESIAN_POINT('',(0.00905781372253739,1.73472347597681E-18,0.0042635663679077));
#8390=CARTESIAN_POINT('',(0.00942791507485711,-0.008,0.00428132362749912));
#8391=CARTESIAN_POINT('',(0.00942791507485711,0.,0.00428132362749912));
#8392=CARTESIAN_POINT('',(0.00975946544052245,-0.008,0.0042616542125725));
#8393=CARTESIAN_POINT('',(0.00975946544052245,0.,0.0042616542125725));
#8394=CARTESIAN_POINT('',(0.00993206797498637,-0.008,0.00424193655542492));
#8395=CARTESIAN_POINT('',(0.00993206797498637,0.,0.00424193655542492));
#8396=CARTESIAN_POINT('',(0.00835314559328398,-0.008,0.00408405142172969));
#8397=CARTESIAN_POINT('',(0.00792411789610854,-0.008,0.00486444990655156));
#8398=CARTESIAN_POINT('',(0.00792411789610854,0.,0.00486444990655156));
#8399=CARTESIAN_POINT('',(0.00799405153897563,-0.008,0.0049073959274041));
#8400=CARTESIAN_POINT('',(0.00799405153897563,0.,0.0049073959274041));
#8401=CARTESIAN_POINT('',(0.0080192745857236,-0.008,0.00492274394588326));
#8402=CARTESIAN_POINT('',(0.0080192745857236,-1.73472347597681E-18,0.00492274394588326));
#8403=CARTESIAN_POINT('',(0.00807186201759983,-0.008,0.00496214170731873));
#8404=CARTESIAN_POINT('',(0.00807186201759983,0.,0.00496214170731873));
#8405=CARTESIAN_POINT('',(0.00816438849447658,-0.008,0.00504176359209721));
#8406=CARTESIAN_POINT('',(0.00816438849447658,0.,0.00504176359209721));
#8407=CARTESIAN_POINT('',(0.00828452479688749,-0.008,0.00516490545877658));
#8408=CARTESIAN_POINT('',(0.00828452479688749,0.,0.00516490545877658));
#8409=CARTESIAN_POINT('',(0.00845326744311965,-0.008,0.00536323196783745));
#8410=CARTESIAN_POINT('',(0.00845326744311965,-1.73472347597681E-18,0.00536323196783745));
#8411=CARTESIAN_POINT('',(0.00866657061470396,-0.008,0.00566620405937265));
#8412=CARTESIAN_POINT('',(0.00866657061470396,-1.73472347597681E-18,0.00566620405937265));
#8413=CARTESIAN_POINT('',(0.00882761674821167,-0.008,0.00595668069137333));
#8414=CARTESIAN_POINT('',(0.00882761674821167,-1.73472347597681E-18,0.00595668069137333));
#8415=CARTESIAN_POINT('',(0.00890345364250356,-0.008,0.00611297908026767));
#8416=CARTESIAN_POINT('',(0.00890345364250356,-1.73472347597681E-18,0.00611297908026767));
#8417=CARTESIAN_POINT('',(0.00792411789579486,0.,0.00486444990635893));
#8418=CARTESIAN_POINT('',(-4.24281874979089E-17,-0.008,-2.00464059621549E-17));
#8419=CARTESIAN_POINT('',(0.00781939805060758,-0.008,0.00445612097301615));
#8420=CARTESIAN_POINT('',(0.00795227037305482,-0.008,0.00421442711573407));
#8421=CARTESIAN_POINT('',(0.00822006593965275,-0.004,0.00435634946550323));
#8422=CARTESIAN_POINT('',(0.00808271909393031,-0.004,0.00460618245040772));
#8423=CARTESIAN_POINT('',(0.00910637845171663,-0.008,0.00187840060127973));
#8424=CARTESIAN_POINT('',(0.00910637845171663,-1.73472347597681E-18,0.00187840060127973));
#8425=CARTESIAN_POINT('',(0.0091867564576538,-0.008,0.00189496717223736));
#8426=CARTESIAN_POINT('',(0.0091867564576538,-1.73472347597681E-18,0.00189496717223736));
#8427=CARTESIAN_POINT('',(0.00921564970905271,-0.008,0.00190104531192699));
#8428=CARTESIAN_POINT('',(0.00921564970905271,-3.46944695195361E-18,0.00190104531192699));
#8429=CARTESIAN_POINT('',(0.00928095392065784,-0.008,0.001908324154149));
#8430=CARTESIAN_POINT('',(0.00928095392065784,3.46944695195361E-18,0.001908324154149));
#8431=CARTESIAN_POINT('',(0.00940290775030054,-0.008,0.00191362103005708));
#8432=CARTESIAN_POINT('',(0.00940290775030054,0.,0.00191362103005708));
#8433=CARTESIAN_POINT('',(0.00957477975422651,-0.008,0.00190609343065807));
#8434=CARTESIAN_POINT('',(0.00957477975422651,0.,0.00190609343065807));
#8435=CARTESIAN_POINT('',(0.0098335516872444,-0.008,0.00187703191769165));
#8436=CARTESIAN_POINT('',(0.0098335516872444,1.73472347597681E-18,0.00187703191769165));
#8437=CARTESIAN_POINT('',(0.0101964416758963,-0.008,0.00180219083677174));
#8438=CARTESIAN_POINT('',(0.0101964416758963,0.,0.00180219083677174));
#8439=CARTESIAN_POINT('',(0.0105126841925673,-0.008,0.00170068614965782));
#8440=CARTESIAN_POINT('',(0.0105126841925673,0.,0.00170068614965782));
#8441=CARTESIAN_POINT('',(0.0106749605190858,-0.008,0.00163866345414753));
#8442=CARTESIAN_POINT('',(0.0106749605190858,0.,0.00163866345414753));
#8443=CARTESIAN_POINT('',(0.00910637845135611,-0.008,0.00187840060120542));
#8444=CARTESIAN_POINT('',(0.00888490665934815,-0.008,0.00274097628217534));
#8445=CARTESIAN_POINT('',(0.00888490665934815,0.,0.00274097628217534));
#8446=CARTESIAN_POINT('',(0.0089633234493056,-0.008,0.00276518128505695));
#8447=CARTESIAN_POINT('',(0.0089633234493056,0.,0.00276518128505695));
#8448=CARTESIAN_POINT('',(0.00899157096464185,-0.008,0.00277377440066286));
#8449=CARTESIAN_POINT('',(0.00899157096464185,-3.46944695195361E-18,0.00277377440066286));
#8450=CARTESIAN_POINT('',(0.00905230409049009,-0.008,0.00279885644647581));
#8451=CARTESIAN_POINT('',(0.00905230409049009,1.73472347597681E-18,0.00279885644647581));
#8452=CARTESIAN_POINT('',(0.00916172483549288,-0.008,0.00285296646423534));
#8453=CARTESIAN_POINT('',(0.00916172483549288,-1.73472347597681E-18,0.00285296646423534));
#8454=CARTESIAN_POINT('',(0.0093087109719781,-0.008,0.00294236291923995));
#8455=CARTESIAN_POINT('',(0.0093087109719781,1.73472347597681E-18,0.00294236291923995));
#8456=CARTESIAN_POINT('',(0.00952147405484301,-0.008,0.00309249404667036));
#8457=CARTESIAN_POINT('',(0.00952147405484301,1.73472347597681E-18,0.00309249404667036));
#8458=CARTESIAN_POINT('',(0.00980342201031276,-0.008,0.00333290137115001));
#8459=CARTESIAN_POINT('',(0.00980342201031276,0.,0.00333290137115001));
#8460=CARTESIAN_POINT('',(0.0100316471842299,-0.008,0.00357420160083703));
#8461=CARTESIAN_POINT('',(0.0100316471842299,0.,0.00357420160083703));
#8462=CARTESIAN_POINT('',(0.0101439713517312,-0.008,0.00370672971974712));
#8463=CARTESIAN_POINT('',(0.0101439713517312,0.,0.00370672971974712));
#8464=CARTESIAN_POINT('',(0.00888490665899644,0.,0.00274097628206678));
#8465=CARTESIAN_POINT('',(-4.60805664044721E-17,-0.008,-8.86515009462759E-18));
#8466=CARTESIAN_POINT('',(0.00868192950395287,-0.008,0.00237151851951289));
#8467=CARTESIAN_POINT('',(0.00875052057995941,-0.008,0.0021043739163245));
#8468=CARTESIAN_POINT('',(0.00904519750954133,-0.004,0.00217523946525823));
#8469=CARTESIAN_POINT('',(0.00897429660436639,-0.004,0.00245138025909639));
#8470=CARTESIAN_POINT('',(0.00329345549670887,-0.008,0.00869526700084449));
#8471=CARTESIAN_POINT('',(0.00329345549670887,0.,0.00869526700084449));
#8472=CARTESIAN_POINT('',(0.00332253656752765,-0.008,0.00877200920847342));
#8473=CARTESIAN_POINT('',(0.00332253656752765,0.,0.00877200920847342));
#8474=CARTESIAN_POINT('',(0.00333288640274619,-0.008,0.00879966141759741));
#8475=CARTESIAN_POINT('',(0.00333288640274619,-1.73472347597681E-18,0.00879966141759741));
#8476=CARTESIAN_POINT('',(0.00336173241939584,-0.008,0.00885869978580751));
#8477=CARTESIAN_POINT('',(0.00336173241939584,-1.73472347597681E-18,0.00885869978580751));
#8478=CARTESIAN_POINT('',(0.00342260624882157,-0.008,0.00896450701783796));
#8479=CARTESIAN_POINT('',(0.00342260624882157,0.,0.00896450701783796));
#8480=CARTESIAN_POINT('',(0.00352105563621643,-0.008,0.00910558986090479));
#8481=CARTESIAN_POINT('',(0.00352105563621643,-1.73472347597681E-18,0.00910558986090479));
#8482=CARTESIAN_POINT('',(0.00368425001867079,-0.008,0.0093085062929379));
#8483=CARTESIAN_POINT('',(0.00368425001867079,1.73472347597681E-18,0.0093085062929379));
#8484=CARTESIAN_POINT('',(0.00394188661281564,-0.008,0.00957480258771981));
#8485=CARTESIAN_POINT('',(0.00394188661281564,-1.73472347597681E-18,0.00957480258771981));
#8486=CARTESIAN_POINT('',(0.00419704106885893,-0.008,0.00978742604460428));
#8487=CARTESIAN_POINT('',(0.00419704106885893,-1.73472347597681E-18,0.00978742604460428));
#8488=CARTESIAN_POINT('',(0.00433636056663274,-0.008,0.00989120705658074));
#8489=CARTESIAN_POINT('',(0.00433636056663274,-1.73472347597681E-18,0.00989120705658074));
#8490=CARTESIAN_POINT('',(0.00329345549657843,-0.008,0.00869526700050028));
#8491=CARTESIAN_POINT('',(0.00244648824078674,-0.008,0.00897046334435792));
#8492=CARTESIAN_POINT('',(0.00244648824078674,0.,0.00897046334435792));
#8493=CARTESIAN_POINT('',(0.00246806909815238,-0.008,0.00904964251906373));
#8494=CARTESIAN_POINT('',(0.00246806909815238,0.,0.00904964251906373));
#8495=CARTESIAN_POINT('',(0.00247594946628798,-0.008,0.00907809710668216));
#8496=CARTESIAN_POINT('',(0.00247594946628798,0.,0.00907809710668216));
#8497=CARTESIAN_POINT('',(0.0024873144307517,-0.008,0.00914281541305835));
#8498=CARTESIAN_POINT('',(0.0024873144307517,0.,0.00914281541305835));
#8499=CARTESIAN_POINT('',(0.00250025839880698,-0.008,0.00926419600108577));
#8500=CARTESIAN_POINT('',(0.00250025839880698,0.,0.00926419600108577));
#8501=CARTESIAN_POINT('',(0.00250353758582493,-0.008,0.0094362015167495));
#8502=CARTESIAN_POINT('',(0.00250353758582493,-1.73472347597681E-18,0.0094362015167495));
#8503=CARTESIAN_POINT('',(0.00249078184322968,-0.008,0.00969628760996587));
#8504=CARTESIAN_POINT('',(0.00249078184322968,-1.73472347597681E-18,0.00969628760996587));
#8505=CARTESIAN_POINT('',(0.00243887449500658,-0.008,0.0100631608284727));
#8506=CARTESIAN_POINT('',(0.00243887449500658,1.73472347597681E-18,0.0100631608284727));
#8507=CARTESIAN_POINT('',(0.00235742713612515,-0.008,0.010385152844814));
#8508=CARTESIAN_POINT('',(0.00235742713612515,-1.73472347597681E-18,0.010385152844814));
#8509=CARTESIAN_POINT('',(0.00230571624308614,-0.008,0.0105510033933446));
#8510=CARTESIAN_POINT('',(0.00230571624308614,-1.73472347597681E-18,0.0105510033933446));
#8511=CARTESIAN_POINT('',(0.00244648824068994,0.,0.00897046334400279));
#8512=CARTESIAN_POINT('',(-1.72061084186642E-17,-0.008,-4.36572940004578E-17));
#8513=CARTESIAN_POINT('',(0.00264967114846673,-0.008,0.0086011186949712));
#8514=CARTESIAN_POINT('',(0.00291198173350659,-0.008,0.00851588881936137));
#8515=CARTESIAN_POINT('',(0.00301004376631793,-0.004,0.00880266443996817));
#8516=CARTESIAN_POINT('',(0.00273889977792909,-0.004,0.00889076446231085));
#8517=CARTESIAN_POINT('',(0.00102756056673044,-0.008,0.00924113827439443));
#8518=CARTESIAN_POINT('',(0.00102756056673044,0.,0.00924113827439443));
#8519=CARTESIAN_POINT('',(0.00103664299127708,-0.008,0.0093227016526722));
#8520=CARTESIAN_POINT('',(0.00103664299127708,0.,0.0093227016526722));
#8521=CARTESIAN_POINT('',(0.00103979084262331,-0.008,0.00935205901615037));
#8522=CARTESIAN_POINT('',(0.00103979084262331,0.,0.00935205901615037));
#8523=CARTESIAN_POINT('',(0.00105304836348723,-0.008,0.00941641629808495));
#8524=CARTESIAN_POINT('',(0.00105304836348723,1.73472347597681E-18,0.00941641629808495));
#8525=CARTESIAN_POINT('',(0.00108569654102754,-0.008,0.00953403810712645));
#8526=CARTESIAN_POINT('',(0.00108569654102754,0.,0.00953403810712645));
#8527=CARTESIAN_POINT('',(0.00114596708355843,-0.008,0.00969517194028783));
#8528=CARTESIAN_POINT('',(0.00114596708355843,-1.73472347597681E-18,0.00969517194028783));
#8529=CARTESIAN_POINT('',(0.00125357114980831,-0.008,0.00993229817202988));
#8530=CARTESIAN_POINT('',(0.00125357114980831,1.73472347597681E-18,0.00993229817202988));
#8531=CARTESIAN_POINT('',(0.00143688842108579,-0.008,0.010254299894554));
#8532=CARTESIAN_POINT('',(0.00143688842108579,0.,0.010254299894554));
#8533=CARTESIAN_POINT('',(0.0016311494271951,-0.008,0.0105236977274363));
#8534=CARTESIAN_POINT('',(0.0016311494271951,0.,0.0105236977274363));
#8535=CARTESIAN_POINT('',(0.0017402826585974,-0.008,0.0106588656182628));
#8536=CARTESIAN_POINT('',(0.0017402826585974,0.,0.0106588656182628));
#8537=CARTESIAN_POINT('',(0.0010275605666897,-0.008,0.00924113827402859));
#8538=CARTESIAN_POINT('',(0.0001387637970004,-0.008,0.00929705662741811));
#8539=CARTESIAN_POINT('',(0.0001387637970004,0.,0.00929705662741811));
#8540=CARTESIAN_POINT('',(0.000139975592024086,-0.008,0.0093791151837334));
#8541=CARTESIAN_POINT('',(0.000139975592024086,0.,0.0093791151837334));
#8542=CARTESIAN_POINT('',(0.000140532015719576,-0.008,0.00940863558601993));
#8543=CARTESIAN_POINT('',(0.000140532015719576,-1.73472347597681E-18,0.00940863558601993));
#8544=CARTESIAN_POINT('',(0.000135445140615768,-0.008,0.00947414699952277));
#8545=CARTESIAN_POINT('',(0.000135445140615768,3.46944695195361E-18,0.00947414699952277));
#8546=CARTESIAN_POINT('',(0.00011779632537176,-0.008,0.00959493322712917));
#8547=CARTESIAN_POINT('',(0.00011779632537176,-1.73472347597681E-18,0.00959493322712917));
#8548=CARTESIAN_POINT('',(7.8196458417384E-5,-0.008,0.00976235037387178));
#8549=CARTESIAN_POINT('',(7.8196458417384E-5,1.73472347597681E-18,0.00976235037387178));
#8550=CARTESIAN_POINT('',(1.16067975681206E-6,-0.008,0.0100110931600182));
#8551=CARTESIAN_POINT('',(1.16067975681206E-6,1.73472347597681E-18,0.0100110931600182));
#8552=CARTESIAN_POINT('',(-0.00014035356298519,-0.008,0.0103535315491603));
#8553=CARTESIAN_POINT('',(-0.00014035356298519,0.,0.0103535315491603));
#8554=CARTESIAN_POINT('',(-0.000299318261528061,-0.008,0.0106451524597164));
#8555=CARTESIAN_POINT('',(-0.000299318261528061,0.,0.0106451524597164));
#8556=CARTESIAN_POINT('',(-0.000390649915972859,-0.008,0.0107929325321319));
#8557=CARTESIAN_POINT('',(-0.000390649915972859,0.,0.0107929325321319));
#8558=CARTESIAN_POINT('',(0.000138763796994965,0.,0.00929705662705006));
#8559=CARTESIAN_POINT('',(-5.80841936397497E-18,-0.008,-4.65647049904693E-17));
#8560=CARTESIAN_POINT('',(0.000427415619189323,-0.008,0.00898984515375393));
#8561=CARTESIAN_POINT('',(0.000702681042993212,-0.008,0.00897252692120888));
#8562=CARTESIAN_POINT('',(0.000726344079989991,-0.004,0.00927467999422584));
#8563=CARTESIAN_POINT('',(0.000441808993979677,-0.004,0.00929258142448417));
#8564=CARTESIAN_POINT('',(-0.00130289977275907,-0.008,0.00920635484363498));
#8565=CARTESIAN_POINT('',(-0.00130289977275907,0.,0.00920635484363498));
#8566=CARTESIAN_POINT('',(-0.00131438667662166,-0.008,0.00928761446553529));
#8567=CARTESIAN_POINT('',(-0.00131438667662166,0.,0.00928761446553529));
#8568=CARTESIAN_POINT('',(-0.00131863860022481,-0.008,0.00931683235225149));
#8569=CARTESIAN_POINT('',(-0.00131863860022481,-1.73472347597681E-18,0.00931683235225149));
#8570=CARTESIAN_POINT('',(-0.00132180259394025,-0.00799999999999999,0.00938246474319705));
#8571=CARTESIAN_POINT('',(-0.00132180259394025,5.20417042793042E-18,0.00938246474319705));
#8572=CARTESIAN_POINT('',(-0.00131943147335183,-0.008,0.00950451051840478));
#8573=CARTESIAN_POINT('',(-0.00131943147335183,0.,0.00950451051840478));
#8574=CARTESIAN_POINT('',(-0.00130112679553166,-0.008,0.00967557071031437));
#8575=CARTESIAN_POINT('',(-0.00130112679553166,-1.73472347597681E-18,0.00967557071031437));
#8576=CARTESIAN_POINT('',(-0.00125587420470882,-0.008,0.00993200722853577));
#8577=CARTESIAN_POINT('',(-0.00125587420470882,3.46944695195361E-18,0.00993200722853577));
#8578=CARTESIAN_POINT('',(-0.00115839475464682,-0.008,0.0102894818263365));
#8579=CARTESIAN_POINT('',(-0.00115839475464682,0.,0.0102894818263365));
#8580=CARTESIAN_POINT('',(-0.00103723333192739,-0.008,0.0105987267786005));
#8581=CARTESIAN_POINT('',(-0.00103723333192739,0.,0.0105987267786005));
#8582=CARTESIAN_POINT('',(-0.000965143609189522,-0.008,0.0107567884525838));
#8583=CARTESIAN_POINT('',(-0.000965143609189522,0.,0.0107567884525838));
#8584=CARTESIAN_POINT('',(-0.00130289977270755,-0.008,0.00920635484327051));
#8585=CARTESIAN_POINT('',(-0.00217767968648902,-0.008,0.00903948165039512));
#8586=CARTESIAN_POINT('',(-0.00217767968648902,-1.73472347597681E-18,0.00903948165039512));
#8587=CARTESIAN_POINT('',(-0.00219691309534529,-0.008,0.00911926354743634));
#8588=CARTESIAN_POINT('',(-0.00219691309534529,0.,0.00911926354743634));
#8589=CARTESIAN_POINT('',(-0.00220371557823709,-0.008,0.00914799488894687));
#8590=CARTESIAN_POINT('',(-0.00220371557823709,-3.46944695195361E-18,0.00914799488894687));
#8591=CARTESIAN_POINT('',(-0.00222493466583744,-0.008,0.00921018308653187));
#8592=CARTESIAN_POINT('',(-0.00222493466583744,0.,0.00921018308653187));
#8593=CARTESIAN_POINT('',(-0.00227206732441115,-0.008,0.00932278551081605));
#8594=CARTESIAN_POINT('',(-0.00227206732441115,0.,0.00932278551081605));
#8595=CARTESIAN_POINT('',(-0.00235205804005898,-0.008,0.00947509485359053));
#8596=CARTESIAN_POINT('',(-0.00235205804005898,-1.73472347597681E-18,0.00947509485359053));
#8597=CARTESIAN_POINT('',(-0.00248853341349386,-0.008,0.00969686490860137));
#8598=CARTESIAN_POINT('',(-0.00248853341349386,1.73472347597681E-18,0.00969686490860137));
#8599=CARTESIAN_POINT('',(-0.00271076269043028,-0.008,0.00999335180498879));
#8600=CARTESIAN_POINT('',(-0.00271076269043028,0.,0.00999335180498879));
#8601=CARTESIAN_POINT('',(-0.00293725639199395,-0.008,0.0102362779954423));
#8602=CARTESIAN_POINT('',(-0.00293725639199395,0.,0.0102362779954423));
#8603=CARTESIAN_POINT('',(-0.00306247010410139,-0.008,0.0103567020262961));
#8604=CARTESIAN_POINT('',(-0.00306247010410139,0.,0.0103567020262961));
#8605=CARTESIAN_POINT('',(-0.00217767968640275,0.,0.00903948165003728));
#8606=CARTESIAN_POINT('',(5.95423404122492E-18,-0.008,-4.6546284312924E-17));
#8607=CARTESIAN_POINT('',(-0.00182169600536643,-0.008,0.00881370657918858));
#8608=CARTESIAN_POINT('',(-0.00155077168173153,-0.008,0.0088653881579511));
#8609=CARTESIAN_POINT('',(-0.00160299447619039,-0.004,0.00916393329455931));
#8610=CARTESIAN_POINT('',(-0.0018830422739213,-0.004,0.0091105113200333));
#8611=CARTESIAN_POINT('',(-0.00355149412779596,-0.008,0.00859310227944529));
#8612=CARTESIAN_POINT('',(-0.00355149412779596,0.,0.00859310227944529));
#8613=CARTESIAN_POINT('',(-0.00358282859565221,-0.008,0.00866895230407214));
#8614=CARTESIAN_POINT('',(-0.00358282859565221,0.,0.00866895230407214));
#8615=CARTESIAN_POINT('',(-0.00359421313020727,-0.008,0.00869619484674812));
#8616=CARTESIAN_POINT('',(-0.00359421313020727,-1.73472347597681E-18,0.00869619484674812));
#8617=CARTESIAN_POINT('',(-0.00361359983314058,-0.008,0.00875897842220251));
#8618=CARTESIAN_POINT('',(-0.00361359983314058,3.46944695195361E-18,0.00875897842220251));
#8619=CARTESIAN_POINT('',(-0.00364165475573099,-0.008,0.00887777957866721));
#8620=CARTESIAN_POINT('',(-0.00364165475573099,-1.73472347597681E-18,0.00887777957866721));
#8621=CARTESIAN_POINT('',(-0.00366646609284887,-0.008,0.00904801778835194));
#8622=CARTESIAN_POINT('',(-0.00366646609284887,1.73472347597681E-18,0.00904801778835194));
#8623=CARTESIAN_POINT('',(-0.00368640836416186,-0.008,0.00930765174350532));
#8624=CARTESIAN_POINT('',(-0.00368640836416186,1.73472347597681E-18,0.00930765174350532));
#8625=CARTESIAN_POINT('',(-0.00368089172766709,-0.008,0.00967813777290302));
#8626=CARTESIAN_POINT('',(-0.00368089172766709,0.,0.00967813777290302));
#8627=CARTESIAN_POINT('',(-0.0036404429061275,-0.008,0.0100077988468751));
#8628=CARTESIAN_POINT('',(-0.0036404429061275,0.,0.0100077988468751));
#8629=CARTESIAN_POINT('',(-0.00360992635446117,-0.008,0.0101788227077284));
#8630=CARTESIAN_POINT('',(-0.00360992635446117,0.,0.0101788227077284));
#8631=CARTESIAN_POINT('',(-0.00355149412765541,-0.008,0.00859310227910508));
#8632=CARTESIAN_POINT('',(-0.00435729154633067,-0.008,0.00821392279638981));
#8633=CARTESIAN_POINT('',(-0.00435729154633067,-1.73472347597681E-18,0.00821392279638981));
#8634=CARTESIAN_POINT('',(-0.00439576165325295,-0.008,0.00828641504414857));
#8635=CARTESIAN_POINT('',(-0.00439576165325295,0.,0.00828641504414857));
#8636=CARTESIAN_POINT('',(-0.00440949561771415,-0.008,0.0083125520290295));
#8637=CARTESIAN_POINT('',(-0.00440949561771415,-3.46944695195361E-18,0.0083125520290295));
#8638=CARTESIAN_POINT('',(-0.00444551364449876,-0.008,0.00836750949753021));
#8639=CARTESIAN_POINT('',(-0.00444551364449876,0.,0.00836750949753021));
#8640=CARTESIAN_POINT('',(-0.00451916862812221,-0.008,0.00846485289405165));
#8641=CARTESIAN_POINT('',(-0.00451916862812221,-1.73472347597681E-18,0.00846485289405165));
#8642=CARTESIAN_POINT('',(-0.00463452408161406,-0.008,0.00859248427669687));
#8643=CARTESIAN_POINT('',(-0.00463452408161406,0.,0.00859248427669687));
#8644=CARTESIAN_POINT('',(-0.00482186380018902,-0.008,0.00877334697240266));
#8645=CARTESIAN_POINT('',(-0.00482186380018902,0.,0.00877334697240266));
#8646=CARTESIAN_POINT('',(-0.00511084462854791,-0.008,0.00900525301393264));
#8647=CARTESIAN_POINT('',(-0.00511084462854791,0.,0.00900525301393264));
#8648=CARTESIAN_POINT('',(-0.00539063590087733,-0.008,0.009184220538318));
#8649=CARTESIAN_POINT('',(-0.00539063590087733,0.,0.009184220538318));
#8650=CARTESIAN_POINT('',(-0.00554186403261205,-0.008,0.00926972184286243));
#8651=CARTESIAN_POINT('',(-0.00554186403261205,0.,0.00926972184286243));
#8652=CARTESIAN_POINT('',(-0.00435729154615812,0.,0.00821392279606466));
#8653=CARTESIAN_POINT('',(1.73427610234736E-17,-0.008,-4.36031894067385E-17));
#8654=CARTESIAN_POINT('',(-0.00395634377017577,-0.008,0.00808377040570744));
#8655=CARTESIAN_POINT('',(-0.00370678371835379,-0.008,0.00820120445211234));
#8656=CARTESIAN_POINT('',(-0.00383161099403043,-0.004,0.0084773829634065));
#8657=CARTESIAN_POINT('',(-0.00408957507040675,-0.004,0.0083559942832279));
#8658=CARTESIAN_POINT('',(-0.00725195662337874,-0.008,0.00581924758516169));
#8659=CARTESIAN_POINT('',(-0.00725195662337874,0.,0.00581924758516169));
#8660=CARTESIAN_POINT('',(-0.00731595625492148,-0.008,0.00587061997340792));
#8661=CARTESIAN_POINT('',(-0.00731595625492148,0.,0.00587061997340792));
#8662=CARTESIAN_POINT('',(-0.0073390567936273,-0.008,0.00588900825418642));
#8663=CARTESIAN_POINT('',(-0.0073390567936273,0.,0.00588900825418642));
#8664=CARTESIAN_POINT('',(-0.00738629170906018,-0.008,0.00593468630538731));
#8665=CARTESIAN_POINT('',(-0.00738629170906018,0.,0.00593468630538731));
#8666=CARTESIAN_POINT('',(-0.00746810931874867,-0.008,0.00602527699035968));
#8667=CARTESIAN_POINT('',(-0.00746810931874867,0.,0.00602527699035968));
#8668=CARTESIAN_POINT('',(-0.00757186454219401,-0.008,0.00616250491788921));
#8669=CARTESIAN_POINT('',(-0.00757186454219401,-1.73472347597681E-18,0.00616250491788921));
#8670=CARTESIAN_POINT('',(-0.00771441969957754,-0.008,0.00638041662468136));
#8671=CARTESIAN_POINT('',(-0.00771441969957754,1.73472347597681E-18,0.00638041662468136));
#8672=CARTESIAN_POINT('',(-0.00788806844003146,-0.008,0.00670773366700551));
#8673=CARTESIAN_POINT('',(-0.00788806844003146,0.,0.00670773366700551));
#8674=CARTESIAN_POINT('',(-0.00801143830111088,-0.008,0.00701610423666753));
#8675=CARTESIAN_POINT('',(-0.00801143830111088,0.,0.00701610423666753));
#8676=CARTESIAN_POINT('',(-0.00806708781635882,-0.008,0.00718067504926626));
#8677=CARTESIAN_POINT('',(-0.00806708781635882,0.,0.00718067504926626));
#8678=CARTESIAN_POINT('',(-0.00725195662309168,-0.008,0.00581924758493127));
#8679=CARTESIAN_POINT('',(-0.00777541117489685,-0.008,0.00509877420426382));
#8680=CARTESIAN_POINT('',(-0.00777541117489685,0.,0.00509877420426382));
#8681=CARTESIAN_POINT('',(-0.00784404619327652,-0.008,0.00514376652987333));
#8682=CARTESIAN_POINT('',(-0.00784404619327652,0.,0.00514376652987333));
#8683=CARTESIAN_POINT('',(-0.00786867294657369,-0.008,0.00516005415648152));
#8684=CARTESIAN_POINT('',(-0.00786867294657369,-3.46944695195361E-18,0.00516005415648152));
#8685=CARTESIAN_POINT('',(-0.00792671174641658,-0.008,0.00519086193650962));
#8686=CARTESIAN_POINT('',(-0.00792671174641658,3.46944695195361E-18,0.00519086193650962));
#8687=CARTESIAN_POINT('',(-0.00803815163950808,-0.008,0.005240681046163));
#8688=CARTESIAN_POINT('',(-0.00803815163950808,-3.46944695195361E-18,0.005240681046163));
#8689=CARTESIAN_POINT('',(-0.0082007252815025,-0.008,0.00529695236581089));
#8690=CARTESIAN_POINT('',(-0.0082007252815025,-1.73472347597681E-18,0.00529695236581089));
#8691=CARTESIAN_POINT('',(-0.00845202359649146,-0.008,0.00536519195649995));
#8692=CARTESIAN_POINT('',(-0.00845202359649146,3.46944695195361E-18,0.00536519195649995));
#8693=CARTESIAN_POINT('',(-0.00881698101434041,-0.008,0.00542919519402837));
#8694=CARTESIAN_POINT('',(-0.00881698101434041,-1.73472347597681E-18,0.00542919519402837));
#8695=CARTESIAN_POINT('',(-0.00914838223771826,-0.008,0.00545123515773176));
#8696=CARTESIAN_POINT('',(-0.00914838223771826,-1.73472347597681E-18,0.00545123515773176));
#8697=CARTESIAN_POINT('',(-0.00932209502737266,-0.008,0.00545330581396587));
#8698=CARTESIAN_POINT('',(-0.00932209502737266,-1.73472347597681E-18,0.00545330581396587));
#8699=CARTESIAN_POINT('',(-0.00777541117458901,0.,0.00509877420406202));
#8700=CARTESIAN_POINT('',(3.62035740345236E-17,-0.008,-2.98548273062164E-17));
#8701=CARTESIAN_POINT('',(-0.00736135656789922,-0.008,0.00517787885917072));
#8702=CARTESIAN_POINT('',(-0.00719923971073572,-0.008,0.00540101357037417));
#8703=CARTESIAN_POINT('',(-0.00744167669878674,-0.004,0.00558289464602047));
#8704=CARTESIAN_POINT('',(-0.00760925289945626,-0.004,0.00535224579311771));
#8705=CARTESIAN_POINT('',(-0.00557693504530168,-0.008,0.00743991349581854));
#8706=CARTESIAN_POINT('',(-0.00557693504530168,-1.73472347597681E-18,0.00743991349581854));
#8707=CARTESIAN_POINT('',(-0.00562614821729608,-0.008,0.00750558798716776));
#8708=CARTESIAN_POINT('',(-0.00562614821729608,0.,0.00750558798716776));
#8709=CARTESIAN_POINT('',(-0.00564395003062758,-0.008,0.00752914343665611));
#8710=CARTESIAN_POINT('',(-0.00564395003062758,-3.46944695195361E-18,0.00752914343665611));
#8711=CARTESIAN_POINT('',(-0.00567834130493413,-0.00799999999999999,0.00758513327367171));
#8712=CARTESIAN_POINT('',(-0.00567834130493413,5.20417042793042E-18,0.00758513327367171));
#8713=CARTESIAN_POINT('',(-0.00573505947673823,-0.008,0.00769322509781259));
#8714=CARTESIAN_POINT('',(-0.00573505947673823,-1.73472347597681E-18,0.00769322509781259));
#8715=CARTESIAN_POINT('',(-0.00580142784123334,-0.008,0.00785194463246566));
#8716=CARTESIAN_POINT('',(-0.00580142784123334,1.73472347597681E-18,0.00785194463246566));
#8717=CARTESIAN_POINT('',(-0.00588531192843303,-0.008,0.00809846226828182));
#8718=CARTESIAN_POINT('',(-0.00588531192843303,1.73472347597681E-18,0.00809846226828182));
#8719=CARTESIAN_POINT('',(-0.00597210473606516,-0.008,0.00845868072949724));
#8720=CARTESIAN_POINT('',(-0.00597210473606516,0.,0.00845868072949724));
#8721=CARTESIAN_POINT('',(-0.00601491006392327,-0.008,0.00878804410749084));
#8722=CARTESIAN_POINT('',(-0.00601491006392327,0.,0.00878804410749084));
#8723=CARTESIAN_POINT('',(-0.00602788415050158,-0.008,0.00896128409705505));
#8724=CARTESIAN_POINT('',(-0.00602788415050158,0.,0.00896128409705505));
#8725=CARTESIAN_POINT('',(-0.00557693504508095,-0.008,0.00743991349552397));
#8726=CARTESIAN_POINT('',(-0.00626311875331903,-0.008,0.00687225296439242));
#8727=CARTESIAN_POINT('',(-0.00626311875331903,0.,0.00687225296439242));
#8728=CARTESIAN_POINT('',(-0.00631840834000622,-0.008,0.0069329006083342));
#8729=CARTESIAN_POINT('',(-0.00631840834000622,0.,0.0069329006083342));
#8730=CARTESIAN_POINT('',(-0.00633821083053975,-0.008,0.00695480095370035));
#8731=CARTESIAN_POINT('',(-0.00633821083053975,1.73472347597681E-18,0.00695480095370035));
#8732=CARTESIAN_POINT('',(-0.00638676465142071,-0.008,0.00699907451325143));
#8733=CARTESIAN_POINT('',(-0.00638676465142071,1.73472347597681E-18,0.00699907451325143));
#8734=CARTESIAN_POINT('',(-0.00648231394658875,-0.008,0.00707504243840273));
#8735=CARTESIAN_POINT('',(-0.00648231394658875,1.73472347597681E-18,0.00707504243840273));
#8736=CARTESIAN_POINT('',(-0.00662578593053405,-0.008,0.00716997631175171));
#8737=CARTESIAN_POINT('',(-0.00662578593053405,-1.73472347597681E-18,0.00716997631175171));
#8738=CARTESIAN_POINT('',(-0.00685221875074374,-0.008,0.00729856737981478));
#8739=CARTESIAN_POINT('',(-0.00685221875074374,3.46944695195361E-18,0.00729856737981478));
#8740=CARTESIAN_POINT('',(-0.00718979340228206,-0.008,0.00745132105700734));
#8741=CARTESIAN_POINT('',(-0.00718979340228206,-1.73472347597681E-18,0.00745132105700734));
#8742=CARTESIAN_POINT('',(-0.00750530193073679,-0.008,0.00755508472757049));
#8743=CARTESIAN_POINT('',(-0.00750530193073679,-1.73472347597681E-18,0.00755508472757049));
#8744=CARTESIAN_POINT('',(-0.00767304226240349,-0.008,0.00760029094438956));
#8745=CARTESIAN_POINT('',(-0.00767304226240349,-1.73472347597681E-18,0.00760029094438956));
#8746=CARTESIAN_POINT('',(-0.00626311875307105,0.,0.0068722529641204));
#8747=CARTESIAN_POINT('',(2.76415785484041E-17,-0.008,-3.79203457488146E-17));
#8748=CARTESIAN_POINT('',(-0.00584239990549039,-0.008,0.0068459012076078));
#8749=CARTESIAN_POINT('',(-0.00562988490135498,-0.008,0.00702170890862725));
#8750=CARTESIAN_POINT('',(-0.00581947330143604,-0.004,0.00725816748302922));
#8751=CARTESIAN_POINT('',(-0.00603914482481353,-0.004,0.00707643939440999));
#8752=CARTESIAN_POINT('',(-0.00847131109597811,-0.008,0.00383293694703358));
#8753=CARTESIAN_POINT('',(-0.00847131109597811,-1.73472347597681E-18,0.00383293694703358));
#8754=CARTESIAN_POINT('',(-0.0085460758548452,-0.008,0.00386677931608888));
#8755=CARTESIAN_POINT('',(-0.0085460758548452,0.,0.00386677931608888));
#8756=CARTESIAN_POINT('',(-0.00857302362712062,-0.008,0.00387884502484885));
#8757=CARTESIAN_POINT('',(-0.00857302362712062,-3.46944695195361E-18,0.00387884502484885));
#8758=CARTESIAN_POINT('',(-0.00863013424022528,-0.008,0.00391134117028595));
#8759=CARTESIAN_POINT('',(-0.00863013424022528,1.73472347597681E-18,0.00391134117028595));
#8760=CARTESIAN_POINT('',(-0.00873191038647733,-0.008,0.00397873857018378));
#8761=CARTESIAN_POINT('',(-0.00873191038647733,-1.73472347597681E-18,0.00397873857018378));
#8762=CARTESIAN_POINT('',(-0.0088665331465988,-0.008,0.00408585235521407));
#8763=CARTESIAN_POINT('',(-0.0088665331465988,0.,0.00408585235521407));
#8764=CARTESIAN_POINT('',(-0.00905880210934658,-0.008,0.00426146593902127));
#8765=CARTESIAN_POINT('',(-0.00905880210934658,0.,0.00426146593902127));
#8766=CARTESIAN_POINT('',(-0.00930839579362415,-0.008,0.00453531502889708));
#8767=CARTESIAN_POINT('',(-0.00930839579362415,1.73472347597681E-18,0.00453531502889708));
#8768=CARTESIAN_POINT('',(-0.00950457840583072,-0.008,0.00480331673322793));
#8769=CARTESIAN_POINT('',(-0.00950457840583072,0.,0.00480331673322793));
#8770=CARTESIAN_POINT('',(-0.00959940668604061,-0.008,0.00494887777945655));
#8771=CARTESIAN_POINT('',(-0.00959940668604061,0.,0.00494887777945655));
#8772=CARTESIAN_POINT('',(-0.00847131109564277,-0.008,0.00383293694688179));
#8773=CARTESIAN_POINT('',(-0.00879914591639392,-0.008,0.00300492070890152));
#8774=CARTESIAN_POINT('',(-0.00879914591639392,0.,0.00300492070890152));
#8775=CARTESIAN_POINT('',(-0.00887681377583933,-0.008,0.0030314306828905));
#8776=CARTESIAN_POINT('',(-0.00887681377583933,0.,0.0030314306828905));
#8777=CARTESIAN_POINT('',(-0.00890471740241961,-0.008,0.00304108217925925));
#8778=CARTESIAN_POINT('',(-0.00890471740241961,0.,0.00304108217925925));
#8779=CARTESIAN_POINT('',(-0.00896859438997855,-0.008,0.00305648841364209));
#8780=CARTESIAN_POINT('',(-0.00896859438997855,1.73472347597681E-18,0.00305648841364209));
#8781=CARTESIAN_POINT('',(-0.00908892270266329,-0.008,0.00307702838991621));
#8782=CARTESIAN_POINT('',(-0.00908892270266329,0.,0.00307702838991621));
#8783=CARTESIAN_POINT('',(-0.00926038290287629,-0.008,0.00309110142189806));
#8784=CARTESIAN_POINT('',(-0.00926038290287629,-1.73472347597681E-18,0.00309110142189806));
#8785=CARTESIAN_POINT('',(-0.00952075671530324,-0.008,0.00309470179076246));
#8786=CARTESIAN_POINT('',(-0.00952075671530324,1.73472347597681E-18,0.00309470179076246));
#8787=CARTESIAN_POINT('',(-0.00989016528267992,-0.008,0.0030659330298254));
#8788=CARTESIAN_POINT('',(-0.00989016528267992,1.73472347597681E-18,0.0030659330298254));
#8789=CARTESIAN_POINT('',(-0.0102166360433074,-0.008,0.00300486443469223));
#8790=CARTESIAN_POINT('',(-0.0102166360433074,-1.73472347597681E-18,0.00300486443469223));
#8791=CARTESIAN_POINT('',(-0.0103854062775047,-0.008,0.00296366942339484));
#8792=CARTESIAN_POINT('',(-0.0103854062775047,-1.73472347597681E-18,0.00296366942339484));
#8793=CARTESIAN_POINT('',(-0.00879914591604556,0.,0.00300492070878261));
#8794=CARTESIAN_POINT('',(4.24907658166225E-17,-0.008,-1.99134202655943E-17));
#8795=CARTESIAN_POINT('',(-0.00841777212397129,-0.008,0.00318451133910556));
#8796=CARTESIAN_POINT('',(-0.00831623981213938,-0.008,0.00344095268595604));
#8797=CARTESIAN_POINT('',(-0.00859629218058024,-0.004,0.00355682800595202));
#8798=CARTESIAN_POINT('',(-0.00870124362955156,-0.004,0.00329175090446074));
#8799=CARTESIAN_POINT('',(-0.00915838193711431,-0.008,0.00160578878396733));
#8800=CARTESIAN_POINT('',(-0.00915838193711431,-1.73472347597681E-18,0.00160578878396733));
#8801=CARTESIAN_POINT('',(-0.00923921407854056,-0.008,0.00161997469332043));
#8802=CARTESIAN_POINT('',(-0.00923921407854056,0.,0.00161997469332043));
#8803=CARTESIAN_POINT('',(-0.00926831585674654,-0.008,0.0016249596972059));
#8804=CARTESIAN_POINT('',(-0.00926831585674654,-1.73472347597681E-18,0.0016249596972059));
#8805=CARTESIAN_POINT('',(-0.00933171369766352,-0.008,0.00164223208454895));
#8806=CARTESIAN_POINT('',(-0.00933171369766352,-1.73472347597681E-18,0.00164223208454895));
#8807=CARTESIAN_POINT('',(-0.00944705341090359,-0.008,0.00168220137286634));
#8808=CARTESIAN_POINT('',(-0.00944705341090359,-1.73472347597681E-18,0.00168220137286634));
#8809=CARTESIAN_POINT('',(-0.00960408486457491,-0.008,0.001752470662347));
#8810=CARTESIAN_POINT('',(-0.00960408486457491,0.,0.001752470662347));
#8811=CARTESIAN_POINT('',(-0.00983398666664167,-0.008,0.00187475167583706));
#8812=CARTESIAN_POINT('',(-0.00983398666664167,1.73472347597681E-18,0.00187475167583706));
#8813=CARTESIAN_POINT('',(-0.0101438424056186,-0.008,0.00207792586780115));
#8814=CARTESIAN_POINT('',(-0.0101438424056186,0.,0.00207792586780115));
#8815=CARTESIAN_POINT('',(-0.0104005108939176,-0.008,0.00228871917407635));
#8816=CARTESIAN_POINT('',(-0.0104005108939176,0.,0.00228871917407635));
#8817=CARTESIAN_POINT('',(-0.0105285595294902,-0.008,0.00240612431806427));
#8818=CARTESIAN_POINT('',(-0.0105285595294902,0.,0.00240612431806427));
#8819=CARTESIAN_POINT('',(-0.00915838193675175,-0.008,0.0016057887839037));
#8820=CARTESIAN_POINT('',(-0.00926999795896896,-0.008,0.000722256994073622));
#8821=CARTESIAN_POINT('',(-0.00926999795896896,0.,0.000722256994073622));
#8822=CARTESIAN_POINT('',(-0.00935181850222875,-0.008,0.000728618897279499));
#8823=CARTESIAN_POINT('',(-0.00935181850222875,0.,0.000728618897279499));
#8824=CARTESIAN_POINT('',(-0.00938124571461175,-0.008,0.000731027824396215));
#8825=CARTESIAN_POINT('',(-0.00938124571461175,-1.73472347597681E-18,0.000731027824396215));
#8826=CARTESIAN_POINT('',(-0.00944694726383525,-0.008,0.000730064482767382));
#8827=CARTESIAN_POINT('',(-0.00944694726383525,0.,0.000730064482767382));
#8828=CARTESIAN_POINT('',(-0.00956860332569071,-0.008,0.000720034723412162));
#8829=CARTESIAN_POINT('',(-0.00956860332569071,0.,0.000720034723412162));
#8830=CARTESIAN_POINT('',(-0.00973817660915639,-0.008,0.000691025207371575));
#8831=CARTESIAN_POINT('',(-0.00973817660915639,-1.73472347597681E-18,0.000691025207371575));
#8832=CARTESIAN_POINT('',(-0.00999126567479867,-0.008,0.00062976012999434));
#8833=CARTESIAN_POINT('',(-0.00999126567479867,1.73472347597681E-18,0.00062976012999434));
#8834=CARTESIAN_POINT('',(-0.0103419140928249,-0.008,0.000510027017645551));
#8835=CARTESIAN_POINT('',(-0.0103419140928249,-1.73472347597681E-18,0.000510027017645551));
#8836=CARTESIAN_POINT('',(-0.0106429410321369,-0.008,0.000369687028102646));
#8837=CARTESIAN_POINT('',(-0.0106429410321369,-1.73472347597681E-18,0.000369687028102646));
#8838=CARTESIAN_POINT('',(-0.0107961642563686,-0.008,0.000287814783338215));
#8839=CARTESIAN_POINT('',(-0.0107961642563686,-1.73472347597681E-18,0.000287814783338215));
#8840=CARTESIAN_POINT('',(-0.00926999795860197,0.,0.000722256994045088));
#8841=CARTESIAN_POINT('',(4.61081065123576E-17,-0.008,-8.72077979324814E-18));
#8842=CARTESIAN_POINT('',(-0.00894526809909395,-0.008,0.000991049259790952));
#8843=CARTESIAN_POINT('',(-0.00891069998115574,-0.008,0.00126468408934054));
#8844=CARTESIAN_POINT('',(-0.00921077100971674,-0.004,0.00130727278117122));
#8845=CARTESIAN_POINT('',(-0.00924650322146656,-0.004,0.00102442320026353));
#8846=CARTESIAN_POINT('',(-0.00926999795896896,-0.008,-0.000722256994073624));
#8847=CARTESIAN_POINT('',(-0.00926999795896896,0.,-0.000722256994073624));
#8848=CARTESIAN_POINT('',(-0.00935181850222875,-0.008,-0.000728618897279501));
#8849=CARTESIAN_POINT('',(-0.00935181850222875,0.,-0.000728618897279501));
#8850=CARTESIAN_POINT('',(-0.00938124571461175,-0.008,-0.000731027824396217));
#8851=CARTESIAN_POINT('',(-0.00938124571461175,-1.73472347597681E-18,-0.000731027824396217));
#8852=CARTESIAN_POINT('',(-0.00944694726383525,-0.008,-0.000730064482767384));
#8853=CARTESIAN_POINT('',(-0.00944694726383525,0.,-0.000730064482767384));
#8854=CARTESIAN_POINT('',(-0.00956860332569071,-0.008,-0.000720034723412163));
#8855=CARTESIAN_POINT('',(-0.00956860332569071,0.,-0.000720034723412163));
#8856=CARTESIAN_POINT('',(-0.00973817660915639,-0.008,-0.000691025207371577));
#8857=CARTESIAN_POINT('',(-0.00973817660915639,-1.73472347597681E-18,-0.000691025207371577));
#8858=CARTESIAN_POINT('',(-0.00999126567479867,-0.008,-0.000629760129994341));
#8859=CARTESIAN_POINT('',(-0.00999126567479867,1.73472347597681E-18,-0.000629760129994341));
#8860=CARTESIAN_POINT('',(-0.0103419140928249,-0.008,-0.000510027017645554));
#8861=CARTESIAN_POINT('',(-0.0103419140928249,-1.73472347597681E-18,-0.000510027017645554));
#8862=CARTESIAN_POINT('',(-0.0106429410321369,-0.008,-0.000369687028102648));
#8863=CARTESIAN_POINT('',(-0.0106429410321369,-1.73472347597681E-18,-0.000369687028102648));
#8864=CARTESIAN_POINT('',(-0.0107961642563686,-0.008,-0.000287814783338217));
#8865=CARTESIAN_POINT('',(-0.0107961642563686,-1.73472347597681E-18,-0.000287814783338217));
#8866=CARTESIAN_POINT('',(-0.00926999795860197,-0.008,-0.000722256994045089));
#8867=CARTESIAN_POINT('',(-0.00915838193711432,-0.008,-0.00160578878396733));
#8868=CARTESIAN_POINT('',(-0.00915838193711432,-1.73472347597681E-18,-0.00160578878396733));
#8869=CARTESIAN_POINT('',(-0.00923921407854057,-0.008,-0.00161997469332044));
#8870=CARTESIAN_POINT('',(-0.00923921407854057,-1.73472347597681E-18,-0.00161997469332044));
#8871=CARTESIAN_POINT('',(-0.00926831585674654,-0.008,-0.0016249596972059));
#8872=CARTESIAN_POINT('',(-0.00926831585674654,0.,-0.0016249596972059));
#8873=CARTESIAN_POINT('',(-0.00933171369766352,-0.008,-0.00164223208454895));
#8874=CARTESIAN_POINT('',(-0.00933171369766352,-1.73472347597681E-18,-0.00164223208454895));
#8875=CARTESIAN_POINT('',(-0.0094470534109036,-0.008,-0.00168220137286634));
#8876=CARTESIAN_POINT('',(-0.0094470534109036,-1.73472347597681E-18,-0.00168220137286634));
#8877=CARTESIAN_POINT('',(-0.0096040848645749,-0.008,-0.00175247066234701));
#8878=CARTESIAN_POINT('',(-0.0096040848645749,1.73472347597681E-18,-0.00175247066234701));
#8879=CARTESIAN_POINT('',(-0.00983398666664168,-0.008,-0.00187475167583707));
#8880=CARTESIAN_POINT('',(-0.00983398666664168,-1.73472347597681E-18,-0.00187475167583707));
#8881=CARTESIAN_POINT('',(-0.0101438424056186,-0.008,-0.00207792586780112));
#8882=CARTESIAN_POINT('',(-0.0101438424056186,0.,-0.00207792586780112));
#8883=CARTESIAN_POINT('',(-0.0104005108939176,-0.008,-0.00228871917407642));
#8884=CARTESIAN_POINT('',(-0.0104005108939176,0.,-0.00228871917407642));
#8885=CARTESIAN_POINT('',(-0.0105285595294902,-0.008,-0.00240612431806427));
#8886=CARTESIAN_POINT('',(-0.0105285595294902,0.,-0.00240612431806427));
#8887=CARTESIAN_POINT('',(-0.00915838193675176,0.,-0.00160578878390371));
#8888=CARTESIAN_POINT('',(4.68283053021674E-17,-0.008,3.01981934629234E-18));
#8889=CARTESIAN_POINT('',(-0.00891069998115574,-0.008,-0.00126468408934054));
#8890=CARTESIAN_POINT('',(-0.00894526809909395,-0.008,-0.000991049259790954));
#8891=CARTESIAN_POINT('',(-0.00924650322146656,-0.004,-0.00102442320026353));
#8892=CARTESIAN_POINT('',(-0.00921077100971675,-0.004,-0.00130727278117122));
#8893=CARTESIAN_POINT('',(-0.00879914591639391,-0.008,-0.00300492070890152));
#8894=CARTESIAN_POINT('',(-0.00879914591639391,0.,-0.00300492070890152));
#8895=CARTESIAN_POINT('',(-0.00887681377583932,-0.008,-0.0030314306828905));
#8896=CARTESIAN_POINT('',(-0.00887681377583932,0.,-0.0030314306828905));
#8897=CARTESIAN_POINT('',(-0.00890471740241961,-0.008,-0.00304108217925925));
#8898=CARTESIAN_POINT('',(-0.00890471740241961,0.,-0.00304108217925925));
#8899=CARTESIAN_POINT('',(-0.00896859438997854,-0.008,-0.0030564884136421));
#8900=CARTESIAN_POINT('',(-0.00896859438997854,0.,-0.0030564884136421));
#8901=CARTESIAN_POINT('',(-0.00908892270266328,-0.008,-0.00307702838991621));
#8902=CARTESIAN_POINT('',(-0.00908892270266328,0.,-0.00307702838991621));
#8903=CARTESIAN_POINT('',(-0.00926038290287629,-0.008,-0.00309110142189806));
#8904=CARTESIAN_POINT('',(-0.00926038290287629,-1.73472347597681E-18,-0.00309110142189806));
#8905=CARTESIAN_POINT('',(-0.00952075671530324,-0.008,-0.00309470179076246));
#8906=CARTESIAN_POINT('',(-0.00952075671530324,-1.73472347597681E-18,-0.00309470179076246));
#8907=CARTESIAN_POINT('',(-0.00989016528267992,-0.008,-0.00306593302982543));
#8908=CARTESIAN_POINT('',(-0.00989016528267992,-1.73472347597681E-18,-0.00306593302982543));
#8909=CARTESIAN_POINT('',(-0.0102166360433074,-0.008,-0.00300486443469216));
#8910=CARTESIAN_POINT('',(-0.0102166360433074,0.,-0.00300486443469216));
#8911=CARTESIAN_POINT('',(-0.0103854062775047,-0.008,-0.00296366942339484));
#8912=CARTESIAN_POINT('',(-0.0103854062775047,0.,-0.00296366942339484));
#8913=CARTESIAN_POINT('',(-0.00879914591604555,-0.008,-0.00300492070878261));
#8914=CARTESIAN_POINT('',(-0.00847131109597811,-0.008,-0.00383293694703358));
#8915=CARTESIAN_POINT('',(-0.00847131109597811,0.,-0.00383293694703358));
#8916=CARTESIAN_POINT('',(-0.00854607585484519,-0.008,-0.00386677931608888));
#8917=CARTESIAN_POINT('',(-0.00854607585484519,0.,-0.00386677931608888));
#8918=CARTESIAN_POINT('',(-0.00857302362712061,-0.008,-0.00387884502484884));
#8919=CARTESIAN_POINT('',(-0.00857302362712061,-1.73472347597681E-18,-0.00387884502484884));
#8920=CARTESIAN_POINT('',(-0.00863013424022529,-0.008,-0.00391134117028595));
#8921=CARTESIAN_POINT('',(-0.00863013424022529,3.46944695195361E-18,-0.00391134117028595));
#8922=CARTESIAN_POINT('',(-0.00873191038647732,-0.008,-0.00397873857018378));
#8923=CARTESIAN_POINT('',(-0.00873191038647732,0.,-0.00397873857018378));
#8924=CARTESIAN_POINT('',(-0.0088665331465988,-0.008,-0.00408585235521407));
#8925=CARTESIAN_POINT('',(-0.0088665331465988,-1.73472347597681E-18,-0.00408585235521407));
#8926=CARTESIAN_POINT('',(-0.00905880210934656,-0.008,-0.00426146593902127));
#8927=CARTESIAN_POINT('',(-0.00905880210934656,3.46944695195361E-18,-0.00426146593902127));
#8928=CARTESIAN_POINT('',(-0.00930839579362422,-0.008,-0.00453531502889708));
#8929=CARTESIAN_POINT('',(-0.00930839579362422,0.,-0.00453531502889708));
#8930=CARTESIAN_POINT('',(-0.00950457840583056,-0.008,-0.00480331673322793));
#8931=CARTESIAN_POINT('',(-0.00950457840583056,0.,-0.00480331673322793));
#8932=CARTESIAN_POINT('',(-0.00959940668604061,-0.008,-0.00494887777945655));
#8933=CARTESIAN_POINT('',(-0.00959940668604061,0.,-0.00494887777945655));
#8934=CARTESIAN_POINT('',(-0.00847131109564277,0.,-0.00383293694688179));
#8935=CARTESIAN_POINT('',(4.46061094473822E-17,-0.008,1.45706721301866E-17));
#8936=CARTESIAN_POINT('',(-0.00831623981213938,-0.008,-0.00344095268595604));
#8937=CARTESIAN_POINT('',(-0.00841777212397129,-0.008,-0.00318451133910556));
#8938=CARTESIAN_POINT('',(-0.00870124362955155,-0.004,-0.00329175090446074));
#8939=CARTESIAN_POINT('',(-0.00859629218058025,-0.004,-0.00355682800595202));
#8940=CARTESIAN_POINT('',(-0.00626311875331903,-0.008,-0.00687225296439242));
#8941=CARTESIAN_POINT('',(-0.00626311875331903,0.,-0.00687225296439242));
#8942=CARTESIAN_POINT('',(-0.00631840834000622,-0.008,-0.0069329006083342));
#8943=CARTESIAN_POINT('',(-0.00631840834000622,0.,-0.0069329006083342));
#8944=CARTESIAN_POINT('',(-0.00633821083053975,-0.008,-0.00695480095370035));
#8945=CARTESIAN_POINT('',(-0.00633821083053975,1.73472347597681E-18,-0.00695480095370035));
#8946=CARTESIAN_POINT('',(-0.00638676465142071,-0.008,-0.00699907451325143));
#8947=CARTESIAN_POINT('',(-0.00638676465142071,1.73472347597681E-18,-0.00699907451325143));
#8948=CARTESIAN_POINT('',(-0.00648231394658874,-0.008,-0.00707504243840273));
#8949=CARTESIAN_POINT('',(-0.00648231394658874,1.73472347597681E-18,-0.00707504243840273));
#8950=CARTESIAN_POINT('',(-0.00662578593053405,-0.008,-0.00716997631175171));
#8951=CARTESIAN_POINT('',(-0.00662578593053405,-1.73472347597681E-18,-0.00716997631175171));
#8952=CARTESIAN_POINT('',(-0.00685221875074372,-0.008,-0.00729856737981478));
#8953=CARTESIAN_POINT('',(-0.00685221875074372,3.46944695195361E-18,-0.00729856737981478));
#8954=CARTESIAN_POINT('',(-0.00718979340228214,-0.008,-0.00745132105700734));
#8955=CARTESIAN_POINT('',(-0.00718979340228214,-1.73472347597681E-18,-0.00745132105700734));
#8956=CARTESIAN_POINT('',(-0.00750530193073664,-0.008,-0.00755508472757049));
#8957=CARTESIAN_POINT('',(-0.00750530193073664,-1.73472347597681E-18,-0.00755508472757049));
#8958=CARTESIAN_POINT('',(-0.00767304226240349,-0.008,-0.00760029094438956));
#8959=CARTESIAN_POINT('',(-0.00767304226240349,-1.73472347597681E-18,-0.00760029094438956));
#8960=CARTESIAN_POINT('',(-0.00626311875307104,-0.008,-0.00687225296412039));
#8961=CARTESIAN_POINT('',(-0.00557693504530168,-0.008,-0.00743991349581854));
#8962=CARTESIAN_POINT('',(-0.00557693504530168,0.,-0.00743991349581854));
#8963=CARTESIAN_POINT('',(-0.00562614821729608,-0.008,-0.00750558798716776));
#8964=CARTESIAN_POINT('',(-0.00562614821729608,0.,-0.00750558798716776));
#8965=CARTESIAN_POINT('',(-0.00564395003062757,-0.008,-0.00752914343665611));
#8966=CARTESIAN_POINT('',(-0.00564395003062757,-1.73472347597681E-18,-0.00752914343665611));
#8967=CARTESIAN_POINT('',(-0.00567834130493412,-0.00799999999999999,-0.00758513327367171));
#8968=CARTESIAN_POINT('',(-0.00567834130493412,5.20417042793042E-18,-0.00758513327367171));
#8969=CARTESIAN_POINT('',(-0.00573505947673823,-0.008,-0.00769322509781259));
#8970=CARTESIAN_POINT('',(-0.00573505947673823,0.,-0.00769322509781259));
#8971=CARTESIAN_POINT('',(-0.00580142784123334,-0.008,-0.00785194463246566));
#8972=CARTESIAN_POINT('',(-0.00580142784123334,-1.73472347597681E-18,-0.00785194463246566));
#8973=CARTESIAN_POINT('',(-0.00588531192843303,-0.008,-0.00809846226828181));
#8974=CARTESIAN_POINT('',(-0.00588531192843303,3.46944695195361E-18,-0.00809846226828181));
#8975=CARTESIAN_POINT('',(-0.00597210473606516,-0.008,-0.00845868072949731));
#8976=CARTESIAN_POINT('',(-0.00597210473606516,0.,-0.00845868072949731));
#8977=CARTESIAN_POINT('',(-0.00601491006392327,-0.008,-0.00878804410749069));
#8978=CARTESIAN_POINT('',(-0.00601491006392327,0.,-0.00878804410749069));
#8979=CARTESIAN_POINT('',(-0.00602788415050158,-0.008,-0.00896128409705506));
#8980=CARTESIAN_POINT('',(-0.00602788415050158,0.,-0.00896128409705506));
#8981=CARTESIAN_POINT('',(-0.00557693504508095,0.,-0.00743991349552398));
#8982=CARTESIAN_POINT('',(3.20691568466599E-17,-0.008,3.4257534434071E-17));
#8983=CARTESIAN_POINT('',(-0.00562988490135497,-0.008,-0.00702170890862725));
#8984=CARTESIAN_POINT('',(-0.00584239990549039,-0.008,-0.0068459012076078));
#8985=CARTESIAN_POINT('',(-0.00603914482481353,-0.004,-0.00707643939440999));
#8986=CARTESIAN_POINT('',(-0.00581947330143604,-0.004,-0.00725816748302923));
#8987=CARTESIAN_POINT('',(-0.00777541117489685,-0.008,-0.00509877420426381));
#8988=CARTESIAN_POINT('',(-0.00777541117489685,0.,-0.00509877420426381));
#8989=CARTESIAN_POINT('',(-0.00784404619327652,-0.008,-0.00514376652987332));
#8990=CARTESIAN_POINT('',(-0.00784404619327652,0.,-0.00514376652987332));
#8991=CARTESIAN_POINT('',(-0.00786867294657369,-0.008,-0.00516005415648152));
#8992=CARTESIAN_POINT('',(-0.00786867294657369,0.,-0.00516005415648152));
#8993=CARTESIAN_POINT('',(-0.00792671174641658,-0.008,-0.0051908619365096));
#8994=CARTESIAN_POINT('',(-0.00792671174641658,-1.73472347597681E-18,-0.0051908619365096));
#8995=CARTESIAN_POINT('',(-0.00803815163950808,-0.008,-0.00524068104616301));
#8996=CARTESIAN_POINT('',(-0.00803815163950808,0.,-0.00524068104616301));
#8997=CARTESIAN_POINT('',(-0.00820072528150249,-0.008,-0.00529695236581089));
#8998=CARTESIAN_POINT('',(-0.00820072528150249,0.,-0.00529695236581089));
#8999=CARTESIAN_POINT('',(-0.00845202359649148,-0.008,-0.00536519195649994));
#9000=CARTESIAN_POINT('',(-0.00845202359649148,1.73472347597681E-18,-0.00536519195649994));
#9001=CARTESIAN_POINT('',(-0.0088169810143404,-0.008,-0.00542919519402838));
#9002=CARTESIAN_POINT('',(-0.0088169810143404,1.73472347597681E-18,-0.00542919519402838));
#9003=CARTESIAN_POINT('',(-0.00914838223771826,-0.008,-0.00545123515773175));
#9004=CARTESIAN_POINT('',(-0.00914838223771826,-1.73472347597681E-18,-0.00545123515773175));
#9005=CARTESIAN_POINT('',(-0.00932209502737266,-0.008,-0.00545330581396586));
#9006=CARTESIAN_POINT('',(-0.00932209502737266,-1.73472347597681E-18,-0.00545330581396586));
#9007=CARTESIAN_POINT('',(-0.007775411174589,-0.008,-0.00509877420406201));
#9008=CARTESIAN_POINT('',(-0.00725195662337874,-0.008,-0.00581924758516169));
#9009=CARTESIAN_POINT('',(-0.00725195662337874,0.,-0.00581924758516169));
#9010=CARTESIAN_POINT('',(-0.00731595625492149,-0.008,-0.00587061997340792));
#9011=CARTESIAN_POINT('',(-0.00731595625492149,0.,-0.00587061997340792));
#9012=CARTESIAN_POINT('',(-0.0073390567936273,-0.008,-0.00588900825418642));
#9013=CARTESIAN_POINT('',(-0.0073390567936273,-3.46944695195361E-18,-0.00588900825418642));
#9014=CARTESIAN_POINT('',(-0.00738629170906019,-0.008,-0.00593468630538729));
#9015=CARTESIAN_POINT('',(-0.00738629170906019,3.46944695195361E-18,-0.00593468630538729));
#9016=CARTESIAN_POINT('',(-0.00746810931874867,-0.008,-0.0060252769903597));
#9017=CARTESIAN_POINT('',(-0.00746810931874867,0.,-0.0060252769903597));
#9018=CARTESIAN_POINT('',(-0.00757186454219403,-0.008,-0.0061625049178892));
#9019=CARTESIAN_POINT('',(-0.00757186454219403,-1.73472347597681E-18,-0.0061625049178892));
#9020=CARTESIAN_POINT('',(-0.00771441969957753,-0.008,-0.00638041662468136));
#9021=CARTESIAN_POINT('',(-0.00771441969957753,1.73472347597681E-18,-0.00638041662468136));
#9022=CARTESIAN_POINT('',(-0.00788806844003154,-0.008,-0.00670773366700558));
#9023=CARTESIAN_POINT('',(-0.00788806844003154,1.73472347597681E-18,-0.00670773366700558));
#9024=CARTESIAN_POINT('',(-0.00801143830111073,-0.008,-0.00701610423666738));
#9025=CARTESIAN_POINT('',(-0.00801143830111073,-1.73472347597681E-18,-0.00701610423666738));
#9026=CARTESIAN_POINT('',(-0.00806708781635883,-0.008,-0.00718067504926626));
#9027=CARTESIAN_POINT('',(-0.00806708781635883,-1.73472347597681E-18,-0.00718067504926626));
#9028=CARTESIAN_POINT('',(-0.00725195662309169,0.,-0.00581924758493127));
#9029=CARTESIAN_POINT('',(3.9581147686223E-17,-0.008,2.52059959969576E-17));
#9030=CARTESIAN_POINT('',(-0.00719923971073572,-0.008,-0.00540101357037417));
#9031=CARTESIAN_POINT('',(-0.00736135656789922,-0.008,-0.00517787885917071));
#9032=CARTESIAN_POINT('',(-0.00760925289945626,-0.004,-0.00535224579311771));
#9033=CARTESIAN_POINT('',(-0.00744167669878675,-0.004,-0.00558289464602047));
#9034=CARTESIAN_POINT('',(0.,0.003,1.50019232895551E-19));
#9035=CARTESIAN_POINT('',(0.,0.003,1.50019232895551E-19));
#9036=CARTESIAN_POINT('',(0.,0.003,0.00245));
#9037=CARTESIAN_POINT('',(0.,0.,1.50019232895551E-19));
#9038=CARTESIAN_POINT('',(0.,0.,0.00245));
#9039=CARTESIAN_POINT('',(-2.64469829936963E-5,0.003,0.));
#9040=CARTESIAN_POINT('',(0.,0.003,4.59242549680257E-19));
#9041=CARTESIAN_POINT('',(0.,0.003,0.0035));
#9042=CARTESIAN_POINT('',(0.,0.,0.));
#9043=CARTESIAN_POINT('',(0.,-0.001,4.59242549680257E-19));
#9044=CARTESIAN_POINT('',(-2.64469829936963E-5,-0.005,0.));
#9045=CARTESIAN_POINT('',(0.,-0.005,2.37275317334799E-19));
#9046=CARTESIAN_POINT('',(0.,-0.005,-0.003));
#9047=CARTESIAN_POINT('',(0.,-0.005,2.37275317334799E-19));
#9048=MECHANICAL_DESIGN_GEOMETRIC_PRESENTATION_REPRESENTATION('',(#2957),
#9049);
#9049=(
GEOMETRIC_REPRESENTATION_CONTEXT(3)
GLOBAL_UNCERTAINTY_ASSIGNED_CONTEXT((#9050))
GLOBAL_UNIT_ASSIGNED_CONTEXT((#9053,#9052,#9051))
REPRESENTATION_CONTEXT('Spur gear (25 teeth)','TOP_LEVEL_ASSEMBLY_PART')
);
#9050=UNCERTAINTY_MEASURE_WITH_UNIT(LENGTH_MEASURE(2.E-5),#9053,
'DISTANCE_ACCURACY_VALUE','Maximum Tolerance applied to model');
#9051=(
NAMED_UNIT(*)
SI_UNIT($,.STERADIAN.)
SOLID_ANGLE_UNIT()
);
#9052=(
NAMED_UNIT(*)
PLANE_ANGLE_UNIT()
SI_UNIT($,.RADIAN.)
);
#9053=(
LENGTH_UNIT()
NAMED_UNIT(*)
SI_UNIT($,.METRE.)
);
#9054=PRODUCT_DEFINITION_SHAPE('','',#9055);
#9055=PRODUCT_DEFINITION('','',#9057,#9056);
#9056=PRODUCT_DEFINITION_CONTEXT('',#9063,'design');
#9057=PRODUCT_DEFINITION_FORMATION_WITH_SPECIFIED_SOURCE('','',#9059,
 .NOT_KNOWN.);
#9058=PRODUCT_RELATED_PRODUCT_CATEGORY('','',(#9059));
#9059=PRODUCT('Spur gear (25 teeth)','Spur gear (25 teeth)',
'Spur gear (25 teeth)',(#9061));
#9060=PRODUCT_CATEGORY('','');
#9061=PRODUCT_CONTEXT('',#9063,'mechanical');
#9062=APPLICATION_PROTOCOL_DEFINITION('international standard',
'ap242_managed_model_based_3d_engineering',2011,#9063);
#9063=APPLICATION_CONTEXT('managed model based 3d engineering');
ENDSEC;
END-ISO-10303-21;
